eDepTot_keV
0
0
0
0
0
1000
0
447,699
0
0
0
0
0
0
0
0
0
322,919
0
0
0
0
0
0
0
0
0
0
0
748,16
0
0
0
1000
0
0
0
0
0
0
0
0
0
1000
0
0
0
770,363
679,971
0
0
0
0
0
454,619
502,647
0
0
0
0
0
0
0
706,198
0
0
0
0
45,5221
1000
9,02077
0
0
0
761,512
0
0
781,948
0
0
0
224,069
0
0
0
0
0
0
0
0
0
0
0
0
0
0
0
0
0
0
0
0
0
0
0
1000
1000
0
0
0
0
0
1000
0
0
0
26,631
0
0
0
1000
0
435,199
0
0
0
0
0
13,4439
0
0
0
0
0
1000
0
0
0
0
0
0
0
82,3182
0
0
0
0
513,568
0
0
0
0
0
0
0
0
403,117
0
0
570,372
0
0
607,951
0
0
0
0
0
0
0
237,416
504,996
1000
0
0
1000
0
0
0
1000
0
0
0
0
0
0
0
0
525,306
0
0
0
0
1000
62,9904
0
0
0
347,657
0
0
0
0
0
1000
0
0
0
0
0
0
0
0
0
0
577,114
0
0
0
0
1000
0
0
0
0
0
0
0
0
0
0
0
0
0
774,857
0
0
297,45
0
0
0
53,8024
0
0
0
0
0
0
0
0
466,144
676,881
0
0
0
0
0
0
0
0
0
0
0
0
0
0
0
0
606,983
0
703,915
0
0
0
0
0
0
0
0
0
0
0
589,121
0
0
102,934
0
0
0
724,584
0
232,522
1000
0
0
0
1000
0
0
0
0
0
0
0
0
0
0
0
0
0
1000
0
0
0
0
0
0
0
0
152,949
0
0
0
0
0
1000
0
0
0
0
0
0
0
0
673,174
689,586
0
510,129
0
0
0
0
0
0
0
0
0
0
0
0
0
0
0
150,361
0
0
0
0
0
0
0
0
0
0
312,707
0
0
254,153
0
0
0
0
0
0
0
0
0
0
0
0
0
1000
731,899
0
633,754
0
0
0
0
0
525,391
0
0
0
0
0
0
0
0
217,227
0
0
0
0
0
0
0
414,566
0
0
0
0
0
0
0
0
448,546
0
267,779
0
0
0
0
0
0
0
0
0
0
0
0
0
0
791,883
0
0
0
0
0
0
0
235,57
0
0
0
0
0
731,206
0
0
0
0
1000
0
668,167
0
0
0
0
0
0
0
0
0
0
0
0
0
0
23,8497
0
0
0
303,215
0
0
0
0
0
0
0
0
0
590,778
123,243
0
0
0
0
0
0
0
413,55
502,522
0
0
0
0
0
0
10,2186
0
460,289
0
1000
0
263,749
0
349,298
0
0
0
0
0
0
624,526
54,2975
0
0
838,078
0
0
0
0
0
221,624
0
0
0
0
0
750,998
256,611
1000
0
0
0
0
420,437
0
0
0
346,81
0
0
0
0
0
0
208
0
0
0
0
0
0
0
0
1000
0
0
0
0
0
0
0
0
0
0
0
0
0
0
0
0
0
0
0
373,207
0
0
0
0
1000
0
0
877,992
0
0
0
0
0
0
0
16,5748
108,692
0
0
0
0
1000
0
0
0
746,363
0
0
0
0
0
0
0
0
0
0
0
0
0
0
0
0
416,456
0
0
0
0
0
45,4042
0
0
0
0
0
0
0
0
847,15
323,352
0
682,653
67,2922
0
0
0
0
0
0
800,45
0
0
0
17,3685
0
0
0
0
0
0
0
0
0
0
251,489
0
1000
0
307,149
0
0
0
774,98
0
0
0
0
0
0
0
0
0
0
0
0
0
0
0
0
0
0
0
0
367,725
0
0
0
0
284,26
0
0
1000
29,5009
0
0
206,496
0
0
0
0
0
0
0
0
0
0
0
0
302,595
186,261
1000
0
0
0
0
0
0
0
0
1000
0
0
0
0
0
1000
0
0
0
570,542
328,184
0
0
0
0
1000
0
681,467
0
0
0
0
239,937
0
0
0
180,467
0
0
0
0
0
0
0
0
0
0
0
0
0
0
0
0
0
0
0
0
0
0
0
0
487,307
0
0
433,668
0
0
0
0
530,275
615,601
0
0
0
0
0
0
23,8965
0
0
1000
0
0
1000
0
0
279,497
0
0
0
0
0
389,913
0
1000
0
0
0
0
120,095
0
0
0
129,349
0
0
0
240,082
0
0
431,933
0
0
0
0
0
0
0
0
0
0
0
0
0
1000
0
0
0
0
0
0
0
0
404,352
0
0
0
0
0
0
0
0
1000
0
0
274,652
0
314,003
0
478,93
0
0
0
0
0
0
0
0
0
837,837
0
0
0
0
0
0
0
0
214,625
0
0
0
0
0
0
0
0
498,015
0
0
0
0
499,907
0
0
0
0
0
0
0
0
1000
140,229
0
0
0
0
0
0
0
0
0
0
0
790,023
0
0
0
254,975
0
0
0
1000
774,817
0
0
0
1000
0
0
0
0
0
282,884
0
0
0
0
0
0
0
0
1000
0
0
0
0
785,305
0
0
0
0
0
0
101,453
0
0
0
0
0
0
0
0
0
668,332
722,714
0
0
0
0
0
0
0
0
0
0
0
0
749,226
1000
0
0
0
0
0
604,067
1000
0
0
0
0
0
0
0
0
0
0
0
48,0299
541,219
0
562,349
0
0
114,893
787,85
0
0
0
0
0
0
0
0
0
0
0
0
0
0
0
0
0
0
0
337,518
0
0
0
0
0
0
0
0
0
0
0
0
0
0
0
0
0
0
0
0
0
0
74,5447
0
1000
0
0
0
0
783,142
0
0
0
0
0
0
0
0
0
0
0
0
1000
0
0
0
0
0
0
0
0
0
0
0
0
0
0
0
0
0
442,299
0
0
0
0
0
0
0
0
0
0
0
0
113,181
0
0
0
170,804
0
0
0
0
0
0
0
0
181,34
0
0
0
0
0
0
791,825
0
0
881,115
1000
0
1000
453,21
0
0
0
0
0
0
88,0322
0
0
0
0
0
789,932
0
0
0
0
1000
0
0
719,98
0
0
511,155
0
0
0
0
263,563
0
0
0
0
0
0
0
0
34,5979
1000
0
0
0
0
0
0
0
0
0
0
0
0
0
0
0
0
0
0
0
1000
0
1000
496,802
0
0
0
0
0
0
0
1000
0
532,478
0
0
0
0
0
0
0
0
790,381
0
0
0
0
0
215,631
0
0
0
0
23,3461
0
0
0
0
1000
0
0
0
0
0
0
0
0
0
0
0
448,983
0
0
0
0
0
0
560,998
0
0
0
0
0
0
0
0
0
0
0
0
0
0
0
0
0
0
0
0
610,121
0
0
0
0
0
0
0
0
0
0
0
0
0
0
0
0
0
0
0
0
257,425
800,119
0
1000
0
0
0
0
0
0
0
0
0
0
0
401,21
0
391,687
0
0
0
0
0
0
0
0
0
0
0
0
0
0
0
0
0
0
1000
612,891
0
0
0
0
0
0
0
0
0
0
0
0
0
0
0
0
0
0
73,9787
0
0
0
0
0
0
0
0
0
0
1000
0
0
0
0
0
1000
0
378,44
0
0
0
0
0
0
460,377
0
0
0
0
0
0
0
0
0
0
0
0
0
0
0
539,037
0
0
0
0
0
0
0
0
0
0
0
0
190,312
0
1000
0
0
1000
0
0
0
754,502
0
0
0
0
0
0
0
0
0
0
0
0
0
1000
0
1000
0
0
0
0
0
0
0
0
826,106
0
0
0
0
789,284
0
0
0
0
0
0
772,214
0
0
229,636
0
0
440,541
1000
0
0
0
0
0
0
258,459
26,183
0
793,775
0
0
0
0
0
0
702,799
0
0
0
770,507
0
0
0
402,828
0
0
1000
0
0
0
0
0
0
0
0
0
84,5194
0
43,0326
0
0
0
1000
0
0
1000
0
0
0
0
0
0
1000
0
0
0
0
0
0
0
731,422
1000
0
720,36
0
0
0
0
0
0
0
0
390,372
0
860,627
0
0
0
0
0
0
0
0
0
360,344
0
0
0
0
0
0
0
0
0
0
0
0
0
0
0
0
0
0
0
0
34,8357
0
0
166,003
0
0
540,627
0
0
0
0
472,662
0
0
0
0
0
791,945
0
0
0
0
0
0
0
537,827
69,6604
0
0
0
0
0
0
0
0
0
0
0
130,161
836,016
0
1000
0
0
0
0
0
0
0
0
0
0
0
0
0
0
0
1000
0
0
0
764,935
0
0
0
0
471,662
0
0
0
0
0
325,191
0
0
0
0
0
0
1000
0
0
0
9,56624
0
0
0
0
0
0
0
0
0
0
0
0
0
0
0
0
0
0
0
0
46,6374
172,673
0
417,699
747,805
0
0
0
0
0
0
0
0
0
575,898
0
0
0
0
0
0
0
0
0
0
0
0
0
1000
0
0
0
0
0
0
0
0
0
0
0
0
0
0
0
0
0
0
0
0
0
0
0
0
0
0
0
0
0
0
0
0
0
0
0
0
0
0
35,7663
0
0
0
0
780,774
0
0
0
0
0
1000
0
0
0
0
0
0
0
0
0
0
0
121,845
0
0
0
0
135,531
0
0
0
0
0
0
1000
0
0
0
0
354,529
0
0
0
0
0
0
0
0
0
0
0
0
0
0
0
0
1000
0
0
0
0
580,937
0
0
0
0
575,917
0
0
0
0
0
835,345
0
0
0
0
0
0
0
0
0
0
1000
1000
0
0
0
0
0
0
0
0
0
0
0
0
0
0
0
705,765
0
113,52
0
0
0
37,4972
420,011
0
0
0
0
0
0
0
0
0
0
0
0
0
0
0
0
0
0
0
0
0
0
0
0
704,147
492,491
0
0
0
0
0
0
0
0
0
0
0
0
0
0
0
0
0
0
0
0
0
69,8122
0
288,861
0
392,895
710,857
594,061
0
0
0
0
0
0
0
0
0
377,529
20,2933
1000
0
0
0
334,258
0
0
0
0
0
0
0
0
0
0
0
0
0
0
0
777,504
0
186,767
0
0
217,891
0
0
340,988
0
0
0
783,916
0
0
0
528,017
0
0
0
0
0
0
1000
0
0
0
0
0
0
0
0
0
0
0
1000
496,812
0
0
0
0
759,286
1,34881
0
0
1000
0
0
0
0
766,849
0
1000
0
0
0
0
147,037
0
145,48
0
782,749
0
0
0
0
0
1000
0
42,4322
0
0
839,041
567,035
0
0
0
0
0
0
0
0
0
0
0
0
0
0
581,184
93,7828
0
0
0
0
0
0
0
0
0
0
0
190,367
0
0
0
0
0
0
791,796
0
0
0
0
0
0
0
167,07
0
0
0
0
0
1000
0
455,743
0
0
0
0
101,147
0
78,2144
0
0
0
0
0
0
0
0
0
0
0
0
0
0
0
0
0
0
0
0
1000
0
0
0
603,283
0
0
91,8361
0
0
0
0
1000
0
0
0
0
0
0
0
324,748
0
0
0
0
0
399,376
0
0
0
0
1000
0
0
0
0
0
0
0
0
0
0
0
0
0
0
0
0
0
0
0
0
0
0
0
119,726
0
0
0
0
0
727,658
0
0
786,515
61,9337
1000
0
0
0
1000
0
39,7708
0
321,92
736,475
0
0
0
0
0
0
0
1000
0
0
0
165,822
471,074
0
481,048
0
0
0
0
48,2479
0
0
0
0
0
0
0
0
0
0
0
0
0
0
0
0
0
33,5023
0
0
0
80,5225
0
0
757,015
0
0
0
0
0
0
133,213
0
0
0
1000
0
0
0
0
0
626,579
0
1000
0
0
0
0
248,199
0
0
0
0
0
0
145,668
0
0
0
0
0
0
0
0
0
0
0
0
658,094
0
0
0
0
0
212,635
0
0
568,368
122,569
221,518
358,147
0
396,488
0
9,53028
0
0
0
0
221,606
0
0
0
0
0
0
0
0
0
0
0
0
0
0
0
0
0
0
0
0
0
0
1000
0
0
0
0
0
0
0
0
0
0
0
0
793,863
0
0
0
0
0
0
0
0
0
0
0
0
0
0
370,136
0
0
737,731
661,595
0
0
0
0
0
0
0
1000
0
0
0
0
0
0
94,3178
0
0
1000
0
0
0
0
0
0
0
0
0
0
0
0
0
0
0
407,035
0
0
0
0
0
0
0
0
0
0
0
0
498,883
0
0
0
0
0
0
0
0
0
0
1000
0
0
0
0
0
0
1000
0
4,82745
0
0
0
0
0
0
186,923
0
13,1718
0
0
0
0
0
0
466,481
0
0
0
0
0
0
91,5256
0
0
0
0
0
0
0
1000
0
245,258
0
0
0
0
0
0
0
738,626
0
0
0
0
0
356,798
0
0
446,577
558,313
0
0
126,418
0
208,249
0
0
0
1000
0
0
0
0
188,108
0
0
0
0
0
0
0
0
0
0
0
352,969
1000
0
31,2192
0
1000
0
0
0
0
0
0
0
0
0
0
1000
0
0
0
0
0
0
0
0
0
0
0
0
0
0
0
0
0
222,608
0
0
0
0
0
0
0
0
0
0
0
0
291,725
0
0
0
0
0
0
1000
0
0
0
0
0
0
0
0
0
0
0
766,896
0
0
0
790,658
0
493,496
709,334
0
0
352,402
0
1000
0
0
374,589
0
252,995
0
0
391,991
0
0
623,057
0
0
0
0
0
471,764
0
0
516,988
438,511
0
0
0
0
0
0
0
0
0
752,281
0
0
0
0
0
610,356
0
0
1000
0
0
0
0
1000
23,2534
0
0
0
0
0
0
0
0
0
0
0
0
0
700,396
0
734,714
0
458,564
0
0
0
0
0
0
0
0
0
0
0
0
0
0
0
0
0
0
697,166
0
0
0
0
0
0
0
0
4,99934
1000
0
0
0
0
0
0
0
1000
1000
0
0
0
0
58,3878
0
0
0
1000
0
0
0
0
0
0
0
0
0
0
0
0
524,02
33,0918
518,316
0
0
0
0
0
0
0
736,821
0
0
0
0
0
0
0
0
0
0
0
0
0
0
13,4701
728,391
0
0
0
0
1000
0
258,327
0
0
0
0
0
0
0
1000
794,666
0
0
0
0
299,556
1000
0
78,9563
0
0
0
0
0
0
0
0
0
0
0
0
0
0
0
0
0
0
0
0
0
0
0
0
0
0
0
0
0
0
0
0
0
0
0
0
1000
0
0
0
768,348
0
1000
696,342
0
0
0
0
0
0
0
0
0
0
0
491,872
333,818
0
0
0
77,3412
0
0
0
0
0
1000
281,874
0
0
0
1000
0
0
0
1000
0
0
0
0
0
0
0
0
0
0
0
0
0
0
9,18251
0
0
0
0
170,009
0
0
1000
0
0
0
0
0
0
0
0
159,86
794,771
0
0
0
0
0
0
0
0
0
0
0
0
0
0
0
0
0
0
0
0
0
832,033
741,259
0
0
0
0
0
0
0
0
0
1000
405,471
0
0
0
0
0
0
0
0
0
316,553
0
0
0
0
0
0
0
0
0
278,39
223,652
0
0
0
0
0
0
7,22317
0
0
0
0
0
0
0
1000
0
0
0
0
0
0
0
154,758
0
0
1000
0
0
0
0
0
683,493
0
0
0
0
831,397
0
698,896
538,112
0
831,51
0
0
0
0
0
0
0
0
0
0
1000
0
608,51
76,3319
485,395
0
0
1000
0
0
0
0
0
0
272,569
0
0
0
0
0
0
1000
0
0
0
0
0
0
0
0
0
0
0
1000
0
0
425,31
0
0
0
0
0
0
394,387
1000
0
0
0
794,326
0
0
0
0
0
0
0
0
0
0
0
0
0
1000
0
1000
0
0
0
443,958
74,3392
0
0
0
0
0
0
0
355,339
0
0
0
0
0
0
0
0
0
0
0
0
0
0
0
0
40,6353
1000
0
0
0
0
0
0
74,6036
0
0
0
0
0
0
0
1000
0
0
0
0
0
0
0
0
0
0
0
0
0
0
0
576,413
0
0
0
0
0
0
0
0
0
0
0
0
0
0
0
0
0
0
760,685
0
0
0
0
0
0
0
0
0
0
0
0
690,9
0
0
167,882
434,531
0
40,016
0
0
0
0
0
0
0
0
0
0
0
100,157
0
0
0
0
0
417,267
0
0
0
0
0
0
0
0
0
0
0
1000
398,427
0
0
0
0
0
0
0
1000
0
1000
414,22
1000
182,537
1000
0
0
0
0
0
0
0
0
0
0
0
0
0
0
0
0
0
0
0
0
0
0
0
0
0
0
0
0
0
1000
0
0
0
0
0
365,724
0
0
0
0
295,828
0
0
0
0
0
0
81,77
0
761,711
0
0
546,848
0
0
0
0
0
0
0
0
0
0
56,0592
0
0
0
0
0
0
0
0
0
0
0
0
0
0
0
0
0
0
514,131
0
0
0
0
0
0
0
0
0
0
0
1000
1000
0
1000
0
0
0
760,998
119,22
0
0
434,86
0
0
114,701
0
0
0
0
0
0
756,055
0
0
0
0
0
0
0
0
51,6876
0
0
0
0
0
0
0
0
0
0
0
0
0
0
0
0
0
0
0
0
0
0
0
0
0
0
0
0
0
0
748,364
0
0
0
0
0
0
0
0
0
223,564
0
0
0
0
0
0
0
0
0
0
0
0
0
0
0
784,835
0
0
0
0
0
0
0
0
0
0
0
398,258
1000
0
0
0
0
0
0
0
0
0
0
0
0
0
0
0
0
0
0
0
0
0
0
0
0
0
286,804
273,982
0
0
0
1000
0
1000
0
0
0
420,525
612,234
0
85,2894
0
0
0
0
0
0
0
0
0
0
0
0
0
0
0
0
0
0
0
0
0
0
1000
1000
0
0
0
0
0
0
0
0
0
0
1000
0
174,17
0
0
0
0
0
0
0
0
0
0
0
1000
0
524,453
0
0
0
0
0
0
0
0
0
0
0
0
0
0
0
0
0
0
614,177
0
0
219,416
0
0
520,514
0
0
0
784,771
0
0
0
1000
0
0
0
0
419,8
0
0
0
0
223,345
0
0
293,269
0
0
794,685
0
0
0
0
0
0
0
0
0
0
0
0
0
0
0
0
484,614
550,569
0
0
0
0
0
0
0
0
0
0
0
0
0
0
354,163
0
0
0
0
0
352,401
0
0
0
564,322
0
0
0
0
177,373
1000
9,45367
0
0
0
0
0
0
0
0
0
0
328,915
0
0
0
0
739,055
0
0
316,754
0
0
0
0
0
0
0
0
0
0
0
0
0
169,049
0
0
0
0
342,464
0
0
565,538
0
0
772,43
537,806
0
0
132,951
0
0
0
0
0
0
0
0
0
32,7176
0
0
0
0
0
0
0
0
0
0
19,2704
1,83327
0
0
0
0
0
127,814
0
0
0
31,923
444,484
0
0
772,521
360,961
0
0
0
0
0
0
0
0
0
0
0
0
0
0
0
0
0
0
0
0
0
0
0
1000
0
0
0
0
0
0
0
0
0
0
0
0
0
0
0
1000
0
0
0
0
1000
0
0
765,473
0
0
53,8183
491,208
0
0
0
716,523
0
0
0
0
0
0
0
0
0
36,5043
0
0
0
216,967
0
0
0
0
306,011
0
0
0
0
0
0
1000
0
0
0
0
0
794,138
0
0
0
0
0
0
228,489
0
0
0
0
0
0
0
0
0
0
0
0
766,962
0
0
1000
0
0
0
0
0
0
0
365,566
0
0
0
0
0
0
0
0
0
0
0
0
0
0
0
0
0
741,521
0
1000
0
0
0
1000
0
0
0
1000
24,0958
0
0
0
0
0
0
629,782
0
0
0
0
0
0
0
0
0
0
123,374
0
0
0
0
152,721
210,536
0
0
32,9161
1000
0
317,843
409,128
0
0
0
0
0
0
0
0
0
0
555,342
0
0
0
0
0
0
0
397,282
1000
0
0
0
0
0
0
0
0
0
0
0
0
0
0
0
0
0
0
0
0
785,987
0
0
0
0
421,368
0
0
0
0
0
0
0
0
0
107,825
0
0
0
0
0
0
0
0
600,755
0
0
356,7
0
0
0
0
0
0
356,753
0
0
0
0
0
0
0
0
0
0
0
0
0
731,103
0
0
0
791,832
0
0
0
0
0
0
0
0
0
0
0
0
0
1000
0
284,422
0
0
0
0
0
0
0
1000
0
0
0
0
0
0
0
0
0
0
0
0
0
0
0
1000
0
0
0
0
0
0
0
0
0
0
0
0
0
0
0
0
0
0
0
0
0
0
0
0
200,115
0
0
118,075
0
0
0
0
0
0
0
0
468,336
0
0
0
0
0
0
0
0
0
1000
0
0
245,162
1000
0
0
0
0
223,336
0
0
0
0
0
0
0
0
1000
0
0
0
0
0
1000
142,384
0
0
0
0
0
0
0
0
0
0
0
0
0
0
0
0
0
0
1000
0
0
0
0
0
0
0
0
0
0
0
0
0
1000
0
0
0
0
0
0
0
0
0
0
0
0
0
0
0
1000
0
0
0
0
0
0
0
0
0
0
0
0
81,5707
0
568,224
0
0
0
0
0
0
0
0
0
0
710,679
1000
0
0
0
0
358,589
1000
0
0
0
0
0
0
0
0
0
682,48
0
0
0
0
0
0
0
0
0
0
0
0
0
0
0
800,491
0
0
0
1000
0
0
0
0
0
0
0
0
0
0
570,613
0
0
0
0
0
0
0
0
0
0
0
588,098
0
0
0
0
485,789
0
0
0
0
0
171,555
0
0
0
0
593,56
0
0
701,308
0
0
386,731
1000
183,013
441,445
0
0
331,105
599,33
0
0
0
0
0
0
0
0
0
0
0
728,451
0
0
0
0
0
0
0
0
0
0
0
0
0
0
208,7
1000
0
0
0
0
221,116
587,659
0
0
0
0
0
0
789,866
0
0
0
0
0
0
0
0
0
0
1000
0
0
218,749
602,37
0
0
0
0
1000
0
0
552,294
0
0
0
0
469,589
0
0
0
0
0
0
44,2468
0
0
208,203
0
68,7682
305,582
0
0
0
412,004
0
545,087
0
0
583,852
0
0
75,3484
0
0
0
0
0
0
0
0
0
0
0
0
0
1000
0
0
0
822,52
0
0
0
0
149,5
0
0
0
0
0
0
0
0
509,391
0
0
0
0
0
0
0
0
0
0
0
0
0
0
0
0
0
0
0
0
0
0
0
0
0
1000
0
573,853
693,641
0
0
0
0
0
157,135
0
0
0
1000
345,402
0
0
0
0
0
0
769,084
0
0
0
0
1000
0
0
0
0
0
480,824
0
0
1000
0
0
0
0
0
0
0
0
0
0
0
279,359
1000
0
0
0
597,652
0
94,9203
0
0
0
0
711,694
0
0
0
0
0
0
176,031
0
551,088
0
0
0
0
0
1000
0
0
0
444,881
1000
0
26,4377
0
0
0
68,5952
0
0
0
0
0
0
0
0
0
712,413
0
0
0
0
0
0
0
0
0
0
0
0
69,6784
0
0
0
681,35
0
0
0
0
0
92,959
0
0
0
0
0
0
0
0
0
0
0
0
0
192,399
0
0
0
0
0
0
68,4395
0
0
0
0
0
0
0
1000
0
1000
0
380,309
0,19885
0
0
0
0
0
50,5062
0
373,744
0
789,465
0
0
0
240,871
0
0
0
0
0
0
0
0
0
0
0
0
0
0
0
0
0
0
0
585,622
1000
0
0
0
311,631
0
338,236
0
1000
795,549
0
0
0
720,452
0
0
0
0
417,013
0
0
373,032
0
0
0
0
0
0
0
0
0
0
0
0
0
0
0
0
0
0
0
0
0
0
1000
53,0091
0
0
0
0
0
0
0
0
0
0
0
0
0
0
0
0
712,617
0
0
0
0
386,472
0
0
0
0
113,782
0
0
0
0
0
0
0
0
0
0
0
0
0
180,874
611,546
0
0
0
0
1000
0
237,841
0
0
0
0
350,907
0
0
0
1000
0
0
0
0
0
0
0
0
0
0
1000
0
0
0
0
0
76,4477
0
0
0
0
0
0
0
0
0
745,311
0
0
0
0
0
0
0
0
0
448,573
0
0
1000
0
0
0
0
0
0
0
0
0
0
0
0
0
0
0
0
244,448
0
0
37,463
0
0
0
0
0
0
0
0
0
493,139
0
0
0
165,943
0
0
387,202
0
0
0
580,642
0
0
0
0
0
0
0
0
0
0
0
2,62569
0
0
0
0
0
0
0
0
0
0
130,128
0
0
0
0
0
0
376,213
0
0
0
0
0
327,645
0
0
0
0
0
0
0
0
0
0
0
0
0
0
0
0
0
0
0
0
0
585,36
0
575,991
0
0
0
0
0
0
0
1000
0
0
0
0
0
0
0
0
0
0
627,911
0
0
0
0
0
452,998
1000
315,703
134,884
0
0
0
0
0
0
0
0
0
0
0
0
0
0
0
0
0
0
0
0
400,113
0
0
0
615,054
0
185,002
0
0
0
0
0
1000
1000
0
0
0
752,976
0
732,84
0
0
0
0
0
759,839
0
0
0
296,926
0
0
0
1000
0
0
0
0
0
0
0
0
0
0
133,401
0
0
0
0
225,05
0
0
0
0
713,777
328,592
0
0
0
0
0
0
0
474,695
0
0
490,465
0
0
0
0
0
182,429
87,5645
0
1000
618,108
0
0
0
0
0
0
0
0
0
0
0
0
0
0
0
0
256,414
0
0
0
1000
0
0
0
0
0
1000
0
0
0
37,9385
0
159,223
0
0
0
0
0
0
30,4839
0
0
0
0
0
0
0
149,375
0
0
0
0
0
0
0
1,0548
0
0
0
0
0
0
0
769,368
0
1000
0
0
0
0
0
0
0
0
0
0
0
0
0
0
0
1000
0
0
8,14862
777,001
0
0
0
0
0
0
1000
0
0
0
0
38,6396
0
0
0
1000
0
0
0
0
227,991
0
0
0
0
0
0
0
0
0
0
436,835
0
0
274,595
0
0
0
0
0
0
772,512
0
184,341
0
0
0
0
0
0
0
0
0
0
841,47
50,0024
0
0
0
0
0
0
0
0
0
0
0
0
0
0
0
0
787,355
329,896
0
83,6452
0
0
0
0
0
0
0
0
0
230,472
0
0
0
0
0
775,179
0
0
0
0
0
0
0
698,666
0
0
0
0
0
0
0
0
0
0
0
0
0
0
0
0
519,238
100,971
729,382
0
1000
0
0
0
0
0
0
0
0
0
0
0
0
0
0
1000
0
0
0
0
413,777
0
0
378,579
0
0
280,372
0
0
0
0
0
543,24
0
0
0
0
0
0
0
0
663,389
0
0
1000
0
0
0
0
0
0
0
0
0
0
0
1000
0
0
1000
0
1000
0
0
0
0
0
1000
504,299
0
0
0
0
0
0
0
0
0
0
402,335
0
0
288,07
0
0
0
0
0
0
0
0
96,0507
0
0
0
0
0
0
0
401,261
0
0
0
0
0
0
0
0
0
0
0
0
0
0
0
0
0
1000
758,094
0
0
0
0
0
0
0
0
0
0
0
0
0
0
0
0
0
166,995
850,002
315,341
0
0
0
0
0
0
0
0
0
0
0
0
300,989
0
0
520,547
0
0
0
61,3216
0
0
0
0
0
0
0
0
0
0
0
0
1000
0
0
511,863
0
0
0
0
0
0
0
0
0
0
0
0
782,804
0
0
0
0
0
0
0
0
594,98
0
0
0
256,969
0
0
0
0
0
486,041
0
0
0
253,658
0
0
0
0
0
0
0
0
0
0
0
0
0
393,069
0
0
277,095
726,876
426,912
1000
1000
0
0
0
0
0
86,3512
0
0
0
0
0
0
0
0
0
0
0
0
0
321,282
0
0
0
0
0
0
0
0
0
0
0
0
0
0
0
686,475
0
0
0
0
0
0
0
0
0
520,704
0
0
0
0
0
0
0
0
0
0
0
0
0
0
0
0
0
0
0
0
735,238
0
0
1000
0
0
0
1000
0
0
0
0
0
0
417,841
0
0
0
0
0
0
0
0
0
0
0
0
0
0
1000
0
0
0
0
1000
0
0
0
0
0
0
0
0
0
1000
0
0
0
0
532,15
1000
0
0
0
0
0
0
739,116
0
0
756,301
0
0
0
0
0
0
0
0
0
0
0
0
512,61
0
0
0
0
19,303
0
0
313,289
0
0
0
0
0
0
0
1000
0
0
0
0
0
0
362,996
529,019
0
0
0
1000
0
0
0
0
0
0
0
0
289,036
0
0
0
0
0
0
0
0
0
716,164
0
0
0
0
0
0
0
1000
0
0
213,187
0
0
654,093
0
0
0
373,426
0
0
0
0
288,323
612,584
0
0
0
0
0
0
0
0
0
356,719
0
0
697,909
0
0
234,978
555,18
0
0
0
0
0
0
1000
0
0
0
0
0
0
0
0
0
431,995
0
0
0
0
0
1000
0
0
1000
317,556
0
70,8833
205,164
0
0
0
0
560,67
0
0
0
0
0
0
0
267,168
148,652
0
1000
0
0
0
0
0
0
1000
1000
0
0
0
0
0
0
0
0
0
234,676
1000
0
787,637
0
0
0
0
148,184
0
0
0
402,962
0
0
0
0
0
0
0
0
0
0
0
0
549,324
0
0
0
0
1000
0
46,3238
0
0
0
0
0
0
0
0
331,423
0
0
228,837
0
0
0
0
0
0
1000
0
0
562,555
0
0
0
0
0
0
363,512
0
0
0
0
0
0
0
0
0
0
1000
0
0
0
823,161
0
0
0
790,708
759,339
0
0
0
0
0
1000
0
0
0
0
0
0
0
0
0
0
502,314
779,612
0
0
0
0
0
0
0
0
0
0
0
0
0
0
0
0
0
0
0
0
0
0
0
0
0
0
0
0
0
0
0
39,097
0
0
0
0
0
0
0
0
0
0
0
0
0
0
0
0
0
194,849
0
0
0
0
0
0
0
1000
0
0
0
0
0
0
0
0
0
0
129,325
0
0
221,581
0
0
0
0
0
0
0
0
0
0
0
0
0
0
0
0
0
0
332,302
0
0
374,207
0
191,498
0
0
822,563
0
0
0
703,106
785,924
0
0
0
0
0
0
0
0
0
0
0
0
0
0
786,386
0
0
1000
0
0
0
0
0
0
0
0
0
0
0
0
0
0
0
799,459
0
70,7935
0
0
0
0
0
0
0
0
0
0
0
0
771,083
0
0
0
0
0
0
0
0
0
649,891
0
0
813,74
0
0
0
0
0
40,1472
0
0
0
0
0
0
0
0
0
114,594
735,183
0
0
196,385
0
0
0
0
0
0
0
0
0
0
0
0
0
293,053
0
0
675,35
699,203
0
0
0
0
525,158
0
0
0
0
0
0
0
1000
0
0
0
0
0
1000
0
0
506,671
0
0
0
0
0
0
0
0
1000
0
0
0
0
0
0
0
784,124
0
0
0
0
0
0
0
0
0
0
0
0
0
0
0
0
0
0
531,556
0
0
0
0
0
0
0
0
0
613,994
428,493
4,0474
0
0
0
0
432,954
0
0
0
0
0
0
0
0
11,9186
24,5082
0
0
551,095
0
0
0
0
449,815
0
0
788,682
0
0
307,217
0
1000
0
0
46,8288
0
541,094
0
0
0
0
0
0
0
592,508
0
1000
0
0
0
0
0
0
1000
614,926
0
0
0
0
0
0
0
0
0
0
1000
0
0
0
0
322,55
0
0
0
0
0
0
0
0
255,006
0
0
0
0
0
121,854
0
0
0
0
0
0
0
0
0
0
0
0
0
0
0
239,655
0
0
0
0
1000
381,659
0
0
0
0
0
0
316,703
0
0
1000
0
0
0
0
0
0
0
0
1000
0
0
0
0
0
0
470,792
0
719,574
0
0
0
0
0
0
0
0
0
527,6
0
0
0
0
461,408
1000
0
0
0
0
4,37002
0
0
0
0
0
0
0
0
70,2
0
0
0
1000
0
0
0
0
0
0
0
0
0
0
0
0
0
0
0
0
0
0
1000
0
1000
0
0
0
0
0
0
0
0
0
0
0
0
0
0
0
0
0
0
0
0
0
0
0
0
0
0
0
0
0
0
0
605,114
0
0
0
0
637,432
0
203,753
0
0
0
0
0
0
0
0
0
794,251
0
0
0
0
0
0
297,746
1000
463,142
379,389
0
0
699,134
0
0
0
0
0
0
0
0
0
1000
0
0
0
0
109,66
146,133
0
0
0
0
0
0
0
0
707,722
575,979
140,349
0
0
0
0
0
0
0
275,461
0
0
0
0
0
0
0
0
0
0
0
0
0
0
0
0
0
248,047
0
0
0
0
0
0
0
195,207
0
248,838
0
0
0
0
0
0
76,9026
0
0
0
0
0
0
0
0
779,384
0
0
0
0
0
0
0
0
0
0
0
0
0
0
0
0
773,274
0
0
1000
0
0
0
0
0
0
0
0
0
0
205,158
0
0
0
0
694,666
0
0
0
0
0
82,7197
0
0
0
0
1000
0
0
0
0
772,786
0
0
0
0
0
0
0
0
0
242,232
0
0
1000
290,07
0
1000
0
0
770,427
1000
232,25
0
72,8306
0
0
0
0
0
0
0
0
0
0
0
0
0
43,0088
0
0
0
0
0
0
756,942
0
0
0
0
0
0
0
0
778,049
0
0
0
0
0
0
0
0
0
0
0
0
0
0
0
1000
0
0
288,547
0
0
0
1000
0
0
0
0
0
0
0
1000
0
0
0
784,388
0
0
777,984
0
0
0
0
0
0
0
0
0
395,865
0
0
0
0
0
0
0
0
0
1000
0
278,694
0
0
731,112
0
0
0
0
0
0
1000
0
0
550,953
0
118,918
99,1751
0
0
0
0
0
200,279
0
0
0
0
0
0
0
0
31,8941
0
0
0
0
0
0
0
0
0
0
0
0
0
0
0
501,349
0
0
0
0
0
0
0
0
0
0
459,697
0
0
0
0
0
528,753
0
0
0
0
0
0
1000
0
0
0
562,653
764,807
0
0
0
0
0
0
0
0
0
0
0
0
0
0
0
145,018
786,677
0
1000
0
0
0
298,332
736,365
0
0
0
0
0
0
0
0
0
0
611,125
0
0
0
0
531,171
0
0
0
434,619
0
0
0
0
0
112,278
80,6644
0
276,558
0
0
0
0
527,932
0
0
0
187,047
191,917
0
243,605
0
0
0
0
0
0
0
0
0
0
0
0
0
0
0
0
0
169,801
0
0
0
0
0
0
0
0
0
0
0
0
0
0
0
1000
0
0
0
0
0
1000
0
0
0
0
0
0
0
0
0
0
1000
0
0
0
0
0
0
0
1000
0
0
0
74,7784
0
0
0
0
0
0
0
0
0
0
0
0
0
366,143
0
0
587,089
0
0
0
0
0
0
0
0
0
0
0
0
0
1000
0
0
0
0
0
1000
0
569,205
422,764
0
0
0
0
0
0
0
0
0
1000
0
0
0
112,959
0
0
1000
0
0
0
0
0
0
0
0
1000
0
0
0
1000
0
0
0
0
0
0
0
0
0
0
0
0
756,226
0
1000
0
0
0
0
0
0
0
0
0
0
0
0
0
0
69,5649
168,764
0
0
0
0
0
0
171,774
0
0
0
0
287,871
0
535,478
94,128
0
764,555
0
0
0
193,646
0
0
712,298
0
0
0
0
0
0
0
0
0
0
0
0
0
0
0
0
0
675,168
0
0
722,276
1000
0
0
0
0
0
0
0
0
0
0
0
0
0
368,367
0
0
0
0
0
0
0
571,195
0
0
0
0
0
0
0
0
32,4125
0
0
0
0
0
0
0
0
0
0
706,69
0
0
0
0
0
0
0
0
0
0
0
0
0
788,748
0
517,076
0
0
0
0
0
139,274
0
0
0
0
0
0
0
0
0
0
1000
0
0
0
0
0
775,91
0
0
0
0
0
764,069
0
0
0
0
0
0
0
0
524,643
1000
443,393
271,674
0
0
0
0
0
0
0
0
0
0
0
0
0
0
0
0
0
0
0
0
0
0
0
0
0
689,915
0
0
0
0
0
0
0
0
0
0
1000
0
0
1000
0
0
0
768,586
1000
0
0
0
0
0
0
0
0
0
0
0
0
0
0
0
0
0
0
0
0
0
1000
0
158,915
0
0
0
0
0
0
0
0
150,613
0
0
0
0
0
0
0
548,038
0
0
0
0
0
0
0
0
0
0
0
129,807
0
0
0
0
0
1000
0
0
0
17,9749
0
0
0
0
69,7428
0
0
0
0
0
0
0
0
0
0
0
0
0
0
0
1000
0
0
0
0
0
0
0
0
0
0
0
0
0
0
0
0
0
0
0
46,2509
0
0
0
0
0
0
0
0
0
0
0
0
0
0
0
0
0
0
0
253,273
0
0
0
0
0
0
0
0
0
0
448,495
0
0
0
0
0
0
0
0
0
0
0
1000
0
0
0
1000
0
0
0
0
0
0
0
0
0
0
0
0
0
0
0
0
0
0
0
387,149
609,495
0
0
0
1000
0
383,352
0
0
489,61
0
0
0
0
0
0
0
577,204
0
0
0
0
0
638,298
0
0
0
0
831,725
0
0
0
0
0
0
0
0
0
738,353
0
0
0
0
0
0
0
0
0
0
0
0
1000
0
0
0
0
0
0
589,345
1000
0
0
0
0
0
0
0
0
0
0
0
0
0
0
0
0
0
0
0
0
0
0
0
0
0
0
0
0
0
0
778,692
0
0
440,372
134,436
0
0
0
0
0
1000
0
775,177
1000
0
0
0
0
0
0
397,746
0
0
160,886
0
0
0
0
565,541
0
0
54,5382
0
0
0
0
0
0
0
0
0
0
0
0
0
0
0
0
0
0
1000
0
0
0
0
0
0
0
0
68,6562
0
0
0
611,522
81,3578
0
0
1000
0
740,964
0
0
0
0
0
0
1000
0
0
747,424
0
0
0
0
0
0
333,771
0
0
0
0
0
0
0
416,34
0
0
0
0
0
0
0
0
743,505
0
0
109,585
0
109,973
0
0
0
0
0
0
0
0
0
0
0
782,597
0
0
0
0
0
0
756,451
0
0
0
0
0
1000
0
0
0
0
0
0
0
0
0
0
0
0
0
0
161,871
0
0
0
0
0
0
0
0
0
0
0
0
0
0
0
0
0
0
0
0
0
0
0
0
0
0
0
0
0
0
0
0
0
0
0
0
321,265
0
766,912
0
0
0
0
0
0
0
0
0
0
0
0
0
0
0
0
0
0
0
0
1000
0
0
0
0
0
458,712
0
0
0
0
0
799,151
0
0
0
0
0
1000
0
0
353,78
170,54
0
0
0
208,153
0
0
0
0
277,919
1000
0
1000
0
0
0
0
0
0
0
0,0443948
0
0
0
0
0
0
757,03
0
0
0
0
0
0
712,116
0
1000
0
0
0
0
0
0
0
0
0
0
0
0
0
0
0
0
0
0
0
0
0
0
0
0
0
0
1000
0
0
1000
0
0
0
0
0
0
0
445,61
0
0
0
0
0
0
448,277
0
0
0
0
622,532
148,37
276,264
0
86,1008
316,001
0
0
0
0
0
0
0
0
0
793,938
0
0
0
0
0
0
112,044
0
0
1000
0
0
0
0
0
127,832
0
0
0
0
0
776,581
0
0
0
0
0
0
0
0
0
0
0
0
0
0
0
0
521,783
0
0
355,462
0
0
0
0
0
0
0
528,319
0
0
0
0
0
0
0
0
0
0
0
0
0
0
0
0
0
0
0
542,167
0
0
0
0
25,8253
0
0
0
0
794,819
0
0
0
292,402
0
0
0
0
0
1000
1000
244,998
72,3269
0
100,758
0
1000
697,251
0
0
655,267
0
0
0
0
0
0
0
0
751,547
0
142,558
0
0
0
0
0
0
19,5988
0
0
0
1000
0
0
0
0
0
0
0
0
0
0
0
0
0
0
0
0
0
293,723
0
0
0
93,0662
0
0
1000
137,795
0
0
0
0
0
0
0
0
0
0
1000
0
0
0
540,574
0
634,522
0
0
0
0
0
0
0
0
69,7923
0
0
0
0
86,0148
0
0
162,226
0
0
0
0
0
0
0
0
0
0
1000
0
0
671,214
0
0
0
767,967
0
0
0
0
0
0
0
0
0
0
0
0
143,053
75,0122
0
0
0
0
0
0
0
273,916
0
0
1000
352,108
0
0
0
0
0
0
0
0
286,993
0
0
0
0
0
0
0
0
0
0
0
0
488,651
0
0
0
0
424,108
0
0
0
0
0
0
0
0
0
0
772,018
0
0
549,58
0
0
0
86,8205
1000
0
0
0
750,324
0
0
0
0
0
0
0
0
0
0
614,459
0
0
0
600,385
0
405,977
0
0
0
0
688,954
435,651
0
0
0
232,645
142,337
0
0
0
0
0
0
730,965
0
0
423,678
0
0
0
0
0
0
0
0
0
581,011
0
0
0
0
0
0
0
0
0
0
0
0
0
0
0
0
0
378,144
0
0
0
0
0
0
194,489
0
0
0
0
0
713,083
0
0
0
0
0
391,462
0
0
0
438,239
0
0
0
0
0
0
0
81,722
0
0
0
0
714,638
0
783,911
0
0
0
0
0
1000
0
0
0
0
0
0
0
0
22,5039
0
0
0
0
0
0
0
378,806
0
0
0
0
0
0
0
0
136,906
0
0
0
0
0
0
0
0
0
0
0
1000
0
0
412,3
0
0
0
0
0
0
26,5949
0
0
0
0
0
0
0
0
0
0
536,79
260,125
0
105,735
0
151,746
0
0
0
0
0
0
0
344,612
0
0
0
0
0
0
0
1000
0
0
0
0
0
0
0
0
0
1000
0
0
0
369,503
0
0
0
0
0
0
0
0
0
0
0
0
0
770,17
348,576
0
0
0
449,655
0
0
0
0
0
0
0
1000
0
691,742
0
0
0
0
0
0
0
615,735
0
0
0
1000
0
0
0
0
0
789,268
0
0
0
1000
0
782,681
0
0
824,092
0
0
730,708
1000
0
0
0
0
0
0
0
561,037
0
0
0
0
0
0
0
0
740,928
0
0
0
0
0
465,624
0
0
0
301,387
0
0
0
0
0
0
0
757,585
0
0
0
0
0
0
0
0
659,641
0
0
0
0
0
0
0
0
0
0
0
0
0
0
0
545,317
0
0
0
0
0
0
1000
0
517,873
0
0
0
1000
0
0
0
0
0
0
0
564,178
1000
0
0
0
0
1000
0
0
0
0
0
497,295
0
479,664
0
0
0
0
0
0
0
0
0
0
0
0
0
200,078
0
0
69,6624
0
0
0
0
615,803
0
0
0
702,94
0
0
0
0
0
793,939
0
0
0
50,5034
0
717,048
0
0
0
0
0
0
76,7808
0
0
0
0
0
513,446
0
0
790,253
0
654,86
1000
68,4956
0
0
1000
0
0
0
0
0
0
0
0
0
378,995
0
0
0
842,498
0
0
0
0
0
0
568,658
0
0
1000
0
0
0
0
0
0
0
0
0
0
1000
0
0
0
0
0
0
0
348,559
0
0
0
0
0
76,1363
0
555,513
548,547
0
0
0
0
0
0
0
0
0
0
0
0
0
0
0
0
772,313
0
0
205,046
0
0
772,641
0
467,382
0
0
0
859,156
0
0
0
0
489,21
0
0
0
0
0
298,193
0
0
0
0
325,047
0
0
388,948
0
0
0
0
0
0
0
0
0
0
0
0
425,457
0
0
727,973
0
0
0
0
0
0
0
0
1000
0
1000
0
0
0
0
0
0
0
0
0
0
0
708,875
0
1000
1000
0
1000
0
0
416,681
0
0
0
0
0
0
0
0
0
0
0
0
0
0
0
0
0
356,739
0
0
216,274
0
90,9653
0
0
0
0
0
0
0
0
0
113,1
0
386,169
0
0
0
0
0
0
0
0
656,462
12,146
0
0
0
0
1000
0
0
0
0
0
479,784
0
0
560,813
0
0
0
0
0
0
0
0
0
781,547
0
0
0
0
1000
243,136
0
0
0
0
0
0
0
0
0
0
0
288,618
0
0
0
481,123
319,372
0
0
155,679
0
0
540,136
0
508,868
6,97951
0
0
0
483,793
0
0
225,194
0
0
0
0
0
760,949
0
0
0
0
0
0
0
0
0
0
365,077
0
0
1000
0
102,357
0
0
0
0
0
0
0
0
0
0
0
466,213
0
0
374,653
0
0
0
0
0
0
0
0
0
0
179,429
525,637
0
0
0
0
0
0
346,376
0
134,608
0
0
0
1000
0
1000
0
0
0
0
0
0
0
185,358
0
0
0
0
174,616
0
0
0
0
0
0
0
1000
0
0
0
0
0
0
0
0
0
430,442
0
0
0
0
0
0
0
0
0
140,669
0
0
1000
0
0
0
0
0
0
265,943
0
0
0
0
1000
0
0
0
0
0
0
0
1000
0
0
0
0
0
0
0
0
0
0
0
0
0
0
0
0
0
0
0
0
0
0
0
0
0
143,372
0
0
0
0
0
0
0
0
0
0
0
0
756,326
0
0
381,673
468,009
311,315
0
0
740,295
0
0
0
0
1000
21,8337
0
0
268,826
0
0
350,951
0
0
0
0
0
0
0
0
0
467,605
0
0
0
1000
0
0
0
0
0
1000
0
354,914
535,489
0
0
786,419
0
464,555
0
0
0
0
0
0
0
0
0
0
0
0
173,905
0
0
0
0
0
503,283
0
1000
0
0
0
0
0
0
0
0
0
0
0
0
102,361
0
0
0
105,583
1000
0
39,1174
0
0
0
0
0
0
0
0
0
0
784,863
0
0
0
0
1000
287,792
0
0
0
0
0
0
0
0
0
0
0
0
0
0
0
0
0
0
646,976
0
0
0
0
0
0
0
0
0
0
0
0
0
0
0
0
0
0
0
0
0
0
0
0
0
1000
0
0
0
0
0
0
1000
1000
0
0
0
0
0
0
0
0
0
0
0
0
0
0
0
0
0
0
0
0
710,892
0
0
1000
0
0
0
212,293
771,616
0
0
0
0
0
0
0
0
0
0
0
0
606,613
0
0
1000
0
0
0
0
0
0
0
0
0
0
0
0
0
0
0
0
0
129,11
795,767
0
0
0
0
586,332
0
0
0
0
0
0
0
0
0
0
0
0
0
0
0
0
0
0
522,681
152,938
0
0
0
0
0
0
0
0
0
0
304,264
0
489,523
0
0
0
0
1000
766,113
0
0
0
0
0
0
0
0
0
0
0
0
0
0
0
0
1000
0
0
0
0
0
0
0
518,917
0
0
0
0
0
0
0
559,499
0
0
48,5729
0
0
0
0
0
59,9303
0
0
1000
0
0
0
501,508
0
0
0
0
752,037
0
1000
0
42,6681
0
0
0
0
0
268,054
0
0
0
0
0
0
0
0
0
0
0
0
26,742
0
0
0
0
271,313
0
0
0
786,341
0
0
0
0
0
0
0
4,69059
0
0
0
400,116
0
0
0
1000
0
203,582
0
0
0
0
0
0
0
1000
0
0
782,177
582,993
0
0
1000
0
482,063
0
0
0
0
0
0
0
0
506,828
0
0
128,351
448,587
0
0
0
0
0
0
0
0
0
0
0
0
71,8763
0
22,1575
0
0
562,475
0
1000
0
0
0
0
0
0
0
0
0
0
0
0
0
0
0
0
0
596,177
0
0
0
681,781
0
0
0
0
0
0
0
0
0
0
94,537
0
0
0
0
0
0
0
0
0
0
0
0
0
0
0
0
0
0
0
0
0
0
553,495
0
0
0
0
0
0
0
0
822,37
0
0
0
0
0
776,702
0
202,523
0
0
0
0
0
0
0
0
0
0
1000
0
0
0
0
0
0
0
0
0
0
0
0
317,394
0
0
0
0
0
193,842
0
0
0
0
0
0
0
587,397
0
0
228,743
0
0
0
0
268,796
0
754,911
0
0
0
0
0
0
0
0
0
0
0
0
0
0
0
0
0
0
0
0
0
0
517,48
0
0
0
0
0
0
0
1000
0
0
174,785
0
0
184,021
0
0
0
0
0
0
0
0
139,371
1000
0
0
0
0
97,8057
0
0
0
0
0
0
0
0
0
0
0
0
0
0
1000
0
1000
0
0
0
0
0
0
0
0
0
0
0
0
0
0
0
0
0
0
0
569,599
71,0947
0
0
0
229,935
0
0
0
0
0
0
0
0
0
0
0
0
0
0
0
0
0
0
0
0
0
0
0
0
0
0
0
0
0
0
0
0
0
0
0
0
0
0
0
0
0
0
0
0
0
0
0
0
0
0
0
0
0
0
0
468,819
0
0
0
0
0
0
0
0
0
743,833
789,687
0
0
0
751,534
0
780,473
0
322,269
0
1000
585,39
776
0
0
0
771,004
0
0
73,2909
0
0
270,026
0
0
0
0
0
1000
0
0
211,671
0
0
0
0
594,538
76,5846
0
0
0
0
0
0
0
0
0
0
0
0
0
793,507
0
0
0
0
0
0
0
0
0
0
349,178
86,8371
0
655,51
0
0
0
0
0
0
0
0
0
555,771
74,3933
9,44064
0
615,231
599,399
0
0
0
0
0
0
0
0
0
0
0
0
0
0
0
0
0
0
104,997
0
0
494,146
0
0
0
432,422
1000
0
0
0
0
0
0
0
0
0
0
0
525,343
0
0
0
0
0
0
0
0
0
0
0
0
0
0
0
0
720,339
0
0
0
0
0
0
0
0
0
0
1000
0
0
0
0
0
403,555
0
0
0
0
0
0
0
573,3
0
0
0
243,389
0
0
0
0
0
0
0
0
1000
0
0
0
0
0
0
0
0
0
0
0
0
0
0
0
0
512,975
0
0
0
0
0
0
0
0
0
0
0
0
0
336,119
0
795,641
0
0
1000
0
0
0
0
1000
0
0
0
0
0
0
0
0
0
0
0
0
1000
0
0
0
0
0
0
0
0
0
78,5195
5,32475
0
0
0
0
0
0
0
0
0
0
0
0
0
0
0
496,53
0
0
0
0
0
0
0
0
0
0
0
0
0
0
581,352
0
0
528,805
0
0
1000
0
0
0
43,8142
0
0
0
0
0
0
0
0
0
0
0
18,882
464,694
0
0
0
0
0
0
0
0
0
0
0
0
0
0
137,743
0
0
0
577,579
762,166
0
0
0
0
0
0
0
0
1000
0
0
0
0
90,6445
21,5555
0
0
0
0
0
0
0
0
0
0
0
0
0
0
0
0
0
0
0
0
0
0
0
0
743,447
133,108
0
0
0
728,891
414,332
0
0
0
0
0
194,401
0
0
0
0
0
0
0
13,2528
420,459
0
0
0
0
0
0
0
0
0
0
0
0
99,454
0
0
1000
0
474,732
726,853
0
0
0
0
0
0
0
0
0
0
201,485
0
0
0
0
0
0
0
0
0
0
0
0
0
0
0
0
0
0
0
0
0
0
523,127
238,376
0
0
0
0
0
0
0
0
0
0
0
0
0
46,6327
0
0
0
0
0
0
0
0
0
0
0
1000
0
0
0
59,8045
0
0
0
0
0
0
0
0
1000
0
0
0
0
0
0
0
0
0
0
0
0
0
0
0
0
394,129
192,771
0
428,062
0
0
0
0
0
0
0
0
0
0
0
238,5
0
1000
0
0
0
0
0
0
0
0
790,349
0
0
0
0
0
0
41,746
0
0
0
0
0
0
0
0
0
0
0
0
347,889
0
0
0
0
0
0
0
0
0
0
226,305
0
0
0
0
0
0
0
763,756
0
0
766,877
0
0
0
130,438
0
0
0
0
0
1000
0
0
1000
0
0
0
1000
0
0
0
550,997
0
0
0
721,785
0
1000
0
0
0
0
0
0
330,659
0
1000
0
37,2405
0
0
0
0
1000
0
0
0
0
0
0
445,035
0
0
0
0
1000
0
0
0
0
0
0
0
534,167
1000
104,186
0
0
0
0
0
134,277
0
0
0
482,224
0
0
0
0
0
0
0
0
0
0
0
0
0
0
0
0
0
0
0
0
0
0
0
0
0
0
0
0
0
104,451
0
0
0
0
0
0
766,907
0
0
0
192,276
0
0
0
1000
0
0
0
0
0
0
0
0
0
0
0
0
0
64,5648
0
0
0
0
0
0
0
0
665,812
1000
0
0
0
601,594
0
0
0
0
68,8263
0
0
747,971
0
0
0
0
0
0
0
0
0
0
0
0
0
0
0
0
0
5,00806
0
758,785
0
3,90353
0
0
0
0
0
0
0
0
0
0
0
0
416,924
0
0
0
0
0
0
124,084
0
0
0
0
0
0
0
0
0
0
0
0
0
0
0
0
0
0
0
0
0
0
0
0
627,889
0
0
0
0
0
0
0
0
0
0
0
0
0
0
0
120,294
0
0
705,496
0
0
0
0
0
0
0
0
0
0
0
0
0
0
0
0
0
22,9523
0
0
0
216,575
0
40,9488
0
0
0
0
0
0
0
0
0
0
0
0
0
0
0
0
0
0
0
0
0
96,7859
0
0
0
0
729,821
328,46
0
0
0
0
0
1000
0
0
0
0
0
0
0
1000
0
0
0
0
0
0
0
0
0
0
0
0
0
1000
0
0
0
0
0
0
0
0
786,78
0
0
0
0
0
0
1000
594,398
0
298,77
735,612
0
0
785,732
0
0
0
885,768
0
768,349
0
0
0
0
0
0
0
298,42
0
0
0
0
769,491
0
0
0
199,168
0
139,052
0
0
0
0
590,039
0
0
35,0848
0
0
0
0
0
0
0
1000
0
0
0
0
0
725,516
0
0
0
0
0
0
0
0
0
309,067
0
0
0
0
49,3807
0
0
0
0
0
0
0
0
0
0
0
0
0
0
163,885
1000
0
0
0
0
0
0
0
600,574
0
47,0921
0
0
0
0
0
1000
0
1000
0
0
822,209
0
0
0
0
0
461,226
0
0
519,043
161,666
609,653
0
0
0
723,004
0
0
0
0
0
617,081
0
0
0
1000
0
0
0
0
787,517
0
0
0
0
0
0
27,5528
581,968
0
0
0
0
0
0
595,285
0
0
0
1,23278
0
0
0
0
0
0
0
0
1000
37,0426
0
0
0
769,909
0
298,117
0
0
0
0
0
0
0
0
0
1000
0
0
0
0
0
0
0
317,265
0
0
0
0
0
0
0
0
0
0
0
0
0
376,078
0
0
0
0
0
0
0
731,908
0
0
0
0
0
0
763,777
0
0
0
0
0
152,662
807,8
0
0
0
0
0
0
0
1000
0
0
0
0
0
0
0
0
0
0
0
140,269
0
0
0
0
0
0
0
0
1000
0
0
1000
0
0
0
0
1000
0
0
0
0
0
0
0
0
0
0
528,202
0
0
0
0
0
0
0
0
0
0
0
0
0
0
380,996
444,846
0
313,969
0
0
0
0
0
0
388,92
0
0
0
0
0
350,743
0
0
0
0
1000
0
0
0
0
0
0
0
0
484,785
0
1000
0
0
0
0
0
0
0
0
0
0
0
0
0
0
0
0
0
0
760,527
0
0
494,222
0
0
0
0
0
0
0
791,273
0
743,447
0
772,415
762,936
0
0
0
0
0
0
0
519,25
0
446,68
0
0
0
0
0
465,028
0
0
1000
0
0
0
0
0
627,246
0
0
60,7109
0
0
0
0
569,111
0
0
0
0
0
0
0
0
0
0
0
0
0
0
450,093
0
779,038
0
0
0
0
0
0
0
0
0
0
651,712
0
0
0
0
0
0
0
0
1000
1000
0
0
535,197
551,896
0
0
0
0
0
0
0
0
0
0
0
0
0
0
0
0
736,602
0
0
238,086
0
0
191,791
1000
1000
0
722,935
431,06
0
0
0
0
434,283
0
282,048
0
0
0
0
0
0
0
0
22,181
0
0
0
0
0
0
254,564
0
0
0
0
0
0
178,739
0
0
0
0
0
0
0
0
0
0
132,3
0
0
387,823
0
0
0
129,448
0
0
0
0
0
0
0
0
0
0
0
0
0
0
0
0
0
0
0
0
0
0
0
0
497,685
0
0
0
626,82
0
0
0
0
0
1000
0
0
0
0
0
0
0
0
769,313
0
0
0
0
0
0
1000
0
0
0
0
1000
0
0
0
620,087
131,289
0
250,069
0
0
0
0
0
0
0
0
0
0
0
515,968
359,235
0
0
0
737,816
0
0
0
0
1000
367,798
0
0
0
0
0
0
0
0
0
0
0
0
732,235
787,649
0
0
0
0
0
0
406,238
0
0
0
0
0
0
0
0
0
0
0
0
0
1000
0
0
0
0
0
0
0
0
0
0
757,074
683,664
0
0
0
0
0
0
0
783,494
0
0
0
0
0
0
0
0
0
0
0
0
0
0
0
658,84
0
0
0
0
0
0
0
0
0
0
0
0
0
64,7765
0
0
0
0
0
0
0
0
0
0
0
0
0
1000
0
0
0
0
0
190,924
0
0
0
0
0
0
193,17
732,158
0
0
1000
0
0
0
0
0
0
0
0
0
0
0
0
0
0
0
0
0
0
0
0
0
0
0
0
0
0
500,06
0
0
0
1000
0
0
0
0
0
0
0
0
0
0
0
0
323,324
53,4603
1000
0
0
0
0
0
0
0
1000
0
0
0
0
0
0
497,07
0
0
0
0
0
449,954
63,9291
0
0
0
274,821
552,132
0
400,784
0
0
0
0
0
0
0
16,9485
0
0
1000
0
745,429
1000
0
0
0
0
793,411
0
0
0
0
0
0
0
0
0
0
18,38
0
688,945
0
0
0
557,723
0
0
0
0
1000
0
740,873
0
0
0
1000
0
0
387,155
0
0
0
128,729
0
0
0
0
0
0
0
11,9962
0
0
0
0
0
0
0
734,215
0
0
0
0
0
0
0
0
0
0
0
0
0
0
0
0
0
1000
0
257,011
581,904
0
0
0
0
0
0
0
0
0
1000
0
0
0
0
0
0
0
0
0
0
0
0
0
0
0
213,211
1000
0
0
0
0
0
0
0
0
0
0
0
0
0
175,308
0
0
0
0
0
32,066
0
0
0
0
0
0
374,062
0
0
0
0
0
0
0
0
0
0
0
0
0
0
0
0
0
79,5715
0
0
421,022
0
0
0
0
0
0
0
0
619,108
130,688
0
0
0
0
0
0
0
0
797,32
627,624
0
0
0
0
1000
0
600,258
1000
0
0
0
0
0
584,023
0
1000
323,954
0
0
201,437
0
0
397,253
0
0
0
0
0
0
0
0
0
0
0
0
0
0
264,883
0
0
0
0
0
0
0
0
0
0
0
536,852
0
0
0
0
0
0
0
0
0
0
0
0
228,861
0
326,592
0
0
0
0
0
0
0
0
0
0
0
0
0
0
0
0
0
0
718,47
134,105
559,92
0
0
0
0
0
0
0
0
0
0
0
0
0
0
0
0
0
45,0123
0
0
0
0
0
0
0
0
0
0
124,951
1000
0
0
0
0
0
0
0
0
0
0
0
0
303,244
0
0
0
0
1000
0
0
0
1000
0
0
0
0
0
0
0
0
0
0
0
0
0
0
0
0
1000
0
0
0
0
0
0
0
327,338
0
0
0
0
0
0
35,3119
0
0
548,261
0
26,1236
0
0
1000
0
0
0
0
0
528,718
0
709,843
0
0
0
0
0
101,638
0
0
0
0
0
0
0
0
0
0
0
0
0
0
0
0
767,592
0
0
324,746
0
0
0
0
0
0
0
0
754,913
0
0
0
0
0
0
182,967
0
90,1788
0
0
0
0
0
262,972
0
0
0
7,32924
0
0
0
0
764,229
0
0
0
0
0
0
0
0
0
0
673,992
0
0
0
774,115
0
0
0
0
0
0
1000
0
0
0
1000
0
40,1461
0
0
255,142
0
0
380,247
0
0
0
0
0
0
0
0
0
1000
0
1000
605,671
0
0
0
0
0
0
0
0
0
0
0
0
794,86
0
0
0
0
0
0
0
0
0
593,239
0
1000
0
0
372,438
0
0
0
9,17338
0
0
0
0
0
0
0
0
0
0
0
0
13,9302
430,604
0
0
0
0
0
0
0
1000
0
0
0
772,239
0
0
0
0
0
0
0
0
783,096
1000
0
0
0
0
0
0
0
0
0
0
0
124,064
280,134
14,5213
0
324,76
0
744,431
0
0
0
0
0
0
0
0
0
0
0
0
0
0
590,315
0
0
0
0
0
0
0
0
0
0
0
0
0
0
0
0
0
0
0
0
0
0
0
0
0
0
0
87,1356
0
0
0
0
0
0
0
0
1000
0
0
0
0
0
0
0
0
0
0
0
0
0
0
337,058
0
0
0
0
399,589
0
0
0
0
0
0
0
0
755,047
0
0
0
0
0
0
0
0
0
829,439
0
0
0
0
0
0
0
0
0
0
0
0
406,642
0
1000
0
0
0
0
0
1000
77,8605
0
0
0
0
0
772,858
0
0
797,434
0
0
0
0
0
0
0
0
0
0
0
0
0
631,855
0
0
0
0
0
1000
0
0
0
0
0
0
0
1000
0
0
0
0
0
0
0
0
38,1312
0
0
0
0
0
0
0
0
0
0
0
0
0
0
0
239,688
0
0
0
0
1000
74,8137
0
0
0
1000
0
0
0
648,461
0
552,375
0
0
0
0
36,1805
0
0
0
486,616
0
0
1000
0
0
0
0
0
0
0
0
0
0
0
0
48,3718
0
393,075
0
0
0
0
0
0
0
194,218
0
0
0
0
0
0
0
0
0
0
0
0
0
869,776
0
0
0
0
0
0
0
0
0
289,015
0
0
0
0
0
533,809
0
0
0
0
0
0
426,474
0
0
0
0
0
0
0
0
0
0
0
417,664
0
0
1000
1000
0
0
0
0
0
0
0
0
0
0
0
0
0
0
0
0
0
0
0
0
0
0
0
0
0
0
0
0
0
0
0
0
0
0
0
0
0
0
1000
0
0
0
0
0
0
766,836
1000
0
0
0
0
783,774
0
0
0
0
0
0
27,4313
0
0
0
0
103,674
0
125,373
314,42
0
0
1000
0
0
0
0
0
216,197
466,104
0
0
0
0
285,139
0
1000
1000
0
0
0
0
0
523,896
0
774,839
0
494,817
0
0
0
0
0
0
0
0
0
0
0
1000
0
0
0
0
0
0
0
0
0
0
0
0
0
0
583,792
0
0
70,4829
0
0
0
0
0
0
0
0
0
0
0
0
0
0
0
0
0
0
0
0
419,394
0
0
0
61,106
0
0
0
0
0
0
0
0
0
0
0
757,786
118,099
0
0
0
790,627
0
1000
0
0
0
0
0
0
0
0
0
0
0
0
0
377,413
0
0
655,443
0
721,525
0
0
0
20,4707
0
0
0
0
717,465
0
0
0
0
0
0
0
293,934
0
0
0
0
0
0
0
544,957
0
0
792,941
0
0
769,312
0
0
512,575
777,21
0
757,376
0
305,678
0
0
0
0
0
0
0
0
0
0
0
0
0
0
404,512
0
723,501
0
1000
0
0
0
0
0
0
0
0
0
0
0
0
0
0
0
6,87019
0
0
0
0
0
0
0
0
0
0
0
0
0
0
0
1000
1000
0
0
0
0
0
0
0
0
0
0
0
115,19
0
495,377
0
0
0
0
0
0
0
0
0
0
0
0
1000
0
0
292,251
0
0
0
0
0
74,1506
0
0
0
0
0
0
0
0
0
0
205,774
0
0
495,73
0
0
0
0
0
0
0
0
0
0
24,4786
0
0
0
0
0
0
140,965
1000
0
0
0
0
0
0
0
0
0
0
0
0
0
0
75,9797
0
0
0
0
0
0
531,051
0
0
0
1000
0
1000
0
0
0
0
0
0
0
0
0
0
0
0
0
17,1513
0
0
0
0
0
0
0
0
103,292
0
0
390,286
0
1000
0
0
0
0
0
381,727
0
0
0
414,542
0
0
0
0
0
0
0
0
0
0
0
0
0
0
0
0
0
0
0
0
0
315,805
0
0
0
0
0
0
602,102
0
0
0
0
0
1000
0
464,138
0
0
0
0
0
0
0
0
0
0
1000
0
590,163
0
0
611,097
0
0
0
0
0
0
0
0
0
0
0
1000
0
0
0
0
0
0
0
0
0
0
0
0
0
0
189,756
0
0
0
0
0
0
0
0
0
0
0
0
589,355
0
0
0
0
52,055
0
0
0
0
0
830,277
0
0
0
0
0
297,688
0
0
0
0
0
0
379,727
0
0
0
783,533
88,4599
0
57,4856
0
0
0
0
15,0028
257,026
0
0
0
302,644
0
823,816
0
0
0
0
0
0
0
0
0
0
0
0
0
0
0
0
699,702
0
0
0
0
567,73
785,601
0
0
0
0
0
671,963
0
0
0
0
1000
0
1000
0
0
0
0
0
0
1000
0
0
66,4231
0
0
0
0
0
719,529
193,976
0
0
444,363
0
0
0
793,018
0
0
0
0
0
0
0
0
513,569
0
556,985
0
505,325
0
0
0
0
349,867
0
0
0
0
0
748,513
0
0
0
0
0
297,972
0
0
0
0
0
721,131
0
1000
0
0
1000
0
0
0
0
0
0
0
0
1000
0
789,011
0
12,2024
0
0
0
0
0
0
0
133,626
0
1000
0
0
0
166,584
669,745
0
0
0
0
0
1000
0
0
0
1000
0
0
0
1000
0
1000
1000
0
0
0
0
0
0
666,946
469,967
0
0
0
0
376,338
0
0
0
0
0
0
0
0
0
0
0
0
0
0
0
0
0
0
0
0
752,758
0
0
0
0
849,565
0
0
0
0
0
0
0
0
0
0
0
0
0
0
0
125,497
0
0
0
0
0
737,534
0
215,588
0
0
0
0
0
0
0
0
0
1000
0
1000
0
0
0
0
0
1000
0
83,2625
0
0
1000
0
0
244,392
0
0
0
0
75,4632
0
0
0
0
0
428,289
0
0
0
0
0
1000
0
0
41,506
0
740,424
0
0
0
0
0
0
784,586
0
0
274,96
0
0
0
0
0
0
0
0
0
0
0
0
353,987
0
0
0
0
0
0
0
0
0
0
0
0
0
0
110,248
0
0
0
0
75,1809
0
0
0
0
0
0
0
0
0
0
0
0
0
0
1000
0
0
199,397
0
0
0
0
169,133
0
0
1000
0
0
1000
0
0
0
0
0
0
1000
0
0
0
1000
0
0
0
0
0
0
0
0
793,048
0
0
0
0
0
0
0
0
0
600,839
0
1000
0
777,03
0
50,6208
0
342,283
0
0
0
1000
0
0
0
0
0
0
0
0
0
0
0
0
0
0
140,957
0
0
456,615
0
1000
0
0
0
0
0
0
0
0
0
0
0
0
0
0
652,195
355,546
0
0
0
0
0
0
0
0
0
0
0
0
0
0
0
0
0
0
0
0
880,743
238,218
0
0
0
0
434,958
0
0
0
0
0
0
0
0
0
0
562,073
0
521,261
0
0
0
65,0444
0
0
439,607
0
0
0
0
0
583,73
0
0
0
0
0
433,69
0
0
0
725,721
0
0
0
710,501
0
491,228
0
0
0
0
0
0
0
0
1000
0
0
0
0
0
0
764,295
0
507,827
0
0
1000
0
0
0
0
0
0
0
498,522
0
184,222
148,98
0
0
1000
0
0
0
0
0
0
0
0
0
0
0
0
0
607,365
0
1000
0
1000
0
349,792
0
0
1000
0
0
0
0
0
0
0
0
0
193,508
0
556,928
0
0
0
0
0
0
111,37
0
0
0
0
492,503
200,087
0
0
0
0
0
0
0
0
203,92
0
0
258,344
0
0
0
0
0
0
0
0
0
0
619,11
0
0
330,719
0
0
0
0
0
1000
0
0
0
0
0
0
0
0
0
0
442,092
0
0
0
0
0
0
190,957
0
0
0
419,166
0
580,612
0
0
1000
0
0
0
0
1000
0
0
0
0
1000
0
0
450,341
0
266,692
0
0
0
0
0
0
0
0
0
0
0
0
0
53,1246
531,534
0
0
0
0
0
1000
0
0
0
0
0
0
0
1000
0
0
0
0
0
0
0
0
0
0
0
0
91,3059
457,775
0
733,6
0
0
0
0
0
0
0
296,287
0
0
0
0
0
0
0
0
0
0
0
0
1000
0
835,335
0
0
0
0
0
0
0
0
0
0
0
0
566,161
229,005
0
0
0
0
1000
0
0
0
0
0
0
0
1000
0
0
0
0
0
0
0
0
0
1000
0
0
0
0
0
0
0
0
0
0
0
0
0
98,7283
0
233,885
0
0
794,562
0
0
0
0
437,477
0
0
0
0
0
0
0
0
0
0
0
1000
0
0
0
0
0
0
0
0
0
492,77
0
0
0
0
0
0
0
0
0
0
0
0
171,407
0
0
240,092
0
1000
0
162,995
0
0
42,5761
0
0
229,749
0
0
0
0
284,855
0
0
0
0
796,469
0
0
0
0
0
0
0
0
0
0
693,837
241,067
0
0
0
0
0
0
0
0
0
0
0
0
0
0
0
0
0
223,372
0
0
0
1000
1000
0
0
0
0
0
0
0
0
0
0
750,308
1000
0
0
556,377
0
643,092
0
0
0
0
0
0
0
0
0
0
1000
0
0
0
0
0
0
0
0
0
0
611,994
0
0
0
0
0
0
0
0
0
0
0
0
0
0
0
0
0
0
0
453,974
0
363,181
0
0
0
0
0
0
1000
767,157
0
1000
0
0
0
0
0
0
0
0
0
0
0
180,219
0
0
0
0
0
0
0
0
117,413
0
0
540,491
0
0
0
1000
0
0
0
0
0
0
0
0
0
0
0
0
0
1000
0
0
0
0
0
0
0
0
0
0
0
0
0
0
0
0
0
0
0
0
0
0
0
774,674
0
0
0
436,219
72,578
0
0
0
0
0
0
0
0
0
0
0
0
0
0
0
0
0
0
0
0
0
0
0
0
0
0
0
777,681
0
0
0
0
0
423,49
0
0
0
168,782
433,384
0
0
0
363,726
0
708,498
0
1000
59,6537
0
0
0
0
0
0
1000
0
0
0
0
0
0
186,551
1000
0
1000
0
0
0
0
0
0
0
0
0
0
0
506,225
0
0
0
0
460,394
1000
0
0
0
0
0
0
0
101,953
0
0
176,871
0
0
0
0
0
139,005
0
0
0
0
360,293
0
0
0
0
0
0
437,919
0
0
702,987
0
0
0
0
0
0
0
0
0
0
0
0
0
0
0
0
0
0
1000
0
0
757,166
0
0
0
0
0
387,407
51,3716
0
502,331
0
0
342,173
0
561,698
0
0
0
0
0
0
0
0
160,058
182,198
0
0
0
0
0
0
0
54,3656
0
0
0
735,813
0
0
0
0
0
0
0
0
0
549,15
0
0
0
0
0
694,396
0
0
0
0
0
0
0
0
0
44,2863
0
0
0
788,605
0
0
0
213,483
0
0
0
0
0
619,986
722,298
167,185
0
0
238,789
0
0
0
0
170,458
0
0
0
0
0
0
0
0
0
0
0
0
0
0
0
281,863
0
0
757,263
0
0
0
1000
0
0
0
0
0
294,965
0
0
0
0
0
0
0
711,583
0
0
0
0
1000
0
0
0
0
0
0
0
1000
0
0
0
0
456,697
1000
0
0
0
0
0
0
0
0
0
0
0
0
0
0
0
0
0
0
0
1000
0
1000
0
0
0
0
0
460,902
0
0
0
0
0
0
0
0
0
0
0
0
1000
0
0
0
0
0
0
0
1000
0
0
0
0
0
587,642
0
627,408
0
0
0
0
0
0
0
0
0
0
0
0
0
0
0
0
0
0
0
0
0
0
0
201,536
362,757
0
0
0
0
0
0
0
0
0
0
0
0
0
500,861
0
0
0
0
0
0
0
0
0
0
176,615
0
0
0
0
0
389,919
1000
0
0
0
0
0
0
0
0
226,96
1000
76,7945
291,599
0
580,267
0
0
0
773,491
0
725,123
0
0
0
0
0
0
0
0
1000
0
0
0
0
0
335,761
0
0
0
0
0
0
0
0
488,404
0
0
0
53,1314
0
0
0
0
215,258
0
0
0
0
0
0
0
0
0
0
0
0
0
0
0
0
0
0
0
0
0
0
0
132,461
0
0
0
0
0
0
0
0
0
0
0
0
0
0
0
482,02
0
0
0
0
0
0
0
0
0
572,536
0
0
0
1000
0
0
381,195
0
0
0
0
142,722
0
0
0
0
34,2388
0
0
0
0
0
0
0
0
0
701,638
348,842
0
1000
0
0
0
0
36,8538
1000
0
0
599,59
0
0
0
0
0
0
0
0
0
0
0
79,2223
0
67,332
0
0
529,048
0
0
0
0
0
0
0
0
0
0
0
0
0
444,87
0
0
0
0
0
0
0
0
1000
410,344
382,956
0
0
0
0
249,929
0
787,368
0
0
0
0
0
551,419
1000
0
0
0
0
0
0
626,016
0
0
17,1415
0
1000
0
0
0
0
0
0
0
0
0
386,617
0
1000
0
0
0
0
1000
0
0
0
0
0
0
723,846
0
245,85
0
0
1000
0
1000
0
0
0
0
52,0785
0
0
0
0
0
0
0
0
0
760,031
0
0
0
0
0
0
0
0
0
0
341,734
0
0
0
717,563
0
0
0
187,004
0
0
0
0
17,0401
0
0
0
0
0
0
0
0
0
80,557
0
0
0
0
0
0
0
0
0
0
0
0
0
0
0
0
0
388,709
0
0
0
0
434,601
0
0
772,426
0
0
0
0
0
0
0
0
788,395
0
0
0
0
567,071
0
0
0
0
0
0
0
0
0
0
175,004
0
0
0
0
0
0
0
113,969
0
0
0
0
0
0
0
0
0
0
0
0
0
0
0
1000
0
0
0
0
0
0
0
0
0
0
0
0
0
1000
0
0
0
0
1000
0
762,372
0
0
0
0
0
0
0
0
0
452,928
0
0
0
0
1000
0
0
0
0
0
0
0
536,828
0
0
0
0
0
0
0
0
0
0
0
0
0
0
0
236,149
0
0
0
0
0
0
0
0
0
0
0
0
0
1000
0
0
0
0
0
527,359
0
0
182,697
0
0
424,745
0
0
0
0
0
0
0
0
0
0
0
0
565,42
0
0
0
0
105,869
414,404
0
0
0
346,453
0
0
0
0
0
0
0
0
0
0
0
0
0
0
0
0
0
0
0
0
0
0
0
0
0
0
0
0
0
1000
0
0
0
0
23,8164
0
0
0
0
0
0
0
50,3379
0
0
276,56
0
0
0
0
0
0
0
0
0
0
0
782,684
769,849
0
0
0
0
0
0
0
0
0
124,132
0
0
0
0
0
0
0
0
0
475,872
0
0
0
0
582,138
0
0
0
0
0
0
0
0
0
0
0
0
543,943
0
0
0
747,529
0
0
0
0
0
1000
0
814,286
725,182
0
0
0
0
1000
0
0
0
0
0
548,371
0
0
0
0
0
0
0
0
0
0
0
0
193,741
0
51,6099
0
0
1000
0
0
0
0
0
0
0
0
0
0
0
0
0
0
0
0
734,534
0
0
0
430,44
0
0
0
0
0
0
0
0
0
51,1135
0
0
0
0
0
528,305
0
0
0
0
0
1000
726,322
32,5684
1000
0
0
912,208
0
0
0
0
0
0
1000
782,786
0
0
0
0
0
370,827
0
0
0
0
0
43,7082
0
0
0
191,667
0
0
0
0
0
0
0
0
0
0
0
0
0
0
1000
490,954
601,506
0
0
0
0
0
0
0
0
0
0
0
0
0
322,495
0
0
1000
0
13,9706
0
0
0
0
0
780,218
0
0
0
0
0
0
1000
0
0
0
237,753
0
0
0
0
0
0
0
0
1000
0
0
0
0
0
0
0
0
0
789,041
0
0
0
0
0
0
0
0
0
0
0
0
0
0
0
0
0
1000
0
0
502,038
0
0
0
0
0
0
0
0
0
0
0
0
0
0
0
0
0
0
0
0
0
0
670,328
0
390,283
0
0
0
0
0
713,813
0
0
0
0
0
0
0
0
0
205,787
0
0
22,8775
192,499
0
0
0
0
0
0
0
65,6476
124,429
0
0
0
0
1000
0
0
0
39,6529
0
0
0
0
0
186,662
0
0
321,319
55,5567
848,859
600,564
0
0
0
0
0
0
0
0
0
226,388
1000
0
0
0
0
0
0
0
0
0
0
0
0
0
381,924
524,318
0
0
0
0
0
0
0
0
0
0
0
0
0
0
0
0
0
0
0
0
0
0
89,975
0
0
0
0
0
0
0
0
0
0
0
0
793,766
0
0
0
0
0
0
0
0
428,633
0
0
0
0
0
0
0
0
0
0
1000
0
718,216
0
0
0
1000
0
727,697
0
0
0
0
0
0
0
0
0
0
0
0
0
0
66,8128
71,8899
0
0
0
1000
0
96,203
0
0
0
0
0
0
0
360,725
0
0
0
0
0
0
0
0
124,39
0
0
0
0
0
0
0
0
0
0
0
600,925
0
0
0
0
0
1000
764,58
0
425,863
0
0
0
0
787,715
132,645
0
155,355
0
0
0
0
1000
0
0
0
0
21,2549
0
0
1000
425,157
0
0
0
0
0
0
0
0
28,3555
0
0
0
0
763,557
0
256,663
0
0
1000
0
0
196,962
839,067
222,593
0
0
0
0
0
0
0
0
0
0
0
0
0
0
0
0
0
0
0
0
0
0
0
0
0
0
0
0
0
0
0
0
0
0
0
0
0
0
0
0
0
1000
807,104
727,344
0
464,8
0
0
266,741
0
0
0
0
685,908
0
0
0
0
0
0
0
0
0
0
0
0
0
0
0
0
0
0
0
1000
0
1000
692,478
0
0
757,877
0
0
0
0
0
0
0
0
0
717,798
0
1000
0
0
0
230,753
0
0
0
0
359,832
0
0
0
0
1000
207,62
0
556,879
74,6805
0
0
0
0
0
0
665,81
0
0
0
0
0
0
0
0
0
478,169
0
0
854,71
0
0
786,906
0
0
0
0
0
1000
0
0
0
0
0
0
768,915
0
0
0
0
0
0
0
0
0
0
634,764
776,467
1000
0
0
1000
0
0
1000
0
0
374,592
777,896
0
0
0
0
0
92,1313
0
0
0
1000
0
0
786,894
0
0
0
0
0
0
0
598,792
0
1000
0
0
0
0
0
0
0
0
0
0
0
0
18,2688
0
0
0
1000
0
0
444,588
0
0
586,29
0
0
481,952
0
0
0
0
0
0
0
0
0
0
0
1000
0
0
601,839
0
0
0
0
0
0
0
0
0
0
0
0
0
0
0
0
0
0
0
0
524,993
0
0
0
0
60,0155
0
0
0
0
0
0
341,034
0
0
0
0
0
1000
0
0
705,864
0
0
0
0
0
0
0
0
0
0
687,315
184,648
0
0
0
0
0
0
0
0
233,803
369,566
0
0
491,149
0
0
0
0
0
0
0
0
0
0
0
0
0
0
0
0
0
0
764,157
0
0
0
0
0
0
0
0
0
0
0
0
0
0
0
0
0
776,686
0
0
0
0
740,043
0
0
0
0
0
0
0
0
1000
0
0
0
0
0
0
0
0
0
0
590,909
0
0
0
0
0
0
0
0
0
324,946
0
33,8151
0
0
0
0
0
297,544
0
0
0
1000
0
0
0
0
0
0
0
312,452
0
334,487
0
0
0
0
0
1000
0
0
598,314
0
0
0
336,425
0
0
474,579
1,50165
0
419,529
0
0
0
0
0
0
534,282
0
0
537,437
0
0
0
0
492,32
7,09862
0
0
0
0
0
0
1000
1000
0
0
0
85,1756
0
0
0
292,659
0
0
0
493,511
0
0
0
242,518
116,81
0
400,445
754,493
223,465
0
151,785
0
0
0
0
0
0
0
0
0
0
0
0
0
0
0
250,359
0
0
0
0
0
0
651,535
0
0
0
0
0
0
0
0
0
0
0
765,836
26,8568
1000
0
0
0
0
0
0
0
601,624
1000
0
0
0
517,197
0
0
0
17,1693
0
0
0
0
0
0
0
0
0
0
0
0
0
0
0
1000
0
0
0
0
0
0
452,104
0
409,771
0
0
1000
0
0
35,7215
0
0
0
0
0
0
0
0
0
0
0
0
0
268,337
0
0
0
0
0
0
1000
0
0
0
0
0
0
0
0
0
0
0
0
1000
0
0
0
0
0
546,292
0
0
0
0
0
0
0
0
0
0
0
0
0
0
421,882
0
0
0
0
0
0
0
0
0
0
0
252,628
0
0
0
0
0
0
0
0
0
0
0
0
0
1000
0
0
0
0
668,115
0
0
1000
166,17
0
0
0
0
0
534,64
0
0
0
0
0
0
0
50,143
0
0
0
0
0
0
710,381
0
0
0
0
0
0
0
0
0
0
0
0
0
765,69
0
560,173
0
0
0
0
601,266
0
0
0
0
0
0
42,1428
330,173
0
0
172,275
0
0
0
0
210,637
0
0
0
0
0
0
0
458,278
0
0
0
0
0
0
508,509
0
0
0
0
1000
0
0
0
0
0
0
0
0
0
0
0
0
0
0
0
0
807,42
0
0
0
0
0
0
0
0
0
0
0
0
0
0
0
0
0
1000
0
0
0
0
0
0
0
0
0
0
555,689
30,5212
0
0
0
0
0
525,702
0
0
0
565,247
0
0
0
599,211
0
186,432
0
0
0
0
0
0
0
0
0
0
0
0
0
0
712,592
0
0
0
749,667
457,861
0
0
790,421
0
0
0
1000
1000
0
0
0
1000
0
0
0
0
0
0
0
0
0
0
0
0
0
0
431,344
0
242,912
0
0
0
0
0
0
691,214
0
0
0
0
442,22
0
0
0
0
1000
333,744
0
0
0
0
0
0
0
104,069
0
0
0
0
0
0
815,273
0
0
0
0
0
0
674,882
0
742,45
0
0
702,829
0
0
0
0
0
0
0
0
509,931
0
0
0
0
0
0
836,693
0
0
0
0
0
0
0
1000
0
0
0
0
0
0
0
0
0
63,523
514,812
0
0
0
0
0
0
0
0
0
188,953
0
1000
0
0
0
725,077
789,395
0
0
0
0
0
0
0
0
165,37
0
0
0
0
0
0
0
814,462
0
0
0
119,171
0
0
0
0
0
0
0
0
217,168
0
0
0
0
0
0
416,116
1000
0
0
688,802
0
2,23391
0
0
0
0
0
605,197
0
0
0
0
0
0
0
273,019
0
0
0
0
476,821
0
0
0
168,132
0
0
0
0
0
0
1000
0
0
0
0
0
0
0
0
0
595,529
0
0
0
87,215
0
0
0
0
0
462,61
0
0
0
540,57
0
0
0
0
0
0
440,863
0
0
0
0
724,881
0
0
0
0
0
1000
76,9878
0
601,387
0
1000
0
0
0
0
0
0
0
0
0
0
0
0
0
0
0
0
0
0
0
0
0
0
0
0
0
0
0
0
712,296
0
0
1000
0
0
0
0
0
0
0
0
718,544
0
104,051
0
0
0
0
0
0
0
0
0
0
0
0
0
469,488
791,839
0
0
0
0
0
0
0
0
0
0
0
0
0
0
0
0
0
354,683
0
0
0
0
0
0
0
0
0
0
0
0
1000
0
0
0
0
0
0
0
0
1000
0
0
0
0
0
0
0
1000
0
0
0
0
0
0
0
0
0
1000
0
0
0
0
0
0
0
0
248,818
0
0
0
0
0
0
0
0
0
596,556
0
0
0
0
0
0
0
588,12
0
0
0
0
0
0
0
0
0
0
0
0
1000
0
0
0
171,547
405,541
0
0
0
0
0
0
0
0
480,311
0
0
0
0
0
0
206,316
0
546,597
0
0
0
0
0
0
420,441
0
0
0
0
415,656
739,235
0
0
0
0
0
0
0
0
0
0
0
0
0
0
0
0
0
0
0
0
0
0
0
0
0
0
0
0
588,985
0
135,203
195,111
0
0
0
0
0
0
0
762,329
0
0
0
0
0
0
0
0
0
0
0
0
0
0
0
0
0
0
0
0
0
0
0
0
0
0
0
0
0
0
0
0
336,513
0
0
0
0
0
0
0
0
0
0
0
0
0
110,648
0
0
0
0
0
0
192,458
0
0
0
0
0
1000
0
0
0
0
0
1000
517,029
0
0
0
0
282,256
0
0
0
463,778
1000
0
0
0
792,486
0
0
0
0
414,186
0
0
0
0
0
0
0
0
0
0
0
0
701,551
520,338
0
0
1000
426,646
0
0
0
308,935
0
0
0
0
750,78
0
0
51,6838
0
0
0
0
0
0
0
0
259,346
1000
0
0
0
407,194
0
1000
270,447
0
691,493
0
1000
1000
616,97
0
0
0
0
0
0
0
0
0
0
0
0
0
0
0
0
0
0
0
0
0
0
0
0
0
0
0
0
0
0
0
0
0
0
0
0
0
0
0
1000
0
0
0
0
0
0
0
0
0
492,218
1000
1000
0
0
0
0
0
0
0
0
0
0
0
0
0
486,724
8,8543
0
0
0
0
1000
0
0
0
0
0
0
0
0
0
0
0
0
0
0
0
0
0
0
0
0
0
125,239
0
0
0
0
0
0
0
0
0
0
0
0
0
0
0
0
0
1000
0
0
0
0
0
0
0
0
0
0
0
719,992
0
0
1000
0
0
0
576,022
0
0
320,446
0
0
0
215,495
0
0
756,118
1000
0
0
0
0
0
501,142
0
161,93
0
0
0
0
0
0
0
0
0
0
0
0
0
0
0
0
907,88
779,41
0
357,292
1000
0
0
0
0
0
753,099
0
0
0
0
0
0
0
168,063
0
0
0
0
206,669
0
232,833
696,88
0
0
0
0
270,763
447,77
1000
637,158
0
598,446
0
0
1000
0
0
0
0
112,833
0
0
0
0
0
0
0
0
0
0
0
0
294,976
0
0
0
1000
0
0
0
352,486
0
1000
0
0
0
0
385,284
0
0
0
0
0
0
0
0
0
0
0
0
0
0
965,102
0
0
0
0
0
0
0
0
761,84
0
0
0
0
0
0
0
0
0
0
0
0
0
0
8,40098
0
0
0
0
0
0
206,662
0
428,668
288,61
0
0
0
0
1000
0
556,436
0
0
0
0
1000
0
0
0
0
0
0
0
127,695
0
0
0
0
27,7069
0
0
0
0
0
0
0
0
0
684,386
0
0
1000
0
361,579
0
0
0
0
0
0
1000
0
0
0
0
370,296
0
0
0
0
0
520,89
258,32
0
0
756,673
0
0
0
0
0
0
0
0
0
0
0
0
0
0
0
0
0
0
0
0
0
0
0
0
0
614,127
0
0
0
0
1000
516,261
0
0
0
0
1000
0
0
0
0
0
0
0
0
0
0
0
18,2096
0
0
0
0
0
838,433
0
0
0
0
0
0
0
0
0
714,225
0
0
290,556
0
0
0
0
0
0
0
71,6924
0
0
457,997
0
1000
0
0
0
0
0
0
0
0
0
0
0
0
0
0
0
0
0
1000
0
0
0
0
336,902
0
0
0
0
0
747,094
0
0
0
0
0
1000
0
0
505,882
760,697
0
0
0
0
0
0
0
207,67
0
0
1000
0
272,893
0
0
0
544,128
602,029
0
0
0
0
148,983
654,94
0
0
0
0
1000
0
0
0
0
74,2796
0
0
0
0
0
0
0
0
194
0
0
0
0
0
0
0
0
0
0
0
743,009
511,114
0
0
0
0
760,315
0
1000
0
0
0
0
342,293
0
0
0
0
0
0
0
0
112,694
765,921
501,63
0
0
0
556,258
1000
0
68,2129
0
0
0
0
0
0
0
764,768
0
0
0
0
0
0
1000
0
0
0
0
0
0
0
96,7079
0
0
0
0
157,857
0
0
0
0
0
0
1000
0
0
0
0
0
412,796
0
0
0
726,716
0
0
0
1000
0
0
0
0
0
0
0
0
0
0
272,06
252,384
0
0
255,63
0
0
0
144,1
0
0
0
0
0
0
1000
0
764,457
0
0
0
0
0
0
0
0
0
0
26,7996
0
0
0
0
0
0
0
0
1000
1000
0
0
0
0
0
526,323
0
0
0
0
0
0
0
0
0
0
0
0
0
0
0
0
0
0
297,39
0
0
0
0
0
0
0
0
0
751,135
0
0
0
0
0
0
0
0
0
0
417,745
0
0
0
0
0
0
0
0
507,085
0
0
0
1000
0
541,273
0
335,612
0
0
0
0
0
0
0
0
0
0
0
0
0
0
0
0
0
0
0
0
0
86,1356
0
440,67
701,415
0
0
0
0
0
0
0
0
0
190,224
0
0
0
0
0
0
0
0
0
0
0
0
0
0
0
0
0
0
0
0
801,297
0
0
0
418,39
0
0
0
0
0
0
0
0
416,536
0
0
4,16565
0
0
0
0
0
0
0
0
0
0
0
0
0
0
0
0
0
0
0
0
681,852
0
0
0
0
1000
0
0
0
0
0
0
0
0
0
0
0
0
0
0
573,646
388,803
393,067
526,987
0
337,568
0
771,505
0
0
0
722,172
0
734,646
0
0
0
0
0
0
0
0
0
0
0
140,428
794,679
0
0
0
0
0
412,653
0
0
32,1851
222,377
0
0
0
1000
1000
0
0
0
343,999
0
204,778
0
0
0
0
0
1000
1000
0
725,596
0
0
0
185,916
1000
0
0
0
0
0
0
0
0
0
166,112
0
0
0
0
0
0
0
0
429,998
0
0
0
0
0
0
0
1000
0
0
0
0
0
519,962
0
0
0
139,389
0
0
0
0
0
0
0
0
0
476,324
0
0
0
0
0
0
0
0
0
0
661,795
0
0
0
0
0
0
670,997
0
329,716
760,54
0
0
0
0
0
0
755,03
0
0
0
0
0
0
0
0
0
0
0
0
0
0
1000
0
0
1000
0
0
0
0
0
0
0
0
0
0
0
0
0
0
0
0
0
795,6
1000
149,52
0
0
0
0
0
0
0
0
0
0
0
0
0
0
0
0
0
0
0
0
357,259
0
783,815
0
0
480,025
161,185
0
458,073
0
0
0
0
0
0
0
0
307,051
0
0
0
0
0
0
0
0
0
0
0
0
368,611
0
0
0
0
0
0
0
0
0
0
0
0
0
0
0
0
0
768,013
222,345
0
0
1000
0
0
0
0
0
0
0
0
1000
0
0
0
0
0
0
0
181,632
0
0
0
0
160,67
0
0
0
0
0
0
0
0
0
0
0
0
0
0
0
0
739,635
0
0
0
0
0
0
0
0
0
0
0
0
1000
380,647
1000
0
0
0
0
0
0
0
449,131
93,4054
0
1000
0
0
517,844
0
1000
0
0
0
0
0
0
0
0
0
0
0
0
0
0
542,202
0
320,874
0
0
0
0
0
0
0
0
0
0
0
0
0
0
0
0
0
223,097
0
0
0
0
0
0
0
0
0
0
0
0
0
0
0
0
0
0
0
0
0
0
0
0
0
0
0
0
0
1000
0
0
0
0
0
0
0
0
0
307,529
0
0
0
14,4463
0
0
0
0
0
0
0
0
0
0
0
0
0
136,276
0
88,2084
173,312
0
757,867
0
0
0
0
0
0
0
0
0
706,659
0
0
0
0
813,815
0
0
0
0
0
853,242
0
0
0
0
0
0
0
140,114
0
0
0
0
0
0
0
0
0
0
0
0
0
0
0
0
0
0
0
0
0
0
0
0
171,581
0
0
0
0
416,962
0
0
0
0
0
0
0
0
0
454,508
0
0
0
0
0
0
0
1000
0
0
0
0
0
768,396
0
0
0
0
0
572,679
0
0
0
0
0
754,33
0
0
317,027
0
718,545
574,698
0
0
0
0
0
0
0
0
782,446
0
0
0
0
0
1000
0
0
0
0
0
0
0
0
0
1000
0
0
0
0
219,961
0
0
0
0
0
0
0
0
0
0
0
0
0
0
0
0
0
0
0
746,432
160,04
0
0
0
0
0
0
0
0
271,009
0
0
0
0
0
0
0
0
0
0
0
0
0
0
0
733,104
0
0
0
0
40,6435
0
0
0
589,559
0
0
0
0
0
0
0
0
0
0
0
0
0
0
0
785,129
0
0
0
1000
0
0
554,277
0
0
0
0
0
0
1000
0
0
0
0
788,495
0
0
740,919
0
0
0
0
0
0
0
706,969
502,406
264,508
0
0
0
0
0
0
0
0
0
0
0
0
0
0
0
0
0
0
0
167,519
0
0
0
0
0
0
0
0
727,16
0
0
0
759,427
0
0
0
0
0
0
0
0
0
0
0
0
0
0
0
606,986
0
0
0
0
0
0
0
0
222,124
0
0
0
0
0
270,171
0
0
0
0
0
0
0
0
0
0
1000
0
0
1000
0
0
0
0
0
175,815
0
0
0
0
0
0
0
0
0
0
305,409
0
0
0
0
720,848
1000
0
0
0
766,447
1000
320,021
0
0
387,674
0
0
0
0
0
0
0
0
0
0
0
0
269,254
0
0
0
0
0
0
1000
0
0
0
1000
0
0
0
0
0
0
0
0
0
0
0
0
0
0
0
0
0
0
1000
0
0
489,369
1000
0
42,0569
0
475,777
0
0
0
0
338,169
1000
0
0
0
0
1000
0
0
0
0
0
561,088
739,446
0
0
0
0
208,192
0
0
0
274,995
0
0
0
0
0
0
0
146,477
0
1000
0
0
0
0
0
0
818,915
0
0
0
0
0
0
0
0
0
0
0
0
246,249
0
0
0
0
0
0
0
0
0
390,448
0
0
478,987
0
0
395,106
0
0
0
36,7406
145,353
0
0
0
0
0
0
0
0
0
0
448,013
0
436,852
186,385
0
0
0
0
0
34,0727
0
0
0
0
0
0
0
577,49
0
0
1000
59,9453
725,811
0
0
0
0
0
0
0
0
0
0
0
539,486
0
0
258,839
0
0
0
0
0
0
0
0
0
0
0
0
1000
0
0
0
0
0
0
0
0
113,704
0
0
0
0
0
0
0
363,129
0
0
0
0
0
598,274
548,266
0
0
0
0
0
0
0
0
0
0
0
0
0
0
0
0
0
0
0
0
0
0
0
0
0
0
0
0
660,374
0
0
0
0
1000
789,637
0
0
0
0
0
0
0
0
0
0
0
0
0
0
0
0
0
0
0
64,8312
0
737,454
0
0
0
531,806
0
233,822
0
0
0
0
0
0
0
1000
0
1000
0
0
0
0
0
0
0
0
0
0
1000
379,377
0
0
842,496
0
0
0
579,974
0
0
0
340,83
272,031
0
0
1000
0
0
0
0
0
0
0
0
578,341
0
735,432
0
0
0
0
0
0
0
0
0
0
0
0
0
0
0
0
0
0
0
0
0
0
302,381
0
0
0
0
0
0
0
0
0
0
0
0
0
0
0
0
0
0
0
0
0
0
0
0
0
0
0
0
0
0
160,154
0
0
1000
1000
0
0
0
49,0046
0
317,346
0
0
0
1000
0
0
0
0
0
1000
0
0
786,226
0
0
0
0
0
0
0
0
0
0
0
0
1000
0
0
0
0
0
0
0
0
0
0
0
0
0
0
0
0
0
0
0
0
0
0
0
0
0
0
0
0
0
0
0
0
0
270,506
0
0
0
0
0
0
0
0
0
0
0
111,844
0
0
0
0
0
615,564
0
0
0
0
382,933
0
433,364
0
0
0
0
0
0
328,788
0
0
0
0
0
1000
0
0
0
0
543,529
0
0
0
0
0
0
0
0
0
0
714,641
19,6437
0
0
0
0
0
0
0
0
0
0
0
0
0
0
0
0
0
0
0
0
0
0
0
515,898
0
0
0
599,734
0
0
0
0
0
0
0
0
0
0
0
86,2771
0
0
0
0
0
496,439
0
0
0
0
0
0
0
0
0
52,8438
1000
0
436,124
0
139,471
0
0
0
0
0
0
592,353
1000
0
0
0
0
0
0
0
0
0
0
0
0
0
0
0
0
0
0
0
0
0
0
0
0
1000
0
96,635
0
0
0
0
0
0
0
0
0
0
282,374
0
0
0
0
0
0
0
0
0
0
0
0
0
0
0
0
0
0
0
0
0
0
462,901
0
0
0
0
0
0
0
0
0
0
0
0
0
0
0
1000
0
0
0
0
0
0
0
305,669
0
0
0
0
0
0
0
0
0
0
0
0
0
0
0
0
0
0
0
0
0
0
0
0
287,075
223,68
528,785
0
0
0
0
0
0
132,113
0
0
0
0
0
0
0
0
0
0
0
0
0
0
0
0
0
0
0
1000
0
0
0
0
0
0
0
0
0
0
0
0
0
0
0
0
0
0
0
0
0
0
0
0
0
0
0
0
0
0
0
0
0
0
0
0
0
110,708
0
0
789,065
0
0
0
0
0
0
0
0
0
0
242,625
0
0
1000
406,499
0
0
0
0
0
508,416
0
0
0
69,6713
0
232,2
0
0
240,491
1000
0
0
398,002
0
0
259,833
0
0
427,456
0
1000
0
0
4,07371
0
0
0
1000
768,27
0
0
0
0
0
0
0
0
0
0
0
0
0
0
0
0
755,019
59,3029
0
0
0
301,406
0
0
0
0
0
0
0
0
573,015
0
0
0
1000
0
0
420,114
0
0
0
0
0
0
0
0
269,601
0
0
0
0
0
0
0
0
0
75,7468
0
0
0
0
0
0
0
0
0
0
0
0
0
0
0
0
0
0
0
0
0
0
0
0
0
0
0
0
0
0
0
0
0
0
0
0
0
0
0
0
0
0
0
0
0
0
0
0
0
0
58,6051
1000
0
0
212,414
0
462,084
0
0
0
0
248,537
0
0
0
237,863
0
0
0
0
0
0
775,878
250,296
0
0
0
0
0
0
0
0
0
0
0
0
229,829
0
584,619
0
0
0
0
148,037
0
0
0
111,525
0
0
0
0
21,0402
0
0
727,694
0
0
0
0
0
0
0
0
70,3524
829,336
0
0
0
0
0
0
0
0
332,116
0
388,986
0
0
0
0
390,119
0
0
0
344,519
0
0
1000
0
0
8,5188
0
783,973
77,1004
0
0
0
0
0
0
0
0
611,414
0
0
0
0
0
0
0
0
0
106,045
584,344
0
0
0
0
0
0
0
0
0
158,461
0
0
0
826,497
0
535,559
0
0
0
0
414,336
0
0
0
0
0
0
0
0
0
436,148
0
0
0
0
0
0
0
0
0
0
1000
0
224,845
0
0
0
0
0
613,541
0
0
0
0
0
0
0
0
0
792,812
0
0
123,306
0
0
0
0
145,615
1000
0
0
0
0
0
0
0
0
742,007
1000
0
1000
0
358,806
0
0
0
0
571,151
0
0
0
0
0
0
0
0
0
401,482
0
0
0
321,003
0
0
0
0
204,248
0
0
0
0
0
0
0
0
0
0
1000
715,285
173,743
0
0
0
1000
1000
0
0
0
0
819,35
505,484
0
0
0
41,8713
0
0
0
0
0
0
0
0
0
0
0
0
0
0
0
39,5507
0
0
0
0
0
157,161
0
0
0
1000
0
0
0
0
0
1000
0
680,279
0
715,122
0
0
0
0
0
0
0
196,624
0
0
1000
0
0
0
766,788
0
0
0
0
0
43,2112
0
0
0
0
0
0
0
0
0
0
0
0
0
0
1000
0
200,86
0
0
0
0
0
530,651
0
0
0
0
4,18915
0
0
0
0
0
0
0
0
0
0
0
0
0
768,4
0
1000
0
0
0
0
0
0
0
597,17
0
0
0
0
0
0
0
0
0
0
0
0
0
0
0
0
0
165,841
0
0
0
749,39
0
0
0
0
594,335
181,906
0
390,664
0
70,2733
0
0
866,328
0
0
0
0
0
0
0
0
53,0382
0
0
0
0
0
0
695,894
0
0
0
0
0
0
0
0
0
1000
0
1000
0
0
0
1000
0
0
0
0
0
0
0
61,0074
0
0
0
0
0
1000
1000
0
0
0
0
0
0
0
0
0
0
0
466,278
0
0
3,73391
0
638,346
0
0
0
0
0
0
0
0
0
0
0
0
0
1000
0
0
0
0
0
0
0
0
0
0
0
0
0
1000
0
0
0
0
0
0
0
0
0
0
0
0
0
0
0
0
0
0
0
0
460,315
0
0
0
0
0
0
0
0
0
0
0
0
0
0
307,731
0
361,643
0
0
571,17
0
0
784,414
0
0
0
0
0
0
0
0
0
0
0
0
0
0
0
565,593
0
0
0
0
0
0
555,739
0
0
1000
0
0
0
30,5873
0
0
0
0
0
0
0
0
30,2112
0
0
0
0
0
0
0
0
0
0
0
44,5013
0
81,4404
0
0
0
0
0
0
0
333,812
0
0
0
0
0
0
417,043
0
0
0
0
0
0
0
0
0
0
0
0
630,947
42,4883
0
0
293,525
0
0
0
0
0
0
0
0
0
0
0
0
0
0
0
0
0
0
0
0
0
0
0
578,96
0
0
0
0
0
0
0
0
0
0
0
0
0
0
0
0
0
0
0
0
0
1000
0
0
0
0
0
0
0
0
0
1000
0
0
0
0
0
0
753,104
0
0
0
0
0
0
0
0
0
1000
0
0
0
0
0
0
0
540,025
0
0
739,52
0
0
65,82
274,693
0
0
0
0
0
0
0
550,79
0
0
0
0
0
0
0
0
0
0
0
0
0
0
1000
0
0
1000
212,72
53,8874
0
0
0
0
0
0
0
0
0
0
0
0
0
0
0
0
0
0
0
0
1000
0
0
0
0
0
463,893
0
0
0
0
0
0
0
0
0
0
0
0
0
0
0
0
0
219,538
0
0
0
0
0
0
0
0
610,38
0
0
0
0
0
0
0
0
0
0
0
0
0
0
0
0
0
0
0
0
0
0
0
0
0
0
596,017
0
0
0
0
0
0
0
0
213,782
0
0
1000
0
0
385,308
0
0
0
0
0
0
0
0
0
303,92
0
606,376
0
0
0
0
0
0
0
0
0
0
0
0
0
0
0
0
0
0
0
0
0
0
0
0
0
0
0
0
0
0
0
0
0
0
0
0
0
0
0
0
0
0
0
0
0
0
0
0
0
1000
0
0
0
842,517
0
0
0
0
771,012
0
0
0
0
1000
0
0
1000
0
0
0
1000
0
0
0
376,322
0
0
1000
197,739
0
1000
0
0
0
0
1000
0
0
381,797
0
0
0
231,068
0
0
719,795
0
0
0
1000
0
0
0
0
0
785,617
0
0
0
0
0
0
500,444
0
0
0
1000
0
0
0
0
0
1000
747,064
393,226
0
152,595
0
0
0
0
0
0
0
0
0
0
0
0
0
0
0
0
0
0
0
0
0
0
0
0
0
0
0
0
0
0
0
0
1000
1000
0
0
0
0
212,79
0
0
0
0
0
0
540,191
0
0
0
0
0
638,773
0
0
0
0
0
0
0
0
0
0
0
0
1000
0
0
0
0
0
0
645,117
0
0
0
1000
0
0
0
0
0
0
0
338,781
0
0
141,681
0
185,727
0
1000
753,192
0
0
0
0
0
0
192,627
0
0
0
0
0
0
0
0
0
454,683
29,9085
0
0
0
0
0
0
0
0
280,146
0
0
0
0
0
0
0
144,585
0
0
0
0
0
0
0
0
0
730,505
0
0
0
0
0
415,034
0
0
311,121
0
0
0
0
0
747,855
0
0
0
210,657
0
0
0
46,3574
0
0
0
0
0
0
0
0
0
0
0
0
0
1000
0
0
0
0
157,516
0
0
0
0
0
0
0
0
0
0
0
0
0
0
0
0
127,904
0
0
0
0
0
0
0
558,497
0
0
1000
0
0
0
0
0
0
63,9806
0
0
0
0
0
0
0
0
764,467
0
0
0
0
779,404
0
688,213
0
0
0
0
0
0
0
0
0
0
0
0
0
0
0
0
166,429
0
0
0
715,892
1000
0
0
0
1000
563,016
0
0
1000
0
0
0
0
0
0
0
819,697
0
0
0
0
0
245,996
0
0
411,013
0
0
0
0
0
363,888
0
0
0
0
626,654
1000
0
0
1000
0
0
0
0
0
0
0
0
0
767,615
0
0
0
0
0
0
0
0
3,81941
0
0
486,398
6,52258
0
0
0
0
754,782
0
0
0
0
666,034
0
0
0
0
546,214
1000
0
0
0
0
0
0
788,722
125,215
0
0
0
611,007
0
770,326
27,0252
0
0,985202
0
0
781,739
0
0
0
0
589,092
0
0
605,659
0
0
0
0
0
0
0
0
0
0
0
0
0
0
0
0
0
0
0
0
0
1000
0
0
0
1000
0
0
607,98
0
0
0
0
0
313,731
0
0
0
0
84,8423
0
821,717
0
0
0
0
0
0
0
0
780,388
496,667
0
0
0
1000
0
0
0
0
0
0
0
0
0
0
0
0
0
0
0
0
0
0
0
0
0
0
47,9185
101,298
0
0
0
0
307,271
1000
0
1000
0
595,569
522,795
0
0
0
0
0
0
0
0
0
0
0
0
0
388,546
0
0
0
0
0
0
0
0
0
0
0
0
0
770,257
0
0
1000
0
0
0
0
0
0
0
640,837
0
0
375,708
0
0
0
0
0
0
70,6166
633,184
0
0
0
0
0
0
0
0
0
1000
0
0
0
0
0
0
0
0
0
0
0
0
0
0
0
0
591,668
0
0
0
0
0
0
0
86,4631
137,703
0
0
132,293
0
629,266
0
0
386,42
1000
0
0
0
0
0
0
0
0
0
0
0
0
0
0
0
0
0
0
0
0
0
0
0
0
0
0
0
0
0
0
0
678,2
1000
756,984
0
0
0
0
0
0
0
0
0
0
0
0
0
0
0
0
0
0
0
0
831,586
386,635
0
0
0
0
0
0
1000
0
0
0
0
0
0
197,498
0
0
0
0
0
0
0
525,325
645,418
0
0
0
0
0
0
0
0
0
195,031
789,171
1000
0
0
0
598,067
0
0
0
1000
0
0
470,127
0
0
0
441,87
1000
0
0
0
0
0
0
1000
0
0
0
0
330,484
0
32,1685
0
0
0
0
158,985
0
0
0
0
0
0
0
529,903
0
0
0
1000
1000
0
0
0
0
269,018
0
0
0
0
0
0
0
0
0
0
0
0
108,297
0
685,231
0
0
0
0
366,232
0
0
0
0
0
0
0
0
0
0
0
0
0
0
0
0
0
0
0
0
0
0
0
0
624,31
0
0
1000
0
0
0
0
0
0
1000
0
1000
0
0
0
0
0
0
0
0
0
0
0
0
1000
0
421,671
0
0
0
0
0
0
0
1000
0
0
251,042
0
0
0
0
269,002
502,903
0
0
693,689
0
0
184,43
0
0
0
600,578
0
0
130,87
0
0
0
0
0
0
0
0
0
0
0
0
0
0
0
0
0
0
0
0
0
141,004
0
0
0
0
0
0
0
0
761,723
0
0
0
1000
0
0
1000
0
0
0
0
0
0
587,017
0
0
764,438
0
740,173
0
0
201,646
0
0
0
166,501
0
0
0
0
0
0
0
0
0
0
0
0
0
0
0
0
0
0
0
0
0
0
0
0
0
0
0
0
0
0
0
0
1000
636,644
0
0
0
0
791,888
0
0
0
0
0
0
0
0
0
0
0
0
0
1000
0
110,638
788,068
227,831
0
0
0
0
0
0
0
0
0
0
0
0
0
0
0
0
0
0
0
0
0
0
540,78
0
0
0
0
316,858
0
0
0
0
0
0
0
0
315,393
0
0
0
769,488
0
0
0
0
0
0
0
0
0
0
0
0
0
0
0
0
0
0
674,141
0
0
0
0
0
0
0
0
0
0
559,479
0
0
501,817
0
0
0
0
0
762,133
0
0
0
0
0
291,087
0
0
0
0
0
0
0
0
0
0
0
0
0
0
0
0
0
0
0
0
596,749
0
0
0
0
0
0
0
0
0
0
0
0
0
76,9524
0
0
0
0
0
0
0
1000
0
791,229
114,188
0
0
1000
0
109,386
0
0
329,573
0
0
0
0
0
0
0
0
0
0
0
0
676,404
0
0
0
0
0
19,8384
0
0
0
342,406
0
0
0
0
0
0
0
0
0
0
0
0
0
0
0
137,017
0
0
1,4889
0
0
0
0
0
0
0
0
0
0
0
0
0
369,116
0
0
0
0
1000
0
0
319,489
1000
1000
0
0
0
0
0
0
560,155
0
0
0
0
0
0
0
0
0
1000
0
0
0
0
0
0
0
1000
0
1000
0
0
68,309
0
0
0
0
0
0
785,619
0
0
0
0
264,414
0
0
191,706
0
0
0
0
0
0
0
0
0
0
0
125,947
0
0
0
0
0
336,092
0
781,041
0
0
0
0
0
0
0
0
0
0
0
0
0
0
0
0
0
606,101
0
0
0
0
0
0
0
0
0
1000
83,0952
0
0
0
0
0
357,346
0
0
0
1000
0
359,188
0
316,564
0
0
0
0
0
0
0
0
135,661
0
0
0
0
0
0
0
0
598,732
0
0
0
0
0
358,713
0
0
0
0
0
0
0
0
0
0
482,219
0
0
0
0
0
0
0
0
0
0
0
1000
545,603
0
0
0
0
0
0
0
0
0
0
0
0
0
0
0
0
0
0
1000
1000
556,735
0
0
0
0
0
0
1000
0
0
256,796
0
0
0
0
0
0
0
0
0
0
0
149,8
579,533
0
0
0
0
0
744,203
0
26,0557
774,668
0
0
331,117
0
0
0
312,235
1000
53,2776
446,82
0
0
0
0
0
0
26,9441
0
0
0
0
0
0
0
0
0
0
0
390,036
0
0
0
0
0
0
0
0
0
0
0
0
0
0
0
0
0
62,6262
0
0
393,238
0
0
0
0
0
484,75
0
0
0
0
0
0
0
0
0
0
0
1000
0
0
176,346
387,05
0
485,66
0
0
0
0
0
0
0
0
0
0
0
0
1000
0
0
0
0
0
0
1000
0
0
0
0
0
0
1000
118,524
0
0
0
0
0
315,581
0
0
0
0
0
0
0
513,381
0
0
0
172,491
0
0
0
0
1000
0
0
0
0
0
0
0
0
0
0
1000
0
0
0
753,707
349,662
0
0
0
0
329,512
0
0
1000
0
0
0
330,159
0
0
0
49,9308
0
0
0
0
0
0
0
0
47,7599
0
0
0
0
0
0
0
0
0
0
0
0
302,86
84,4388
0
0
0
0
0
0
558,834
0
0
0
1000
774,973
0
723,45
0
0
0
0
272,732
0
0
0
727,793
108,824
0
1000
0
0
0
0
0
0
0
0
0
0
0
0
0
0
0
0
0
0
0
0
0
0
0
0
0
0
0
0
0
0
0
0
0
0
0
800,364
0
0
0
0
0
0
0
0
0
297,358
0
0
0
0
0
0
0
0
0
82,6672
0
0
0
0
0
0
0
0
1000
334,123
0
0
0
0
0
0
0
0
374,325
0
56,9972
0
0
794,033
0
0
0
0
0
0
0
0
0
1000
0
0
0
0
0
0
0
0
0
0
0
0
0
0
0
0
0
0
0
1000
0
0
0
0
0
0
0
0
0
0
1000
583,397
0
0
0
0
0
0
0
0
0
575,381
1000
0
0
0
0
0
0
0
0
0
0
0
26,4862
1000
0
0
0
0
0
0
0
596,272
0
0
0
0
0
844,235
0
0
0
0
0
0
0
0
0
0
0
1000
1000
577,009
0
0
0
504,751
693,608
195,062
1000
290,155
0
0
0
0
0
865,197
0
414,786
0
0
0
0
0
0
0
0
0
0
0
0
0
0
630,661
0
0
0
0
0
0
0
0
0
0
0
1000
773,882
0
0
313,338
710,531
0
0
830,793
0
384,243
0
0
0
0
0
0
0
0
0
0
0
0
0
0
0
0
0
0
0
0
7,43989
219,009
0
0
0
0
439,066
0
0
0
0
0
0
0
0
0
773,672
0
0
0
0
0
0
0
0
0
0
0
0
0
0
0
442,413
0
37,1518
406,408
0
0
0
1000
0
0
0
0
0
0
0
0
0
0
0
0
24,45
0
0
0
0
0
0
0
0
0
0
452,043
519,522
0
0
0
0
794,307
0
0
0
0
503,518
0
0
0
0
0
0
0
0
0
775,633
0
0
0
0
0
0
0
0
0
1000
0
0
0
480,734
0
0
0
149,63
0
0
0
0
0
0
0
0
248,158
0
794,15
0
0
0
0
0
0
0
280,011
0
0
0
23,0178
0
0
0
606,589
0
0
0
0
0
0
0
0
0
0
0
455,607
0
0
0
0
419,468
1000
0
0
0
0
0
512,468
0
0
174,514
0
1000
0
0
0
0
0
0
0
0
0
0
0
61,2585
0
310,637
0
0
0
0
0
0
0
0
140,322
0
631,165
0
0
0
0
0
0
0
0
0
725,989
0
0
0
0
0
0
0
0
0
0
0
0
493,271
0
0
0
0
0
0
0
0
0
0
0
0
0
0
1000
0
0
0
0
0
0
0
0
0
0
0
0
0
477,655
699,65
0
0
0
0
0
0
0
0
0
284,475
0
0
0
0
0
0
0
0
0
0
0
0
0
0
1000
0
0
0
426,758
0
0
753,051
1000
0
0
0
0
1000
0
0
0
182,911
0
73,4336
0
0
0
0
1000
0
0
0
0
0
0
0
0
562,215
309,558
0
0
0
0
0
0
0
0
0
0
0
0
0
0
0
0
0
0
102,734
0
41,2072
0
443,008
0
0
0
0
0
0
0
0
0
0
0
280,436
0
0
0
0
0
743,753
0
0
0
0
0
1000
769,305
0
0
0
293,173
0
161,12
0
0
0
0
0
0
0
0
0
0
0
0
0
0
0
0
753,771
0
0
0
0
0
0
273,848
343,401
0
535,968
0
735,999
0
0
0
0
0
0
0
0
0
0
0
0
1000
0
1000
0
0
0
0
0
0
477,325
0
0
1000
0
0
0
0
0
0
0
0
0
0
0
0
0
280,555
0
0
0
485,345
0
1000
0
0
0
0
0
0
0
0
0
0
300,542
0
0
0
0
0
0
0
0
1000
0
0
278,47
0
0
725,856
0
0
452,3
0
119,691
0
0
0
0
0
0
227,427
695,73
0
0
0
0
0
1000
0
0
0
0
0
0
0
0
0
0
0
0
0
0
0
0
0
0
382,148
0
0
0
0
0
0
0
0
0
0
0
1000
0
0
0
0
0
0
0
0
0
0
1000
0
0
0
0
0
0
0
0
0
0
0
0
1000
0
0
0
790,909
721,753
0
0
0
0
781,483
0
0
0
0
0
0
0
0
0
0
0
0
0
0
0
0
0
0
0
0
0
0
0
0
0
463,04
0
0
0
0
0
0
0
0
0
0
0
0
0
0
0
0
0
0
512,143
0
0
0
0
0
0
0
0
0
0
0
0
0
0
0
0
737,577
0
0
0
0
0
0
0
0
1000
1000
0
0
0
0
0
0
0
0
0
0
0
0
1000
0
0
244,596
0
0
0
0
1000
0
0
523,286
0
0
1000
0
0
0
0
0
0
0
0
0
0
0
0
83,4646
0
0
0
0
36,2339
0
0
0
0
0
0
0
0
0
334,1
0
0
0
0
0
0
1000
748,696
0
473,407
0
0
0
0
0
0
0
390,074
0
0
0
0
0
0
0
0
0
0
0
0
0
0
0
0
0
0
0
0
0
0
0
0
210,282
0
0
0
0
0
0
0
0
0
0
277,784
0
338,495
0
0
0
0
792,709
0
201,997
0
0
0
0
0
1000
0
591,36
0
0
0
745,16
0
0
0
0
0
0
0
0
767,371
0
1000
0
0
355,948
0
0
0
144,425
0
0
360,247
0
27,0276
0
0
0
0
0
0
1000
0
0
0
0
0
152,506
4,59664
0
0
0
88,9563
0
0
0
673,103
0
0
0
0
0
0
0
0
0
0
1000
0
0
0
334,631
0
0
0
0
0
348,531
1000
0
0
283,3
0
0
0
0
0
0
0
0
432,566
699,046
0
594,226
446,529
0
0
0
737,522
0
0
0
0
0
462,097
0
0
0
0
0
0
0
0
0
0
0
0
0
0
0
0
0
0
0
0
0
0
0
0
0
0
0
205,682
0
0
0
0
0
0
0
0
1000
0
0
1000
1000
0
1000
805,435
0
0
0
329,817
0
0
0
0
0
0
0
0
0
0
0
0
0
0
1000
0
0
0
0
380,099
0
0
1000
0
0
0
0
0
88,7796
0
0
183,624
0
0
0
0
0
0
0
0
0
779,658
0
0
0
0
715,992
0
0
0
0
0
306,488
0
0
58,4263
767,606
0
0
0
0
0
0
0
694,98
0
0
555,574
277,254
0
0
0
0
0
0
0
426,832
0
264,675
0
192,192
0
0
0
483,448
0
0
0
0
0
0
0
0
0
0
0
0
0
0
0
0
0
0
0
0
0
0
0
0
0
0
0
0
0
0
0
0
433,957
0
0
0
0
0
0
38,9345
0
0
0
0
0
0
0
0
870,959
0
447,656
0
726,726
0
0
585,504
0
0
1000
0
354,666
1000
0
0
0
0
0
0
0
0
0
0
98,1275
0
0
0
0
0
0
0
0
0
0
0
0
0
0
1000
0
0
0
0
305,373
206,483
0
0
0
0
1000
0
0
0
0
0
0
0
0
0
322,803
0
0
1000
0
0
0
0
0
0
0
0
0
0
0
0
532,237
0
0
0
0
1000
1000
0
56,1801
0
0
0
0
0
99,8748
540,431
0
0
0
0
0
0
0
350,727
350,895
1000
413,651
467,366
0
0
0
114,939
0
0
0
0
0
1000
0
0
0
0
0
0
0
0
0
0
1000
136,344
0
0
0
0
0
0
0
0
0
0
0
0
0
0
276,607
0
0
0
0
0
0
0
0
0
0
0
0
0
0
0
268,694
0
0
148,32
250,833
0
0
0
0
0
0
0
0
0
0
0
0
0
0
0
0
0
0
0
0
0
0
0
0
0
0
0
0
0
0
0
0
250,003
0
1000
1000
0
0
0
275,026
0
0
0
0
0
0
0
1000
0
0
181,609
233,175
617,875
779,11
0
0
0
0
0
0
46,5844
0
0
565,109
0
0
0
0
0
0
0
0
0
0
0
0
0
0
0
0
0
0
0
0
0
0
0
0
780,282
0
0
362,873
0
0
0
261,499
0
0
0
0
0
0
0
0
0
0
164,154
0
0
0
0
137,38
0
0
0
0
0
0
0
0
0
165,952
0
0
0
0
0
0
0
0
265,138
0
257,214
0
584,595
0
0
252,031
0
0
0
0
0
0
0
0
0
0
0
1000
0
0
0
614,312
1000
0
0
0
308,178
0
0
0
0
0
0
0
0
0
0
0
0
0
0
0
0
0
0
0
0
0
734,032
0
0
0
0
0
0
0
0
85,125
0
0
0
696,812
0
0
0
0
0
0
0
0
0
0
0
0
719,91
0
0
0
0
0
0
346,667
200,406
0
0
0
0
0
0
0
0
1000
777,901
0
0
0
0
0
0
0
0
0
659,279
0
0
0
774,992
0
89,8291
0
1000
0
0
527,729
296,246
0
0
0
0
0
0
0
0
0
0
743,268
0
558,312
0
166,118
0
0
1000
0
0
0
545,109
0
0
0
0
0
0
0
288,436
272,109
0
0
0
728,715
0
0
0
0
0
0
0
0
0
0
0
0
1000
0
0
0
310,303
0
0
0
1000
0
0
0
0
0
0
779,819
314,293
247,18
0
0
786,442
0
0
0
0
0
0
0
0
0
0
0
0
0
0
0
0
0
0
0
0
0
0
100,936
341,126
0
0
0
0
0
0
0
0
1000
739,114
702,808
0
0
0
0
0
546,568
0
0
0
0
435,431
0
0
0
145,884
0
0
0
0
720,275
0
0
0
0
1000
0
0
0
0
0
0
0
0
0
0
0
0
1000
0
0
0
0
0
0
0
0
0
0
0
0
0
0
0
0
0
752,801
0
0
0
0
0
0
0
0
0
0
0
0
0
0
595,93
37,5574
0
0
0
0
0
0
0
0
0
0
0
0
0
0
0
0
0
0
0
1000
0
0
0
515,055
0
0
0
1000
0
0
0
0
0
0
53,1615
0
0
21,1092
124,754
1000
1000
0
0
0
0
374,401
595,27
0
0
0
0
0
0
0
0
0
0
1000
0
0
0
0
0
0
0
0
0
0
1000
0
0
0
0
0
0
0
0
0
0
0
0
0
0
0
76,0996
0
0
0
0
143,969
0
0
0
0
0
0
0
0
0
0
0
0
0
1000
0
0
0
0
0
0
0
0
0
0
0
0
0
0
0
0
0
0
0
0
0
0
363,196
1000
0
771,297
0
0
0
0
0
0
738,735
0
0
0
0
0
815,643
0
0
0
0
0
0
472,495
0
0
106,785
0
0
0
0
0
0
0
603,881
0
381,248
0
0
0
0
0
0
0
0
0
0
284,499
0
0
0
0
749,021
0
0
0
0
114,366
81,6654
0
0
0
166,572
450,964
0
0
0
0
0
0
0
0
0
0
0
0
164,298
0
0
0
0
0
0
0
0
0
0
0
0
0
13,379
0
0
0
0
0
0
33,7279
0
0
709,467
0
0
0
0
0
1000
0
0
0
0
80,5469
0
0
0
0
0
0
0
0
0
204,344
0
0
1000
0
0
0
1000
0
0
0
0
0
0
0
0
0
0
0
498,857
0
0
0
0
0
0
0
0
0
506,114
218,831
0
0
0
1000
0
708,066
1000
0
0
0
0
0
0
0
0
1000
0
0
0
129,43
0
0
0
0
0
1000
0
0
0
0
0
0
0
0
0
0
0
318,195
0
0
0
0
0
0
387,55
0
0
0
0
0
0
0
0
0
0
0
0
0
0
0
407,753
0
0
0
763,757
0
0
746,632
0
0
0
0
0
0
0
1000
0
0
0
0
0
735,204
0
263,679
0
0
0
0
0
0
0
0
0
0
0
0
0
368,776
0
0
0
0
0
782,001
0
0
0
0
0
1000
0
0
0
0
0
0
21,2416
423,494
0
0
0
0
70,4862
0
0
0
0
0
0
0
0
0
0
0
0
0
0
1000
0
0
0
0
1000
0
0
0
251,982
1000
0
0
0
0
0
0
0
0
0
0
0
0
0
0
0
0
0
116,265
0
0
0
0
0
0
0
0
386,497
0
0
0
1000
0
0
0
0
37,1758
0
0
0
0
0
433,102
0
0
0
0
0
0
0
0
0
0
0
1000
0
0
0
0
0
0
0
0
0
289,351
0
0
0
0
567,28
0
280,659
0
0
0
0
0
0
0
0
0
0
0
0
0
0
0
0
0
259,749
0
0
0
0
0
365,774
0
0
0
0
0
0
0
0
0
367,476
497,38
0
0
0
295,187
0
0
0
0
0
0
0
0
0
1000
0
0
0
0
247,58
0
0
414,189
0
0
0
0
0
0
1000
0
0
0
0
0
0
0
0
391,02
1000
636,965
0
0
0
0
0
0
0
0
696,981
0
0
0
0
0
0
0
12,9038
0
0
0
0
0
0
605,836
0
0
0
796,209
0
0
598,826
0
0
0
0
0
0
0
338,065
0
0
0
0
0
0
794,145
0
0
0
0
0
0
782,129
285,158
0
0
0
1000
0
0
0
0
147,783
0
0
0
0
0
0
0
0
0
0
0
0
0
0
0
0
0
0
49,5942
0
0
0
0
0
0
4,05351
140,243
0
0
0
0
753,795
0
0
0
0
0
398,39
29,1941
0
0
0
0
0
0
0
174,69
0
0
0
0
0
0
0
0
170,921
0
0
0
0
0
0
0
0
733,093
98,1653
0
0
0
0
0
0
0
0
0
0
0
404,32
0
0
0
0
588,954
0
0
0
722,392
0
0
1000
0
343,281
0
0
0
0
386,732
1000
0
0
0
0
792,543
0
0
458,985
0
0
10,0968
0
0
0
0
0
0
0
0
1000
0
89,023
0
0
0
1000
0
0
0
230,721
0
0
0
0
0
0
0
0
0
0
0
0
0
0
0
0
134,451
0
0
0
0
0
0
261,953
1000
0
0
600,941
0
0
0
0
0
0
18,9481
0
0
0
342,538
0
0
0
0
0
0
0
0
0
0
275,707
0
0
534,165
0
0
0
0
1000
0
0
0
0
0
0
0
301,001
0
0
0
224,834
0
0
0
0
0
487,412
0
0
0
0
0
443,642
0
0
0
0
0
0
1000
68,3354
0
0
0
0
0
0
0
0
0
0
0
512,259
0
0
0
0
0
0
0
0
0
0
0
0
0
429,448
0
0
0
0
0
0
0
0
0
0
734,853
0
0
0
0
0
0
0
0
89,8177
98,6627
0
0
126,949
0
0
0
1000
0
0
482,177
222,041
0
0
0
0
0
0
0
853,259
162,031
5,43487
0
0
0
0
0
0
0
0
0
0
0
1000
0
0
0
0
1000
0
0
0
475,691
63,4455
0
0
136,337
0
0
525,851
0
0
0
0
0
0
0
0
0
0
0
96,2073
0
0
0
0
0
0
736,901
0
0
0
179,722
0
1000
0
0
0
0
0
0
0
0
0
0
0
442,096
754,371
0
0
776,43
0
0
0
0
0
0
0
0
0
0
223,286
0
0
567,909
0
0
0
0
0
0
0
0
0
0
0
0
0
0
0
0
0
0
0
0
776,705
0
93,2233
0
0
0
0
0
0
0
0
0
0
0
0
0
0
0
0
0
0
0
0
758,898
0
0
0
0
0
0
0
0
0
0
0
0
0
0
0
0
0
0
0
0
0
0
763,717
0
0
0
0
0
0
0
519,876
0
0
488,082
0
0
0
40,5582
0
0
0
0
0
393,925
0
0
0
0
0
0
0
182,054
0
0
699,066
572,371
0
0
0
1000
836,986
0
0
0
0
0
0
0
0
0
0
0
0
0
0
216,77
0
0
0
538,132
0
0
0
1000
0
0
485
0
0
0
0
0
0
45,3915
0
612,837
0
0
742,704
0
0
0
0
0
0
0
0
692,165
0
1000
0
0
0
0
0
0
0
1000
0
0
0
0
0
0
0
261,691
0
594,515
0
0
0
186,343
795,38
0
0
0
0
319,497
140,098
398,622
0
0
0
697,157
0
0
0
0
0
0
0
796,259
584,448
0
0
0
0
0
0
0
0
0
0
0
0
0
0
0
0
498,608
0
0
0
0
0
0
0
0
500,566
0
0
732,914
0
1000
0
0
0
0
0
0
0
132,706
0
0
0
0
0
0
0
0
0
722,973
0
0
0
231,38
0
0
1000
0
0
0
0
0
0
0
0
0
194,974
0
0
0
0
0
789,524
1000
0
0
0
0
0
0
0
0
0
0
746,706
191,803
0
0
0
0
0
327,295
0
0
10,4279
0
0
0
0
0
0
0
0
0
693,018
0
0
0
0
0
0
0
0
0
0
0
0
391,708
0
0
0
0
0
694,766
0
0
0
0
0
229,577
482,286
0
0
0
236,136
0
0
0
201,265
575,122
0
0
772,846
1000
0
0
0
475,902
412,495
0
0
0
0
0
559,762
0
0
0
445,975
370,595
0
0
0
1000
0
0
39,36
0
0
0
0
0
0
253,054
0
0
0
0
0
0
0
0
0
0
0
0
0
0
1000
0
1000
0
0
0
0
0
0
0
0
0
0
106,887
0
0
0
0
0
0
0
0
0
0
0
0
0
0
0
0
0
0
0
0
0
0
591,125
0
0
1000
0
0
0
0
0
0
0
0
0
0
0
0
0
0
0
0
0
104,873
0
0
186,067
0
0
0
0
0
0
0
1000
0
0
0
0
0
0
0
0
0
0
0
358,684
0
0
1000
0
0
0
0
1000
0
0
0
472,092
0
1000
136,664
0
0
0
0
0
0
0
1000
0
0
0
0
0
0
199,44
0
0
0
0
0
0
0
0
0
0
0
0
0
0
0
0
140,343
0
0
0
0
0
0
699,061
0
0
0
269,709
0
0
0
273,498
0
0
0
0
0
0
0
0
125,319
1000
0
0
0
0
0
4,29438
0
0
0
0
0
0
0
0
0
0
0
0
0
758,668
0
0
0
0
0
0
0
0
0
0
0
0
0
0
0
0
609,288
0
0
0
0
0
103,615
0
668,645
0
0
0
0
1000
645,35
0
0
78,6791
0
0
0
0
0
0
0
0
0
0
0
0
0
0
0
0
0
0
0
0
0
0
0
0
1000
0
0
0
0
714,2
0
0
0
776,518
0
0
0
0
0
1000
0
1000
0
0
0
0
0
0
0
0
0
0
16,311
0
0
0
303,459
0
0
0
0
0
0
0
0
0
0
0
0
0
0
0
0
0
0
0
0
0
0
0
0
0
0
1000
0
0
178,481
0
0
0
0
0
0
0
0
0
0
0
0
0
0
0
0
0
0
0
0
0
0
0
1000
0
0
0
0
0
0
0
0
823,237
0
0
0
0
0
0
283,078
0
0
0
0
227,383
0
0
0
0
0
0
1000
0
0
0
0
0
0
0
0
932,155
0
0
0
0
165,641
0
0
0
110,54
0
0
0
0
745,169
0
0
0
0
0
0
0
0
0
0
0
0
0
0
0
554,759
30,6252
0
0
0
0
0
756,704
0
0
0
0
0
0
0
0
0
0
0
0
0
1000
0
0
0
288,912
0
0
0
0
0
84,2328
0
0
0
0
1000
0
1000
0
373,943
0
0
354,811
0
268,658
0
0
1000
0
0
1000
0
0
0
723,84
0
0
0
0
0
0
0
0
0
0
0
0
0
0
0
0
0
741,356
0
0
0
0
1000
0
0
500,691
0
0
0
0
0
0
0
1000
0
0
146,739
1000
0
0
0
281,972
0
0
0
331,12
0
1000
8,7084
0
538,035
1000
836,573
1000
0
0
555,031
0
0
0
0
0
0
113,125
0
0
0
0
0
0
222,823
0
0
0
0
0
0
0
0
0
0
0
0
0
0
0
0
0
0
771,397
0
0
0
0
0
0
0
0
0
0
0
0
0
0
434,511
0
0
306,677
0
0
0
0
0
0
0
0
0
0
0
1000
0
140,095
0
189,453
0
0
0
0
0
0
1,76108
0
524,728
0
0
0
0
0
0
0
0
223,384
0
0
0
0
0
0
0
0
0
0
0
0
0
0
0
0
0
0
0
0
291,309
0
0
583,344
127,221
0
0
0
0
0
0
0
415,895
0
0
0
0
0
0
721,183
0
346,055
0
209,127
0
0
329,538
508,145
0
721,922
0
0
0
0
0
0
0
0
0
0
0
0
0
0
0
0
0
465,358
786,642
0
0
0
0
0
0
0
0
0
0
140,184
72,5168
0
0
0
0
0
518,144
0
0
9,09168
0
0
0
0
0
312,445
0
0
0
24,8839
0
0
778,642
0
0
0
0
0
0
0
0
0
776,576
59,3174
0
0
0
0
0
0
417,26
31,4183
0
0
0
0
1000
0
0
0
0
0
0
0
0
0
0
0
38,6159
1000
1000
0
1000
0
0
0
0
1000
0
0
0
0
0
107,91
0
0
0
0
0
0
0
1000
217,638
0
0
0
0
0
0
0
0
0
0
0
0
0
0
0
0
0
0
0
0
0
0
1000
0
0
0
0
0
213,846
0
0
0
0
0
0
0
0
0
0
0
0
0
0
0
124,466
0
0
0
0
0
0
0
304,503
0
0
0
0
0
0
0
0
0
0
0
354,511
0
0
0
0
0
0
0
0
0
0
0
0
1000
0
0
0
268,897
0
0
0
0
711,048
0
0
0
0
0
0
0
0
0
0
0
0
0
0
0
0
189,963
0
0
732,665
0
0
0
0
0
0
0
0
0
100,19
0
0
245,381
0
0
0
0
0
0
0
0
0
0
0
0
0
215,498
0
0
0
0
0
0
0
0
0
0
101,449
0
0
0
0
0
0
0
532,604
0
0
0
0
672,594
0
0
80,5704
0
0
0
0
0
0
0
0
609,36
0
0
414,342
0
398,055
0
0
0
0
0
0
0
0
115,023
0
0
0
523,84
0
0
0
0
1000
0
585,322
0
0
1000
75,1259
1000
0
0
0
0
0
326,035
0
0
0
0
0
0
0
0
0
0
0
0
0
0
0
0
793,919
0
0
0
1000
0
0
61,7889
0
0
0
0
787,918
0
0
1000
0
0
0
0
0
252,864
0
0
0
1000
1000
0
0
0
0
0
0
0
0
0
0
0
0
0
0
0
0
601,034
0
0
0
0
1000
0
0
0
0
0
784,953
692,591
0
0
0
0
0
0
0
0
0
0
0
0
0
0
0
0
0
0
0
0
0
0
0
0
0
0
0
0
0
0
0
0
548,906
0
0
399,55
0
1000
0
0
0
0
0
0
0
203,068
0
365,757
0
1000
0
0
0
77,1992
0
0
0
58,6718
0
0
0
0
0
0
0
0
0
0
0
0
0
0
704,446
0
0
0
0
0
0
0
0
0
0
0
0
0
0
369,224
0
0
343,909
0
0
0
0
0
0
143,308
0
0
0
0
0
0
0
0
1000
1000
0
0
0
0
0
0
0
0
0
747,39
0
0
0
0
0
0
0
0
0
0
0
0
0
0
0
48,2516
0
0
55,3793
0
0
0
0
0
0
0
0
0
0
0
0
0
791,414
0
238,913
0
0
0
0
0
0
0
0
0
0
0
0
801,083
0
0
0
0
0
0
0
0
0
0
0
0
0
0
415,011
0
0
476,476
0
0
0
0
0
758,492
0
0
0
0
0
0
0
0
0
0
0
0
336,673
0
0
0
0
0
0
0
0
0
0
0
0
0
0
1000
0
0
0
0
0
0
0
0
0
0
0
0
0
0
0
0
1000
0
0
0
0
0
0
0
0
0
0
0
0
0
0
0
0
0
1000
0
0
0
1000
0
0
0
0
0
1000
0
0
0
0
0
0
0
0
0
0
0
0
0
13,7732
0
0
0
0
0
609,648
0
0
0
0
0
44,36
0
0
0
0
358,825
0
0
0
0
0
0
0
0
0
0
0
0
0
0
0
0
0
0
0
0
0
0
0
0
0
812,423
0
0
758,536
0
0
0
0
0
0
0
0
0
0
0
0
0
756,303
0
318,188
0
0
0
1000
24,1164
0
0
0
0
0
0
1000
0
1000
0
0
0
0
0
0
0
0
0
0
0
0
0
0
0
0
0
0
433,24
0
0
0
0
0
0
434,086
578,797
0
0
0
88,5204
2,82571
0
0
1000
0
0
0
0
1000
0
0
0
0
0
0
0
0
1000
0
0
0
752,356
793,303
0
0
0
0
0
0
0
0
385,094
165,779
0
89,4318
0
0
0
0
0
0
685,284
0
0
1000
0
0
0
0
0
0
0
0
0
398,602
0
0
0
0
0
0
0
0
1000
0
0
0
0
0
0
0
0
0
0
0
0
0
0
0
0
0
0
335,538
768,917
0
0
0
0
0
0
760,062
0
0
172,252
0
0
0
0
1000
28,9065
1000
39,4978
0
0
0
0
0
0
0
0
0
304,06
0
0
527,494
0
0
0
0
0
0
0
136,885
0
0
0
0
45,3295
0
0
252,22
721,149
0
1000
0
0
0
0
0
0
0
0
0
0
0
0
205,73
0
0
0
0
0
0
0
0
0
0
0
0
0
0
0
0
0
0
0
0
0
0
562,042
0
0
0
0
0
0
0
0
0
0
0
0
321,705
0
0
0
0
0
0
0
0
0
0
0
0
0
0
1000
0
1000
0
0
0
0
0
0
472,278
0
0
0
0
0
0
0
0
137,458
0
0
0
0
0
404,48
0
0
0
0
0
0
0
0
0
0
0
0
0
0
0
0
0
0
0
0
0
0
0
0
0
0
0
0
0
0
0
0
0
0
0
0
0
0
0
0
0
0
0
0
0
0
212,814
0
0
0
0
1000
0
0
0
18,8416
0
0
0
0
620,837
0
0
0
0
0
0
0
0
0
0
0
0
0
0
718,518
0
0
0
788,658
0
0
0
0
0
0
0
371,136
0
1000
0
0
0
0
0
346,889
0
0
0
0
0
0
0
0
0
0
0
0
0
1000
0
0
0
0
0
0
0
0
318,598
0
0
0
121,091
0
1000
0
0
0
0
0
0
307,655
1000
0
0
0
0
0
0
0
0
552,419
1000
0
276,393
1000
367,31
0
579,182
1000
0
0
0
0
0
0
0
0
0
0
0
0
0
0
0
0
744,63
0
0
0
0
0
0
0
0
0
0
50,6884
0
0
0
0
0
632,326
0
0
0
0
0
0
0
0
248,227
0
0
0
0
0
0
708,227
99,604
0
0
0
0
0
0
0
0
0
0
0
0
0
1000
0
0
0
0
0
0
0
0
0
0
118,972
0
0
0
535,627
0
0
0
0
0
130,624
0
0
0
0
392,216
0
0
477,863
0
239,586
1000
0
0
0
0
0
0
1000
0
0
0
57,7883
0
0
245,96
0
0
0
0
0
0
464,622
0
0
0
0
0
0
0
1000
0
0
183,593
0
0
0
0
0
67,8848
0
0
0
0
0
0
0
0
0
93,3938
0
0
0
0
0
0
0
231,701
0
0
0
0
0
0
0
446,992
0
0
1000
0
0
0
0
0
0
0
0
0
0
332,16
0
0
0
0
0
0
0
0
0
0
1000
0
0
0
0
0
0
625,239
0
0
0
0
1000
0
619,528
0
0
0
0
1000
0
0
0
0
0
0
0
0
0
0
0
0
0
0
0
0
0
0
0
0
0
0
0
0
0
0
281,086
0
606,724
0
0
0
0
0
0
0
0
0
0
693,006
0
0
0
0
0
0
0
0
0
0
0
0
0
0
0
0
0
1000
0
0
0
0
0
0
0
0
0
0
489,517
0
0
33,0522
0
0
0
0
0
0
0
734,907
0
0
0
1000
0
1000
0
21,6619
0
0
0
0
1000
0
188,159
0
0
0
0
0
0
0
550,459
0
0
450,902
0
0
0
785,505
0
0
0
0
0
0
0
761,53
0
0
0
0
0
0
0
207,463
0
0
0
0
0
0
0
0
197,569
0
0
777,476
0
0
1000
0
0
0
0
0
1000
0
0
1000
0
0
0
0
0
0
0
0
0
0
0
0
0
0
0
149,453
0
0
0
0
716,799
236,823
0
1000
0
0
0
0
0
0
0
0
0
0
0
0
0
0
0
0
0
0
0
0
0
0
0
0
1000
0
429,565
0
0
0
0
0
0
0
0
0
0
0
0
430,308
0
0
0
0
570,03
0
0
0
0
495,711
0
0
0
0
0
0
0
0
0
0
253,304
0
0
0
0
0
41,3919
0
0
1000
0
0
0
0
1000
178,839
0
0
0
0
0
0
1000
286,837
0
0
0
0
0
0
0
0
0
0
0
0
0
0
0
0
0
0
0
0
0
0
129,256
0
0
0
0
192,485
0
56,6593
442,912
0
0
0
0
0
0
0
0
0
0
0
0
0
0
374,056
0
0
0
0
0
91,6944
0
330,858
0
0
0
0
438,07
0
0
0
0
0
0
0
0
0
0
0
0
0
279,521
0
1000
0
0
11,5649
0
0
0
610,873
0
0
1000
0
0
0
0
0
0
0
1000
0
0
0
113,273
0
0
0
793,358
0
0
66,0437
73,6376
1000
0
0
0
0
0
0
0
146,915
0
0
0
0
0
0
0
0
0
0
0
0
0
0
0
0
0
0
0
723,06
0
0
0
0
0
0
0
0
0
0
1000
0
0
0
0
0
0
0
0
0
0
0
0
0
0
0
0
291,191
0
0
0
1000
0
0
0
147,838
0
0
646,085
0
0
0
0
0
0
0
0
0
0
0
0
0
0
0
0
0
590,018
0
771,52
0
0
748,173
218,461
734,736
1000
0
0
0
0
0
0
0
4,07586
0
0
0
0
0
0
401,038
0
0
0
0
0
0
0
0
0
0
0
1000
696,577
0
0
0
748,754
0
0
0
0
0
0
803,467
0
0
0
45,3284
0
75,1307
0
816,006
0
700,302
0
0
0
0
0
0
0
0
0
0
0
0
0
0
0
590,376
0
178,545
0
0
724,553
0
0
315,334
0
0
0
255,613
0
0
0
0
0
599,82
269,976
1000
0
211,855
0
29,2597
0
0
0
0
0
0
0
0
271,892
0
0
0
0
0
524,279
0
0
0
0
0
0
0
1000
265,463
0
0
0
0
0
0
0
0
0
272,275
0
0
0
0
0
0
746,412
0
468,709
0
0
0
0
0
0
0
142,674
547,806
734,989
0
0
0
0
0
0
0
0
0
1000
0
0
0
0
0
0
0
76,0418
0
0
781,994
0
1000
0
0
0
0
0
0
427,644
0
0
0
778,854
0
0
757,252
0
0
272,44
0
0
0
0
0
0
1000
0
0
0
0
0
0
0
0
0
298,692
0
0
0
0
1000
0
0
0
0
0
331,219
0
725,143
0
0
0
0
0
0
0
0
0
0
1000
0
0
0
0
0
0
0
0
0
0
0
0
0
373,768
243,333
0
0
413,983
0
0
0
0
624,758
0
0
101,292
0
0
0
760,237
0
0
279,394
0
0
0
0
0
0
0
1000
0
0
0
0
1000
124,22
1000
0
0
0
0
0
0
0
0
0
100,197
0
0
190,946
1000
0
0
0
723,154
399,063
0
0
0
0
406,282
0
0
0
1000
571,284
0
0
0
0
0
416,741
0
26,9278
0
0
0
0
0
0
0
0
911,137
0
158,567
1000
0
0
0
0
0
389,517
781,872
0
0
253,344
564,658
12,6392
0
549,876
0
0
0
0
0
0
0
0
0
229,959
0
0
0
0
0
0
0
1000
0
0
0
129,633
767,142
0
0
0
0
0
0
0
0
0
0
0
0
0
1000
0
0
0
0
530,354
0
0
355,442
1000
0
0
0
0
0
0
0
0
0
0
0
0
0
38,0552
0
0
0
0
0
0
0
0
0
0
0
0
0
454,782
0
0
0
0
0
0
0
0
469,432
0
0
0
0
1000
1000
0
0
180,321
0
91,1923
0
0
0
0
0
0
0
480,995
0
751,574
0
0
0
0
0
0
1000
0
0
1000
1000
22,5427
0
180,627
0
0
1000
0
0
0
0
0
0
1000
0
0
0
0
0
0
0
0
0
0
0
0
0
0
0
0
0
0
0
0
0
0
0
0
0
162,521
0
0
0
0
0
1000
0
0
0
0
751,519
0
0
0
0
0
0
0
721,517
0
0
0
0
0
0
900,088
0
0
599,071
0
0
0
699,932
0
0
0
0
0
0
0
526,694
0
0
0
0
0
449,196
0
0
0
0
0
0
0
0
0
0
0
0
0
0
0
0
0
0
0
0
129,155
0
0
0
1000
0
0
0
24,5931
0
0
0
0
303,487
0
0
0
0
0
0
0
0
729,253
0
0
0
0
178,309
0
0
0
1000
0
549,415
301,507
0
0
0
0
0
0
0
123,758
0
0
0
0
0
0
0
584,14
695,062
0
0
0
749,336
0
0
0
0
0
0
0
0
389,717
0
0
0
0
0
0
0
0
0
0
0
0
0
0
0
0
0
0
0
0
0
0
0
0
0
0
430,079
0
0
0
0
0
0
0
0
0
0
513,138
0
19,1889
0
0
0
1000
0
0
0
0
0
666,565
0
1000
0
0
440,024
0
0
0
0
0
0
0
0
0
0
0
1000
0
0
0
0
0
1000
0
0
0
0
0
1000
0
0
0
0
509,356
71,4709
2,94751
0
0
0
0
103,471
0
1000
1000
739,523
0
1000
0
0
0
0
0
0
0
0
0
0
0
0
0
1000
0
0
0
0
1000
0
0
0
0
0
743,269
0
0
0
0
0
750,903
0
0
0
0
1000
0
403,338
0
0
0
757,473
0
0
0
176,735
0
0
0
0
0
0
1000
0
1000
0
0
0
0
0
0
0
0
0
0
0
0
230,675
92,2827
723,805
0
0
0
0
0
0
0
0
0
284,379
271,538
0
0
0
0
0
756,508
0
0
353,822
0
0
0
0
0
0
0
0
0
0
0
0,75042
0
0
0
0
0
0
0
0
0
561,603
0
0
0
0
0
1000
0
0
0
0
0
0
0
0
0
0
51,2175
1000
0
0
764,835
0
0
0
0
0
0
0
639,428
155,044
0
0
0
0
0
0
0
0
0
0
0
0
583,542
0
0
0
0
0
0
0
0
0
1000
0
584,385
0
0
0
0
0
469,879
1000
0
0
0
0
0
0
0
0
0
671,948
1000
0
0
0
0
0
0
0
0
0
0
0
0
1000
0
0
0
0
0
0
0
1000
0
0
0
0
0
0
0
1000
0
0
0
0
456,131
0
0
0
189,281
204,82
0
0
0
802,127
0
622,823
0
342,475
89,9385
0
0
1000
0
0
0
253,87
0
0
0
522,848
761,997
0
0
0
0
0
0
0
749,828
0
0
0
0
33,1366
0
0
0
0
0
48,5152
0
0
0
0
0
1000
0
0
0
0
0
0
0
0
0
0
0
0
0
0
0
0
0
0
0
0
0
0
0
0
0
0
0
0
0
0
0
300,239
0
0
0
0
0
0
688,124
0
262,389
0
197,257
0
0
0
0
0
0
0
324,82
0
0
0
0
0
0
0
0
1000
709,606
0
0
0
56,8729
0
0
0
0
0
0
0
0
0
0
0
0
0
0
0
0
0
0
0
0
0
0
0
0
0
0
0
0
0
179,246
0
0
0
0
0
0
0
0
0
0
0
0
0
767,483
0
0
0
0
0
0
0
0
89,7343
0
1000
0
0
0
0
749,714
11,8032
0
0
0
0
0
0
242,459
0
0
0
0
1000
0
0
0
546,227
0
0
755,094
773,729
329,505
0
0
330,465
0
0
0
0
0
0
0
78,1125
0
0
0
0
0
0
222,44
0
0
0
1000
0
0
404,487
0
0
0
0
0
0
0
553,524
0
0
0
1000
0
0
0
0
0
365,288
0
0
0
0
0
0
0
0
1000
0
0
0
0
1000
0
0
0
685,763
249,126
1000
0
0
0
0
0
642,181
0
0
1000
0
0
0
422,361
1000
0
0
0
0
447,613
0
379,521
0
0
0
353,719
422,493
0
0
0
0
0
0
0
0
0
0
0
0
0
130,792
0
0
0
0
0
0
0
0
40,8986
0
1000
0
0
0
0
0
0
1000
0
0
0
0
0
0
0
0
0
0
0
0
0
0
0
0
0
0
0
0
464,66
0
0
0
0
0
0
0
1000
498,111
0
0
0
0
0
0
0
0
0
1000
493,987
0
0
1000
0
0
267,576
0
0
0
0
0
0
0
0
0
0
0
0
0
0
0
0
0
0
0
1000
809,516
0
0
0
0
0
0
0
1000
0
0
0
777,262
0
0
0
0
0
0
0
50,2508
0
0
383,015
0
0
0
0
0
0
0
0
0
0
0
0
0
0
0
0
0
0
0
0
0
1000
0
0
0
0
0
1000
0
0
0
0
0
0
0
0
790,775
0
0
0
0
0
0
0
0
0
0
0
421,782
0
0
0
0
0
0
0
0
0
0
0
0
0
0
0
0
0
0
0
0
0
0
0
0
0
0
0
0
0
0
0
0
0
531,724
0
0
0
0
0
0
0
750,749
0
0
280,365
0
0
1000
0
0
0
0
0
0
0
0
0
0
0
0
0
0
0
1000
0
1000
0
0
0
0
0
0
0
0
0
321,585
673,302
0
0
0
0
0
0
1000
0
0
0
757,719
0
0
214,567
0
0
0
0
757,577
0
0
0
0
749,735
0
0
0
0
0
0
0
0
0
0
0
0
0
315,987
732,997
0
0
0
0
0
0
1000
0
30,8774
0
0
0
0
0
0
0
0
0
0
572,276
0
0
784,72
586,623
0
1000
0
0
1000
0
0
0
0
0
1000
206,353
0
0
0
0
1000
0
0
789,072
0
0
0
0
0
187,588
732,419
0
0
0
0
0
0
0
0
310,131
0
0
0
1,96329
0
0
0
0
507,672
427,142
759,463
0
0
0
0
520,919
766,043
0
0
0
0
0
0
0
0
0
0
0
1000
0
278,937
0
0
0
0
0
0
0
0
0
0
110,912
0
0
0
0
0
687,985
0
0
0
0
0
266,998
0
0
0
0
0
0
0
0
0
0
0
0
0
0
0
0
0
0
635,871
0
0
0
0
0
0
0
0
0
0
433,349
36,5567
1000
0
0
0
0
0
0
0
416,811
740,103
582,033
0
0
0
0
0
0
0
0
0
0
0
0
0
0
0
368,535
0
1000
0
0
0
0
0
0
761,041
0,341818
0
0
0
0
518,833
0
0
0
0
0
0
0
0
433,678
258,62
0
0
0
0
0
0
0
0
0
0
0
0
1000
0
0
0
0
0
0
0
0
0
0
0
0
0
0
0
0
436,888
0
0
0
0
0
0
0
380,059
0
784,676
0
0
0
0
0
120,624
0
0
0
0
0
0
0
0
0
0
0
0
0
791,6
0
0
0
0
0
0
359,217
0
0
93,0718
0
0
0
0
1000
0
0
117,502
0
0
0
1000
0
1000
0
0
169,697
225,438
0
0
0
0
0
0
0
0
518,137
0
283,653
0
0
0
0
0
0
0
0
499,497
0
0
0
0
0
0
404,171
0
0
0
0
0
32,0833
0
0
779,253
0
0
694,181
0
506,302
0
0
0
0
0
0
0
0
808,654
0
0
261,178
713,823
0
0
0
0
0
0
0
0
477,338
268,033
0
0
1000
0
1000
0
0
733,108
0
0
0
0
0
0
143,618
0
0
0
0
0
136,47
0
0
0
1000
771,24
0
0
0
0
0
644,654
0
0
0
0
0
0
0
0
1000
0
0
0
1000
0
0
0
0
0
1000
542,398
0
0
0
0
0,0459314
0
0
0
0
0
0
0
0
0
0
0
0
0
0
390,019
0
0
0
0
591,017
0
229,806
531,412
0
0
0
0
0
0
0
0
0
116,994
0
0
0
0
0
0
0
0
0
0
0
0
0
0
223,499
0
0
0
0
0
0
0
0
0
0
0
0
0
0
0
0
0
0
0
76,1265
0
0
0
0
0
693,189
0
317,469
0
0
0
0
0
0
0
0
0
0
0
0
0
0
336,194
0
0
0
0
0
0
0
0
0
0
319,425
0
0
226,77
354,446
0
0
0
0
0
0
0
0
0
0
0
0
0
0
0
0
0
0
0
0
0
0
49,3679
0
0
0
0
0
0
0
0
105,835
1000
0
0
103,091
0
0
0
1000
275,62
71,6184
0
0
0
1000
0
0
0
0
573,818
0
0
736,717
0
0
422,951
0
771,436
0
1000
0
0
0
0
0
0
0
0
756,161
0
240,705
584,953
0
0
0
0
0
0
0
0
0
0
0
0
0
0
0
0
0
0
783,132
0
0
0
0
520,148
0
0
0
329,784
682,784
212,559
0
0
0
0
1000
0
0
0
0
0
0
0
0
0
0
0
140,893
594,821
0
0
0
0
1000
0
0
0
0
0
0
0
0
0
29,3659
0
578,968
0
0
0
0
0
0
0
0
0
0
0
0
0
0
0
654,341
0
0
0
0
0
520,798
1000
1000
0
0
72,7345
0
0
0
1000
0
0
0
0
133,679
0
0
0
0
0
450,529
0
0
0
452,339
0
0
0
0
117,164
0
0
0
0
0
0
0
0
0
0
0
0
0
0
492,176
0
0
0
0
0
0
0
443,371
0
0
0
0
0
726,684
0
0
0
322,112
1000
0
0
0
0
0
0
181,364
0
0
689,69
0
0
0
0
0
0
1000
0
0
0
0
0
0
0
0
684,653
0
0
0
0
0
0
0
0
318,75
0
0
0
0
0
79,7364
0
0
0
0
0
0
0
0
0
0
0
0
820,009
0
0
0
0
1000
0
0
0
0
0
0
0
0
0
0
0
0
0
1000
0
95,3172
0
0
0
0
0
0
0
0
0
577,084
0
0
223,266
0
0
0
0
0
0
0
0
0
0
0
0
0
0
0
0
0
0
0
114,345
0
0
0
1000
0
0
0
136,796
0
0
0
29,719
20,5272
0
0
0
0
0
0
0
0
0
0
1000
0
0
0
0
0
0
0
0
0
0
0
0
0
0
0
236,227
0
59,5595
0
0
0
0
0
0
0
0
40,0831
0
0
1000
0
0
0
0
0
0
50,0025
0
0
0
250,275
0
0
1000
0
0
0
142,799
407,153
332,891
0
0
0
0
391,385
0
0
1000
0
0
0
0
0
0
0
0
0
1000
0
0
0
0
0
0
0
0
0
0
765,48
0
0
0
0
0
0
674,071
0
0
0
0
0
0
0
0
0
665,833
0
0
0
0
0
0
0
0
0
0
0
1000
0
0
0
254,623
0
1000
0
0
0
0
0
327,78
0
244,356
0
0
0
0
0
0
0
0
192,233
158,234
0
0
0
0
0
0
0
0
0
0
0
0
0
0
654,964
1000
0
0
0
0
0
0
0
0
0
0
0
0
358,455
0
0
0
0
0
0
0
0
0
685,744
0
1000
0
0
0
0
0
0
1000
0
0
0
0
0
1000
0
0
0
0
334,959
0
0
0
750,48
0
0
0
0
0
0
0
0
0
0
405,402
0
0
0
0
0
0
0
0
0
0
0
0
0
0
322,327
0
0
0
0
0
0
0
1000
0
0
0
0
693,794
0
0
0
0
0
390,932
0
1000
0
0
0
0
0
0
0
446,293
0
0
0
0
0
0
0
0
0
0
0
0
0
0
0
0
0
0
1000
405,327
0
0
173,535
0
0
0
0
0
0
0
0
0
0
905,169
0
0
48,8445
0
0
0
0
0
0
0
0
0
0
319,844
0
0
0
740,756
0
0
0
0
0
0
0
0
0
0
0
0
0
0
0
0
262,12
0
0
0
1000
0
226,239
0
738,412
0
0
241,019
0
0
0
0
0
707,638
3,9468
0
0
0
0
0
0
0
0
0
0
0
0
0
0
0
0
0
0
0
0
0
0
442,102
0
0
285,978
0
0
0
0
0
0
0
91,2723
0
0
0
0
0
0
0
0
0
0
221,981
0
1000
78,5173
0
0
0
0
0
0
0
0
0
0
0
0
0
0
0
0
0
0
0
0
0
1000
84,6272
0
257,815
0
0
1000
436,874
0
0
0
0
0
0
0
0
0
0
258,081
0
619,399
0
0
0
0
0
0
0
0
736,91
196,085
0
0
0
0
8,34303
0
0
0
0
0
0
1000
0
0
0
0
0
0
0
0
1000
328,987
0
0
0
0
505,132
0
0
0
0
337,634
0
0
0
0
0
153,702
449,313
1000
0
0
1000
0
0
0
0
0
1000
563,691
0
0
0
0
0
650,77
0
0
170,04
0
711,456
0
0
785,631
0
0
312,749
0
0
771,257
0
0
0
0
0
0
0
0
0
0
0
0
0
0
0
0
0
0
0
0
0
0
0
0
0
0
0
0
0
236,759
0
0
0
0
0
0
0
173,272
0
0
1000
0
0
0
0
0
0
0
0
0
308,488
0
0
0
0
0
0
0
0
0
0
0
0
0
0
0
0
0
0
0
0
0
780,875
0
0
0
0
0
0
1000
0
0
591,686
0
0
0
1000
0
1000
0
0
0
0
0
0
1000
0
543,749
0
708,031
0
0
0
0
0
0
266,092
0
0
0
0
0
0
0
0
702,441
0
0
0
0
732,099
0
0
0
0
0
0
795,128
56,4878
0
0
531,613
0
0
0
0
0
0
0
0
0
0
419,166
0
0
0
0
0
0
0
1000
0
0
97,2919
0
0
0
0
0
0
0
0
0
0
0
445,038
700,579
0
0
330,841
0
0
94,7219
200,904
0
0
0
0
0
0
0
766,66
0
0
0
0
0
113,005
0
0
0
0
0
0
0
0
0
0
540,956
243,83
0
0
0
0
0
0
0
0
1000
0
0
0
0
0
516,576
0
0
0
0
1000
0
0
0
0
0
0
0
517,271
0
0
0
0
0
0
0
0
0
0
0
1000
0
0
0
0
0
0
0
0
831,036
0
0
0
249,235
0
183,713
0
0
0
0
1000
0
0
316,292
72,5061
0
0
0
0
0
0
1000
0
0
0
1000
455,442
0
0
0
0
1000
0
0
0
0
0
200,543
0
0
0
0
506,528
0
0,281878
0
0
0
0
263,549
0
282,792
486,67
0
0
0
0
0
395,57
203,872
0
0
0
0
0
0
0
17,3937
0
0
747,089
0
0
0
213,917
0
0
0
0
0
0
0
0
0
0
0
147,438
0
0
0
0
0
0
0
0
0
0
0
0
0
0
0
0
0
0
0
0
1000
0
517,192
513,517
0
0
0
0
0
0
1000
0
1000
0
0
0
0
681,682
0
0
539,807
0
0
0
0
365,346
0
0
0
0
0
0
0
0
47,6891
0
0
0
0
0
0
0
0
0
0
0
0
0
0
811,369
1000
367,31
0
0
0
0
0
0
0
0
0
299,338
0
44,7361
0
571,621
0
0
338,013
0
427,802
0
0
0
0
0
0
0
0
330,735
0
0
0
0
0
0
472,454
0
0
0
107,074
0
0
0
0
0
0
0
0
0
0
0
0
0
0
0
0
0
0
74,392
0
0
0
0
0
1000
0
1000
0
0
0
1000
0
0
0
0
0
0
680,808
0
0
0
0
0
0
756,078
0
0
0
0
14,3936
0
0
0
0
0
706,06
0
0
0
0
0
0
8,83123
0
0
0
0
0
0
1000
1000
786,225
0
0
403,995
0
0
327,6
0
0
0
609,634
0
0
0
0
0
0
0
0
0
0
0
0
0
139,169
784,859
453,928
0
0
0
0
0
792,356
0
0
0
0
0
0
0
0
0
0
0
0
0
0
0
0
0
0
0
0
0
0
0
730,998
0
1000
0
0
1000
0
0
0
276,048
1000
0
0
0
0
0
654,999
0
0
0
0
0
0
0
0
0
0
0
0
0
421,476
0
0
0
0
0
0
281,889
0
0
0
0
0
0
0
0
0
0
159,236
0
1000
0
0
350,84
0
0
0
0
0
80,794
1000
0
1000
0
0
0
0
734,718
0
0
0
0
0
1000
0
0
0
0
0
0
0
0
520,13
594,721
0
0
0
0
356,449
0
0
0
100,306
0
0
0
0
0
0
794,99
0
0
0
0
0
0
0
0
0
0
0
0
0
0
0
0
0
0
0
0
0
0
0
0
391,622
460,034
0
0
0
1000
1000
0
0
0
0
0
0
0
0
0
0
1000
0
0
0
511,521
369,081
0
0
0
0
0
0
0
0
0
0
0
0
0
0
0
741,688
0
0
0
0
0
0
318,349
0
0
0
0
51,1551
0
0
0
0
106,38
0
0
0
0
0
0
0
0
0
0
0
0
0
0
0
0
0
0
0
0
0
0
0
0
0
0
401,224
0
0
0
789,327
0
0
0
56,351
0
0
0
206,66
0
0
487,704
458,252
0
264,24
767,21
736,501
0
546,697
0
0
0
0
0
0
0
0
0
0
0
1000
0
0
0
1000
773,531
0
0
704,927
0
0
0
0
0
0
0
0
0
0
0
787,732
0
0
0
0
0
0
0
0
0
0
0
0
0
0
0
0
0
0
0
0
0
558,469
1000
0
0
0
0
0
0
0
0
0
0
0
0
0
496,585
0
0
0
0
0
0
0
0
0
0
0
0
0
0
0
0
0
0
1000
0
0
0
0
0
69,9195
0
0
0
1000
0
0
0
55,9485
0
0
0
0
0
604,291
0
0
0
0
1000
136,061
0
0
0
0
0
0
0
0
0
0
0
0
0
0
92,2998
0
0
0
0
286,527
0
0
0
0
0
0
0
0
0
0
0
0
0
0
0
0
0
0
0
0
0
0
0
1000
0
0
0
0
0
0
0
0
0
421,744
0
0
0
0
0
631,432
102,746
0
0
0
0
0
0
82,6891
0
392,017
0
0
0
0
0
0
0
0
0
0
0
0
0
751,612
0
0
0
0
93,8496
0
0
1000
0
0
0
0
0
474,332
0
0
0
0
0
0
0
0
0
0
0
0
0
287,375
0
0
526,336
0
0
0
0
752,497
0
0
0
0
0
559,044
0
312,434
0
0
0
22,5683
0
0
0
0
0
0
0
0
0
0
0
0
0
799,164
0
158,143
164,485
0
0
0
0
0
0
372,943
0
0
427,925
0
93,3078
713,237
0
383,348
0
0
0
0
0
31,6292
0
0
0
0
1000
1000
337,971
625,875
0
0
0
0
0
0
0
0
0
0
47,3073
0
789,782
119,425
0
0
0
0
0
0
0
0
1000
0
0
0
0
0
0
0
0
0
0
0
1000
0
47,1583
0
0
0
0
0
513,19
0
0
0
0
0
0
0
0
0
416,251
0
464,278
0
0
0
0
0
462,708
0
0
63,7231
0
0
0
0
0
0
0
0
0
0
104,157
0
17,4665
1000
0
0
0
0
0
0
0
0
0
0
0
0
0
0
0
0
0
556,783
0
746,264
0
0
0
0
0
0
0
0
588,377
0
0
0
0
0
0
0
0
0
0
177,705
0
0
0
0
0
0
0
0
0
0
0
760,487
346,136
0
0
76,4684
0
0
0
0
0
0
0
492,468
166,175
0
0
109,411
0
0
0
0
0
0
0
16,4849
0
0
0
0
0
0
0
0
122,222
0
0
172,771
0
0
0
0
0
0
0
159,798
181,275
0
1000
830,129
0
0
0
0
0
0
0
0
1000
0
0
0
0
0
0
0
0
0
75,0492
0
0
790,623
0
0
0
0
0
145,763
0
0
0
0
753,975
0
718,468
0
0
0
0
1000
0
0
0
706,795
0
0
0
0
0
0
251,453
0
0
0
0
0
0
0
0
0
0
6,1925
0
313,418
0
0
0
1000
0
0
0
0
0
0
0
0
0
0
164,651
0
0
0
0
405,886
0
0
0
0
366,015
0
1000
0
0
0
0
0
0
0
0
528,177
0
0
140,051
0
0
1000
1000
784,653
97,8898
0
0
0
0
0
0
0
0
292,034
723,983
0
0
0
561,495
0
0
0
175,02
1000
0
0
0
237,261
0
0
0
0
0
165,597
0
0
0
0
145,764
0
0
0
0
0
0
0
788,469
0
456,026
628,029
0
0
0
0
1000
0
0
0
1000
0
0
5,09577
0
0
0
0
0
0
0
1000
0
0
0
0
0
786,687
0
0
0
468,346
0
0
782,926
0
0
0
0
571,038
0
295,747
0
0
764,168
0
0
0
0
0
508,806
0
0
0
0
0
0
0
0
0
1000
792,976
0
0
0
0
0
0
791,274
0
156,302
0
0
0
0
0
0
0
1000
0
0
0
517,549
1000
0
0
0
0
511,388
0
0
0
0
63,2362
0
0
620,061
0
0
0
0
0
0
0
0
0
0
0
0
0
0
333,947
0
0
1000
0
0
0
0
0
0
0
274,259
0
0
0
0
0
0
0
0
0
381,168
1000
229,003
0
0
0
0
0
0
0
0
0
0
0
0
0
823,924
0
0
106,857
0
0
0
0
469,075
0
0
0
0
0
0
444,045
0
0
0
0
61,6351
0
0
0
0
745,828
0
0
284,855
0
0
0
0
0
0
734,557
0
0
0
45,602
270,53
1000
0
0
0
0
0
0
0
0
0
0
0
0
0
0
0
0
0
0
0
0
0
0
1000
199,406
723,898
0
0
0
0
0
0
0
0
0
758,778
0
0
0
0
0
0
0
0
832,017
0
0
0
0
0
0
0
599,665
734,24
0
0
0
0
1000
483,508
0
443,448
0
0
0
0
0
0
0
0
703,228
728,18
0
0
0
0
0
0
0
1000
0
0
0
0
0
0
0
1000
0
0
204,619
1000
0
0
0
476,146
0
0
0
1000
402,005
0
112,137
168,107
0
0
0
0
0
744,354
0
0
0
0
0
0
0
835,382
0
0
0
0
0
0
0
0
741,056
0
0
0
400,492
583,901
0
0
0
0
0
0
0
0
505,157
0
1000
0
0
0
0
0
0
0
0
0
0
0
0
0
0
0
1000
0
0
687,277
0
0
0
0
339,286
0
266,991
702,517
0
0
0
0
0
0
0
0
0
0
0
0
0
622,06
0
0
0
0
0
0
1000
0
0
0
0
0
0
0
0
10,8394
0
0
0
263,666
0
0
0
741,097
0
0
0
0
0
0
0
0
0
0
0
0
0
0
0
0
127,031
539,954
0
0
0
0
0
0
0
0
732,876
0
0
0
0
227,884
0
0
0
0
0
1000
0
0
0
0
772,011
0
672,244
0
0
52,9069
1000
0
0
0
0
0
0
0
340,19
0
0
1000
0
0
0
0
0
0
0
0
0
0
0
1000
0
0
0
0
1000
204,516
0
0
0
0
420,083
0
0
0
0
0
0
0
503,106
0
0
0
0
0
0
0
0
0
0
0
0
0
0
0
0
0
0
0
0
0
0
366,203
0
0
1000
0
0
0
1000
0
263,581
0
1000
0
0
0
0
0
0
0
0
0
0
0
0
485,406
0
0
0
0
287,117
0
0
0
0
0
1000
0
0
0
0
0
790,351
0
0
0
0
688,699
0
0
0
0
0
1000
764,602
0
0
0
0
0
0
0
0
0
0
0
0
0
0
0
0
0
0
0
0
0
0
0
0
0
0
720,776
0
0
69,647
0
0
0
0
0
0
0
0
0
0
0
0
0
0
0
0
68,1575
0
0
0
0
0
0
0
0
0
0
0
0
0
0
0
0
0
0
0
0
0
717,377
726,924
0
0
0
0
0
0
0
0
0
55,3513
0
0
0
0
0
314,788
0
589,3
0
686,863
780,458
124,87
0
0
756,751
0
1000
0
438,7
0
0
0
0
0
0
0
0
61,2267
0
0
0
0
0
0
0
0
1000
0
0
415,274
0
788,944
0
0
0
0
0
0
0
34,8882
0
0
0
0
793,695
0
0
0
0
70,1323
0
0
0
0
0
0
0
0
0
600,977
0
0
0
0
0
0
0
0
0
0
0
0
0
0
0
0
0
0
0
0
0
0
1000
0
1000
0
645,567
0
789,162
672,309
0
0
0
0
0
0
0
0
0
0
0
1000
0
0
759,052
0
5,51352
0
0
0
0
786,194
104,584
0
0
0
0
0
0
0
0
0
315,819
0
0
0
658,594
0
0
0
0
474,693
544,337
0
0
0
0
0
0
0
0
0
0
0
0
0
0
0
0
0
559,909
0
0
0
0
0
0
0
515,131
0
0
0
0
309,179
261,884
0
1000
1000
0
0
0
0
0
0
0
0
0
82,5933
0
0
0
0
0
0
499,14
0
0
0
395,351
0
0
1000
0
0
1000
0
0
0
0
0
0
0
758,158
0
0
0
0
0
0
0
0
0
97,6745
0
1000
0
0
0
0
44,8401
272,02
0
0
0
810,833
0
0
339,597
0
0
0
0
0
0
0
0
0
0
0
0
0
760,519
0
0
0
0
0
0
0
0
0
0
212,487
0
0
0
0
1000
0
0
0
0
0
569,003
0
0
682,159
0
0
0
0
0
0
145,655
408,356
1000
0
0
766,098
0
0
239,828
0
0
0
532,125
0
1000
0
0
0
0
0
0
0
855,845
0
0
0
0
0
0
0
0
0
0
1000
0
0
0
0
0
0
28,2344
0
0
0
0
0
683,062
1000
0
0
0
0
0
0
0
0
0
0
1000
0
0
1000
0
0
0
0
0
0
0
0
240,463
0
0
0
0
0
0
0
0
0
0
0
0
0
0
0
0
0
0
72,0372
0
0
137,129
424,855
0
1000
0
0
0
0
0
0
0
0
0
680,38
0
0
0
0
0
0
239,259
0
0
0
1000
0
0
0
0
0
0
809,502
0
17,1567
0
0
0
0
0
0
0
1000
0
0
0
0
455,889
0
0
0
0
664,6
0
0
0
0
0
0
1000
0
0
0
0
0
0
0
245,19
0
0
0
0
0
0
0
0
0
88,4636
0
0
346,606
0
0
0
0
0
0
0
0
0
0
0
1000
0
0
0
0
0
0
540,796
0
0
590,485
0
0
0
554,853
0
0
0
0
0
522,674
0
0
0
0
0
225,744
0
0
0
0
1000
447,393
0
731,219
0
0
0
0
509,553
0
0
0
0
258,061
0
0
0
0
0
0
0
0
1000
0
0
0
0
0
0
0
0
0
0
0
0
0
0
0
0
0
0
0
0
425,201
0
0
0
0
0
0
0
0
0
0
0
0
0
789,714
17,4983
0
0
0
0
0
0
0
0
0
0
0
0
0
0
0
762,769
0
0
0
0
0
0
0
0
0
240,669
0
0
178,956
0
0
0
125,983
0
0
0
4,73175
0
0
0
720,558
0
415,422
0
0
269,638
0
437,601
117,686
0
0
0
289,709
0
0
0
0
0
0
0
342,726
0
0
0
0
0
0
0
1000
0
0
0
0
0
0
0
0
0
0
0
0
0
1000
542,723
0
0
0
0
168,003
0
0
0
0
0
0
0
0
0
0
0
233,971
805,212
312,61
0
0
0
0
0
0
0
0
0
0
0
0
0
0
0
0
0
0
0
0
0
0
0
845,313
0
0
0
413,928
0
0
1000
0
72,9994
0
0
0
0
0
0
0
0
0
799,369
0
0
773,109
0
0
0
1000
0
0
0
0
0
0
0
0
717,501
255,09
0
334,911
0
0
0
0
0
0
1000
0
0
0
0
0
0
0
0
788,365
0
0
0
0
0
0
0
0
0
0
1000
0
1000
0
0
0
0
0
0
242,812
0
0
0
0
0
0
0
0
148,384
0
0
0
0
0
729,566
0
0
0
1000
0
565,715
0
541,346
0
0
0
0
0
0
1000
0
0
0
0
0
0
0
0
1000
0
0
770,579
0
0
0
0
0
0
0
0
0
719,485
0
0
0
697,91
0
0
683,83
90,4046
0
0
0
0
0
520,536
0
0
0
0
0
0
0
0
0
0
0
0
0
0
0
0
712,257
0
0
0
0
0
0
0
1000
0
0
0
0
0
0
0
0
0
0
0
752,408
0
0
0
273,213
0
0
87,7548
0
0
0
250,641
0
359,977
0
0
0
0
0
0
0
0
0
0
1,12036
0
0
0
0
0
407,489
0
0
0
0
0
0
0
0
0
0
0
0
0
0
413,957
0
0
0
1000
0
0
0
0
0
0
0
0
0
0
0
0
0
0
0
0
0
0
0
0
855,923
0
0
137,81
0
0
367,647
0
0
0
0
0
0
0
0
0
0
8,33226
373,965
0
1000
0
0
154,107
0
0
0
0
0
0
0
0
0
0
1000
245,127
0
0
0
0
0
0
0
0
0
0
0
0
0
0
1000
0
0
0
0
0
0
0
0
0
0
0
0
0
0
0
46,0971
0
0
0
640,158
0
356,314
0
777,871
0
1000
0
0
0
0
0
0
0
729,892
0
0
0
0
1000
245,081
0
0
0
0
0
751,366
0
0
0
358,445
0
0
0
0
856,404
0
0
0
0
424,661
0
0
0
0
0
438,712
0
0
0
0
0
0
0
0
0
0
0
0
0
771,476
0
0
0
0
0
0
0
0
0
0
0
0
0
0
0
0
0
0
226,129
0
0
0
0
0
0
0
701,279
0
0
0
720,888
0
0
0
0
0
0
521,087
0
0
0
0
0
0
622,745
0
0
0
0
0
0
0
0
0
0
0
0
0
0
0
0
0
697,144
477,985
563,44
0
0
0
0
756,135
0
0
0
0
0
0
0
0
0
0
414,534
751,855
0
0
0
0
0
0
0
0
0
1000
0
0
1000
0
0
0
0
27,4301
370,563
0
0
0
0
0
773,061
0
0
0
0
0
619,621
0
789,918
0
0
0
0
314,364
0
0
726,897
0
0
742,006
0
0
0
0
0
0
0
0
0
0
6,71922
1000
0
218,905
0
0
0
0
0
0
716,957
0
0
0
0
0
644,799
0
0
0
0
0
79,6071
0
511,595
0
0
0
0
22,5424
0
621,755
0
177,95
0
0
0
0
0
0
0
0
0
0
0
0
0
0
0
0
0
0
0
0
0
711,067
0
0
0
0
537,561
50,5019
0
0
0
0
0
0
0
0
0
0
1000
0
0
0
0
0
0
0
0
0
0
0
0
0
0
0
0
0
0
0
0
0
0
0
0
0
0
774,724
0
0
0
0
0
0
0
0
580,648
0
0
0
318,255
0
0
554,603
0
0
0
0
0
0
0
0
0
1000
386,828
0
0
0
0
0
0
0
0
0
494,657
0
0
1000
0
1000
732,399
0
425,354
0
0
0
0
0
1000
0
0
0
0
0
0
0
0
0
786,335
0
0
0
0
0
307,038
0
0
0
0
0
0
0
0
545,629
0
281,406
0
0
519,837
24,7562
1000
1,78876
0
0
0
0
0
0
0
1000
0
0
0
0
0
0
0
0
656,344
0
0
1000
1000
1000
0
0
95,3161
0
0
0
484,788
55,1458
0
0
0
0
0
1000
0
0
0
0
0
0
0
0
0
0
0
0
0
0
0
0
0
0
0
0
0
0
1000
0
481,027
525,999
460,21
101,85
0
0
1000
510,027
0
0
0
0
0
53,8182
0
0
0
0
0
1000
0
0
0
0
0
335,128
0
0
0
933,163
0
0
0
0
0
0
0
0
0
0
0
0
706,966
0
0
0
0
0
0
0
0
0
0
0
0
0
0
0
297,643
0
98,8559
0
0
0
0
0
0
0
0
0
1000
0
328,822
0
0
0
0
0
0
0
0
0
0
606,24
0
0
0
773,325
0
129,023
0
0
771,561
0
0
0
0
0
0
0
0
333,106
0
0
0
0
0
0
0
0
0
0
0
0
0
0
767,418
0
0
457,75
0
0
0
0
0
0
0
0
0
109,888
567,633
0
0
0
0
0
0
0
0
0
0
784,975
0
0
0
0
0
0
0
0
0
0
0
45,6571
778,243
0
0
0
0
0
0
0
475,721
208,821
0
0
0
0
535,126
1000
174,53
0
0
0
0
1000
0
51,5148
0
0
0
0
0
0
0
0
0
0
0
0
0
466,687
0
0
1000
0
0
0
0
782,967
0
0
0
0
0
0
0
40,4962
0
320,158
0
0
0
0
1000
1000
0
0
0
0
0
0
0
0
0
0
0
422,173
475,976
0
0
0
0
0
0
0
0
0
0
0
0
1000
0
0
0
0
0
74,7596
0
0
0
769,13
0
0
0
0
0
0
0
0
0
0
0
0
777,963
0
205,356
0
0
0
0
0
0
0
0
0
0
0
0
0
196,399
0
0
0
0
0
0
0
0
1000
0
0
0
0
716,476
0
637,127
0
0
0
0
0
0
0
0
0
0
0
267,444
707,788
5,42458
0
448,685
0
0
0
0
0
0
0
0
0
0
0
0
1000
0
0
0
0
0
0
0
508,534
0
0
0
0
0
0
0
0
0
0
0
0
745,204
0
1000
0
0
0
0
0
0
0
0
0
455,705
393,624
0
0
0
0
0
0
0
0
1000
788,471
0
0
0
0
0
0
0
0
0
0
0
0
1000
0
0
1000
0
0
0
0
0
0
0
0
0
0
0
0
0
0
0
0
0
0
0
0
0
0
0
0
0
0
0
0
0
0
471,24
0
0
0
0
203,617
0
0
312,733
555,019
0
0
0
161,339
187,431
0
0
0
0
0
0
0
0
0
289,583
0
0
0
0
0
0
0
0
0
0
0
0
0
0
0
0
0
0
0
0
0
0
0
0
0
0
0
0
0
0
0
768,247
0
0
0
1000
0
538,918
0
0
0
0
0
0
0
0
0
286,134
0
0
0
0
0
0
521,425
0
0
0
0
0
0
0
0
0
0
0
0
0
0
0
0
0
717,705
0
0
447,313
0
0
399,621
0
0
0
0
0
0
0
0
0
0
0
0
0
0
0
777,667
0
0
0
0
0
0
0
581,94
1000
0
0
0
0
683,126
0
0
0
0
0
0
0
534,303
0
1000
0
1000
0
0
622,786
0
0
0
0
407,839
0
679,101
515,896
0
0
0
0
0
0
0
0
0
0
0
0
0
0
0
0
0
0
0
0
0
0
1000
0
0
0
0
1000
0
0
0
0
0
0
0
0
0
0
0
0
0
0
0
0
0
0
0
0
0
0
0
0
0
0
0
0
0
0
0
0
0
0
330,507
0
1000
1000
0
0
0
0
427,622
0
0
0
0
0
0
0
0
0
0
0
0
848,637
0
0
386,613
0
0
0
0
0
0
0
0
0
0
0
0
0
0
0
0
0
0
0
0
1000
830,775
0
1000
0
499,639
0
1000
0
0
0
0
0
0
0
0
0
0
0
0
0
0
0
656,355
0
0
1000
0
0
0
0
207,212
551,031
0
0
0
0
0
0
0
0
0
0
0
0
0
0
0
0
0
0
0
0
0
0
0
573,584
0
11,9898
0
0
0
0
0
619,03
0
0
0
0
274,722
0
0
0
0
0
0
150,484
0
790,294
0
1000
0
0
0
0
0
794,787
0
0
548,558
0
0
489,811
1000
0
0
0
1000
0
127,02
0
0
0
0
0
0
0
0
0
0
0
0
0
0
0
0
0
0
0
0
0
0
0
1000
1000
0
793,725
758,442
0
0
0
0
0
824,387
0
1000
314,244
0
777,535
0
781,11
0
0
0
0
127,338
0
0
0
0
175,451
0
372,669
0
0
0
0
0
0
0
0
0
0
0
0
0
0
0
103,965
0
0
0
0
0
0
0
0
0
0
529,082
0
0
0
1000
1000
0
1000
512,16
641,089
0
0
0
0
1000
0
0
0
0
0
0
0
0
774,382
1000
0
1000
0
236,203
0
0
1000
0
536,32
0
1000
0
0
0
0
0
240,78
0
0
0
0
208,153
1000
0
0
0
235,984
809,827
0
0
0
0
0
0
0
0
0
0
0
0
0
0
1000
0
0
0
583,449
0
730,828
801,999
0
0
0
0
0
0
0
0
0
0
0
0
759,593
0
0
0
0
0
0
73,3068
1000
0
0
602,667
0
0
0
1000
0
0
1000
0
0
0
0
0
1000
0
779,065
356,143
0
782,964
0
0
0
0
0
1000
0
0
0
0
0
0
0
0
613,758
0
0
790,809
0
825,413
0
0
0
0
0
0
0
0
0
0
0
0
0
0
0
0
0
0
0
0
0
0
0
0
0
1000
769,692
12,5599
93,1895
0
0
0
304,495
0
0
0
0
0
0
0
0
126,5
0
0
0
501,798
0
0
0
0
0
0
0
0
1000
0
0
0
0
0
0
0
0
0
0
0
1000
1000
249,001
0
0
0
0
0
83,5007
0
0
0
704,984
0
0
164,84
0
0
0
0
0
0
0
0
0
0
0
0
0
0
0
0
0
0
0
111,677
31,2771
0
3,41574
0
1000
0
0
0
0
0
0
0
469,048
0
0
0
0
0
0
0
0
0
0
0
0
0
446,455
0
0
0
331,776
0
711,84
0
0
0
0
1000
0
117,207
0
0
0
0
0
0
0
0
0
0
0
0
0
0
0
0
0
0
0
147,589
0
0
0
0
0
0
0
0
0
0
0
0
0
0
0
0
0
0
1000
0
0
0
0
0
0
0
0
366,749
0
0
0
0
0
13,178
0
0
0
0
0
0
0
0
0
0
0
0
0
1000
0
0
0
0
0
0
0
0
0
591,571
0
762,034
0
0
0
0
1000
0
0
0
0
0
0
0
0
0
0
0
0
0
0
0
0
0
0
0
0
0
0
0
0
1000
0
0
52,4384
0
1000
1000
0
691,472
0
0
0
1000
0
0
0
0
0
0
0
0
0
0
0
0
0
0
262,042
0
0
0
0
0
1000
0
0
0
0
0
0
0
0
0
0
0
0
0
0
1000
0
0
0
0
0
1000
750,914
0
0
0
0
0
0
0
0
0
0
0
0
0
0
0
0
0
0
0
0
0
0
0
0
476,688
0
0
468,064
1000
523,187
0
0
0
0
0
329,132
0
0
0
0
0
0
298,032
0
0
0
0
0
516,322
1000
0
0
0
0
0
0
0
0
35,3168
0
0
0
0
0
0
0
0
0
0
0
0
813,832
319,713
0
0
0
0
0
0
0
0
0
1000
165,02
1000
0
0
0
0
0
0
0
0
0
0
488,033
0
0
582,978
0
0
81,3999
380,718
0
0
0
0
0
0
0
0
735,605
0
0
0
45,1347
0
0
0
0
0
0
0
0
1000
1000
0
0
0
0
0
0
0
0
0
0
0
0
0
0
0
0
0
0
0
0
0
0
0
0
0
0
0
0
0
0
0
274,178
0
0
0
1000
0
0
0
0
789,825
0
0
0
0
0
0
0
0
347,268
0
0
1000
0
0
0
733,604
0
0
0
0
0
0
0
0
0
0
0
0
0
0
0
0
0
0
0
0
0
0
0
1000
0
655,371
185,962
0
0
0
0
0
0
0
0
0
0
0
0
0
0
0
0
0
0
0
0
1000
353,821
0
0
0
0
417,827
1000
0
0
0
305,688
0
0
0
0
0
0
0
0
0
0
1000
0
0
0
238,238
123,993
0
0
0
222,803
0
0
0
0
350,991
0
720,55
0
0,117807
33,0028
0
0
0
0
0
0
0
0
0
0
0
0
0
412,908
0
0
0
0
1000
0
0
0
0
0
0
0
598,962
0
74,7131
0
1000
0
0
0
0
0
0
392,397
0
779,332
0
0
0
0
0
0
0
0
737,108
0
0
0
0
0
0
0
0
1000
0
0
0
0
0
0
0
0
123,126
0
258,997
0
0
0
0
1000
0
0
815,783
0
0
0
0
0
0
0
0
0
0
0
0
0
1000
0
0
0
0
0
0
1000
0
0
0
0
0
0
114,004
0
1000
0
320,365
0
0
769,804
735,429
582,143
0
0
0
0
0
0
0
0
0
0
0
0
179,271
0
0
0
0
1000
0
0
0
0
0
0
0
732,91
0
0
269,848
0
0
0
0
0
0
1,29945
0
0
0
0
0
0
0
84,228
271,895
88,8061
0
0
0
0
0
0
0
766,841
0
0
0
0
0
0
0
0
0
0
0
0
0
0
0
0
1000
0
0
0
0
0
0
0
0
0
0
0
0
729,671
0
793,814
0
199,891
0
0
0
0
0
0
0
0
0
0
0
333,766
0
0
612,962
0
0
0
0
0
0
0
669,289
707,68
0
0
38,1325
0
0
0
0
0
0
0
0
0
0
0
0
0
0
0
0
0
0
0
0
0
98,7572
0
0
0
0
0
0
433,596
0
0
0
0
117,46
0
0
0
0
0
0
0
0
0
0
1000
0
0
0
0
0
0
0
0
0
0
0
0
0
0
0
0
0
1000
0
0
0
0
0
0
0
0
0
0
0
0
0
0
0
0
100,593
0
0
0
1000
0
1000
0
0
0
0
0
0
0
0
0
0
738,998
0
750,691
0
0
787,498
0
0
0
0
0
0
0
0
0
0
0
0
0
0
0
0
0
754,646
0
0
0
0
90,3979
0
0
0
261,62
0
0
0
0
0
0
0
0
0
0
0
752,49
0
64,9209
550,688
0
0
0
554,872
0
0
1000
0
0
659,39
0
0
0
0
0
790,696
0
87,4896
0
0
0
0
1000
0
0
0
0
0
0
0
417,427
0
0
0
0
0
0
0
0
0
0
0
1000
0
0
0
0
714,54
1000
1000
0
0
349,742
0
0
0
0
1000
0
0
0
0
0
0
0
0
0
418,89
0
0
0
0
0
0
421,216
0
616,59
0
0
509,785
0
0
0
0
0
0
766,557
0
0
0
0
398,26
0
0
0
713,074
0
0
0
0
0
0
0
0
0
497,867
0
0
0
0
0
0
0
0
0
0
0
0
0
103,182
0
271,139
0
0
0
0
0
0
0
0
0
0
0
0
0
0
0
0
0
783,891
0
0
0
0
0
439,881
341,978
609,088
0
0
0
0
0
0
0
0
0
0
167,842
0
0
190,51
0
0
0
0
0
0
0
0
0
0
0
497,346
0
0
0
0
0
0
0
0
0
0
0
0
0
0
0
0
0
0
0
712,108
0
0
0
1000
0
0
0
0
0
0
0
0
0
0
0
0
0
0
0
0
0
0
0
0
0
363,477
0
0
15,8409
0
0
0
594,75
0
211,427
0
258,851
0
0
0
771,025
0
0
0
0
0
0
0
0
684,204
0
0
0
0
0
591,69
85,4279
0
0
0
0
0
0
0
0
0
0
0
0
671,484
0
0
0
0
0
0
431,979
0
0
83,1145
787,979
0
0
0
0
0
0
0
0
0
0
0
0
173,998
0
0
0
0
0
0
1000
0
0
1000
529,369
0
34,5876
0
0
0
0
0
0
0
0
0
214,955
0
0
0
127,592
0
0
0
0
0
0
0
0
0
0
0
0
1000
0
0
0
0
0
17,7406
0
0
0
0
0
469,681
0
37,0133
0
0
0
0
0
0
0
0
0
0
0
97,3913
0
0
0
0
0
0
0
0
0
0
0
0
0
0
0
0
0
0
0
0
0
0
0
0
0
0
0
1000
0
0
0
0
0
0
0
0
0
0
0
0
0
0
0
381,27
0
0
0
0
0
0
578,863
0
484,775
0
0
0
1000
0
0
0
0
0
0
0
0
0
1000
0
0
0
0
0
0
0
0
0
0
0
0
0
266,59
0
0
53,7339
0
0
72,7264
0
0
0
0
0
0
0
0
0
0
0
0
766,534
0
0
0
0
0
671,271
0
0
0
398,196
0
0
0
0
628,406
780,169
1000
0
0
440,324
0
0
0
0
482,923
0
0
0
0
609,841
0
1000
0
36,0469
0
0
0
0
0
476,487
0
0
0
0
0
0
0
0
0
1000
0
0
0
0
0
0
0
0
0
0
0
0
0
0
0
0
0
0
0
230,767
0
0
0
0
0
0
0
773,623
0
0
0
0
0
0
0
0
0
0
402,257
0
0
0
0
0
0
0
745,187
0
0
0
0
0
0
0
714,04
0
0
0
0
125,2
0
0
0
0
0
0
0
0
0
0
0
0
0
0
0
0
0
0
0
0
0
0
0
0
0
0
0
0
0
0
0
0
0
0
0
0
0
0
0
0
0
721,471
0
0
0
0
0
0
0
0
0
0
0
0
0
0
0
0
0
0
0
1000
0
285,478
0
0
0
0
0
0
0
0
0
0
0
0
0
391,808
0
9,04294
0
0
0
0
0
0
1000
0
0
513,179
0
0
0
0
0
0
0
0
0
0
0
0
0
0
0
0
0
0
0
0
0
0
0
0
0
0
31,7438
1000
272,235
0
0
0
0
0
0
0
0
0
1000
0
0
0
0
436,81
0
0
755,421
0
0
796,028
342,465
0
0
0
0
493,338
0
0
0
0
0
0
0
0
0
0
728,807
523,309
0
0
0
0
0
0
0
0
0
0
0
0
744,435
0
0
0
0
0
0
0
0
0
0
0
92,8809
0
0
0
0
0
0
0
750,84
0
0
0
0
0
367,659
0
0
0
0
0
0
0
0
0
0
0
0
0
0
0
0
509,823
0
0
0
0
0
0
0
0
0
282,664
0
0
0
0
168,284
189,216
0
0
0
0
0
0
756,034
0
333,273
376,94
0
0
0
0
0
0
15,0145
0
166,07
0
837,29
0
155,224
0
0
0
0
0
129,393
0
382,073
0
0
1000
0
1000
782,901
0
716,914
0
0
0
0
446,823
391,696
0
623,152
0
0
0
0
0
0
276,34
0
0
0
0
0
0
0
0
0
379,901
1000
0
0
135,293
0
0
0
0
0
0
0
0
0
560,947
593,689
0
0
0
340,702
419,41
1000
0
0
0
0
0
0
0
524,008
0
481,26
0
0
528,09
0
0
0
0
1000
0
0
0
0
0
322,148
0
0
0
0
0
0
0
0
0
0
787,699
0
0
1000
200,025
0
0
484,989
0
0
0
0
0
0
0
0
0
263,845
0
0
0
0
746,056
22,7639
0
509,869
0
0
0
0
0
0
0
0
0
1000
0
0
0
0
0
0
0
0
0
0
0
0
0
0
0
0
151,054
0
0
0
0
0
0
0
0
61,1577
0
0
643,617
0
0
0
0
0
0
0
0
0
395,283
0
0
0
0
0
0
0
0
0
0
1000
0
0
0
711,116
1000
0
0
0
0
0
0
0
0
0
0
0
0
0
0
0
419,174
0
0
0
0
1000
0
0
0
784,975
0
0
43,5692
0
0
0
0
0
0
0
0
0
0
0,144695
0
609,139
0
0
0
0
319,394
0
0
0
0
0
0
0
0
0
0
0
0
570,567
213,909
0
774,613
313,969
714,703
0
74,6371
0
0
0
0
0
0
0
0
0
0
0
134,25
0
0
0
0
0
0
1000
0
0
0
0
0
0
0
0
0
0
0
265,068
0
22,5856
0
0
0
0
240,404
0
625,796
821,138
0
0
515,558
0
0
0
0
0
0
7,69131
0
0
0
0
76,2564
0
0
0
0
0
0
0
0
0
0
0
0
0
0
0
0
0
0
0
0
0
0
0
0
94,3677
233,862
0
343,925
0
0
0
0
0
531,426
0
0
0
0
539,224
0
0
0
0
0
510,9
0
0
538,541
444,753
0
0
0
0
703,412
0
1000
0
0
0
0
110,004
713,476
0
862,694
1000
0
36,5841
0
0
0
0
0
0
0
0
0
0
439,733
0
195,498
0
0
0
0
0
0
0
0
0
0
0
36,2737
0
403,132
785,174
0
0
0
0
0
0
0
0
0
0
0
0
0
0
0
0
0
1000
0
422,827
0
0
0
0
1000
0
0
0
0
0
0
0
0
0
0
0
1000
0
0
0
0
0
0
0
0
0
0
0
0
742,95
0
0
0
0
0
0
0
0
0
0
0
0
0
0
0
0
0
0
0
0
0
0
0
0
0
0
0
0
0
0
0
0
0
0
0
0
0
0
0
1000
1000
0
0
0
0
0
0
0
0
0
1000
243,532
0
0
0
0
0
0
0
314,275
0
0
0
0
0
0
0
0
0
0
0
0
0
0
0
0
0
0
0
0
0
0
0
398,995
0
0
0
0
1000
0
0
0
0
0
0
0
0
0
0
0
0
428,747
0
0
0
0
0
0
337,442
0
0
0
250,012
0
0
0
640,427
0
0
0
0
0
0
0
0
0
0
0
0
0
0
779,423
0
1000
0
269,79
764,99
0
0
0
520,072
240,616
0
0
1000
0
0
0
0
0
0
0
0
0
0
0
0
563,207
0
0
871,178
0
0
0
0
0
0
41,0037
0
0
0
0
0
225,817
0
0
397,13
0
720,774
0
0
0
0
12,4317
0
0
0
0
0
75,4517
0
0
0
1000
714,738
477,111
0
0
0
0
0
0
121,565
0
0
0
0
23,3532
0
1000
0
0
0
790,24
0
0
0
0
0
0
0
0
0
729,894
0
0
0
0
0
0
0
0
0
0
0
800,867
0
392,839
0
0
584,038
0
0
0
0
0
0
0
0
0
0
0
0
0
445,478
0
0
0
0
0
0
0
0
0
511,752
0
0
0
0
0
0
0
0
0
0
77,353
0
0
0
0
0
523,533
0
0
0
0
0
0
0
1000
630,481
0
0
0
1000
751,898
0
0
0
0
424,16
0
0
0
0
0
0
0
0
734,619
0
0
173,582
0
0
538,777
0
792,985
0
826,241
0
448,706
0
0
0
0
0
0
0
0
0
0
0
0
0
75,2606
0
0
0
0
0
0
0
0
0
520,648
0
0
563,371
0
0
0
363,422
0
0
0
0
0
0
0
0
7,2751
0
0
38,4068
0
0
0
0
39,2208
0
0
172,065
0
1000
0
0
620,646
0
0
0
0
0
777,02
0
404,805
0
0
0
0
0
0
1000
0
0
0
0
0
0
0
0
0
0
0
0
0
0
190,525
244,12
0
0
0
0
743,042
0
0
0
0
0
0
0
0
0
0
0
0
0
1000
0
0
195,449
0
0
0
0
0
344,45
0
0
0
480,301
1000
0
0
678,441
277,912
0
0
0
0
0
0
0
0
0
0
0
0
0
0
0
0
0
0
0
0
0
0
0
0
0
0
0
0
0
0
0
0
0
0
0
0
0
0
0
0
0
0
0
0
496,921
20,0074
0
0
0
0
0
0
0
0
0
0
0
0
0
0
119,266
0
0
0
0
0
0
0
0
0
0
0
0
163,694
0
0
0
0
0
0
0
0
0
0
1000
138,379
715,362
264,615
0
0
0
0
0
0
0
137,41
0
0
0
0
0
36,2937
0
0
0
0
0
0
0
0
0
0
27,4825
0
0
0
0
0
0
0
0
0
0
0
0
85,5818
0
0
0
0
0
0
1000
0
0
0
1000
0
0
0
1000
0
0
0
0
0
414,046
0
1000
0
1000
0
0
0
36,9645
0
0
58,3898
0
0
0
0
0
0
0
0
0
0
0
0
1000
0
0
0
0
0
514,647
0
0
0
0
0
0
0
0
0
0
0
0
461,564
0
0
0
0
0
0
1000
0
0
0
0
0
0
0
0
0
0
81,0183
0
0
0
0
0
0
0
0
0
0
0
0
0
0
708,169
0
0
0
501,49
0
0
0
0
392,692
0
0
178,946
0
77,2302
1000
307,509
0
0
0
0
0
0
0
0
0
0
0
0
449,785
0
641,772
370,024
0
0
0
0
0
0
0
0
1000
0
0
0
0
0
0
0
1000
0
0
221,75
0
0
0
0
369,037
0
1000
0
0
0
0
0
0
0
0
16,4304
779,159
0
80,1999
0
0
0
0
0
0
0
0
0
1000
0
0
0
0
0
0
0
0
0
0
0
0
0
0
323,02
0
159,219
0
0
0
0
0
0
1000
0
0
0
1000
0
512,751
0
0
0
0
0
0
0
0
0
0
203,696
0
0
0
0
710,806
0
0
0
0
0
0
0
0
0
0
0
0
1000
0
0
0
0
0
0
0
0
0
0
0
0
0
0
104,736
785,412
0
0
0
0
0
0
0
0
0
0
0
0
0
0
0
0
614,807
0
347,461
0
0
1000
0
1000
0
0
0
0
0
0
0
305,307
0
0
0
1000
61,3993
0
0
0
0
0
0
0
0
0
0
0
0
0
0
0
0
0
0
0
0
181,814
0
0
0
0
0
0
0
0
0
0
0
0
437,403
0
0
0
796,433
665,109
0
0
0
0
0
238,792
0
0
0
0
0
0
0
0
0
699,449
0
0
0
0
0
0
0
210,439
0
0
357,246
191,082
0
0
0
1000
0
0
0
0
196,928
0
0
0
0
0
181,18
0
487,909
1000
0
0
0
0
0
0
0
0
0
509,671
0
0
0
0
0
0
0
0
0
0
0
0
0
0
0
0
0
0
0
0
0
371,339
83,7803
0
0
0
609,65
0
1000
1000
0
0
156,757
597,092
0
0
0
0
0
0
0
0
0
0
0
0
0
432,289
0
0
0
0
0
0
0
0
0
0
0
0
0
0
0
0
0
0
0
0
0
0
0
0
423,397
0
0
0
0
0
778,729
1000
0
760,824
0
0
0
0
0
0
0
0
0
1000
0
0
0
0
0
0
0
0
0
0
727,983
0
0
0
0
0
0
0
0
0
0
0
0
0
0
0
0
0
29,2293
0
0
0
0
0
0
0
0
1000
0
166,435
0
0
804,047
0
0
0
529,888
0
0
0
0
0
0
0
0
0
0
0
0
0
0
1000
0
0
0
0
0
0
789,069
0
6,26111
0
0
0
482,426
0
0
0
0
0
0
0
268,3
0
0
0
0
0
0
0
0
0
0
0
0
0
224,301
0
0
0
0
0
0
0
0
0
0
0
0
0
0
0
0
0
0
0
0
0
0
0
0
0
0
0
0
1000
1000
0
0
0
0
0
0
0
0
0
0
102,181
0
0
0
0
0
0
771,707
0
0
0
0
0
0
0
0
0
0
0
0
0
0
0
0
0
0
0
69,5635
0
0
0
1000
0
0
0
0
0
0
0
0
464,248
0
0
0
0
0
0
126,179
0
0
1000
1000
0
0
0
0
0
791,932
0
0
0
0
315,423
0
0
0
0
0
0
0
37,3182
0
0
552,154
0
0
0
0
0
0
0
0
1000
354,567
0
0
0
0
0
0
0
0
0
0
0
0
0
0
191,917
0
0
99,9286
6,41097
0
0
0
704,686
0
0
0
0
0
0
0
381,06
0
0
0
0
0
0
0
0
0
0
0
0
304,384
615,509
0
0
0
281,35
0
751,494
0
0
0
255,398
0
1000
0
1000
0
0
0
0
0
0
130,11
0
0
0
0
0
0
0
0
0
0
0
0
0
0
0
0
216,073
0
0
0
0
459,194
0
0
0
0
0
0
0
0
0
0
0
0
0
0
0
0
364,167
0
0
371,182
566,826
0
0
0
0
0
0
217,883
603,817
0
0
0
0
129,385
0
0
0
0
0
745,656
0
1000
0
0
0
0
0
0
0
0
0
0
0
459,803
582,243
0
0
0
0
0
0
0
0
0
0
0
0
0
0
0
0
0
0
0
0
0
1000
0
0
0
0
0
0
0
0
0
0
0
0
0
0
0
0
0
0
0
0
593,541
0
0
0
1000
43,6457
0
0
0
0
150,087
0
0
0
0
0
0
0
0
0
0
0
0
341,126
0
0
0
441,696
0
0
0
0
793,32
1000
795,459
0
0
0
0
0
0
222,318
0
9,86826
0
0
0
0
0
0
0
0
0
0
0
0
0
0
263,774
0
0
0
0
0
0
0
0
0
0
0
0
121,227
0
1000
0
0
0
30,3354
0
1000
0
251,397
0
0
1000
0
0
0
299,56
0
0
0
0
225,54
779,375
0
0
0
1000
0
0
0
1000
0
0
0
0
0
140,836
0
0
0
0
66,2935
0
0
0
0
0
0
0
487,972
0
0
0
0
0
0
0
0
0
0
0
1000
0
0
0
460,411
0
0
0
0
0
0
0
0
106,334
0
0
0
0
0
0
0
0
0
0
1000
0
0
0
0
0
0
0
0
0
268,889
0
0
0
0
0
0
0
0
0
0
635,606
794,16
0
0
466,211
522,814
516,56
774,085
0
0
0
0
752,872
0
0
0
0
0
0
0
0
64,3581
0
0
240,407
0
1000
757,768
0
0
0
0
0
0
0
0
0
0
0
0
0
0
0
152,976
0
0
0
0
0
266,654
0
0
522,294
0
0
0
0
0
0
0
0
0
0
0
651,556
742,855
0
0
0
0
0
0
0
0
0
0
0
0
229,093
0
0
0
0
1000
0
0
1000
291,219
0
0
0
0
0
0
0
0
254,442
0
119,884
724,56
0
0
0
0
0
0
0
0
0
0
0
0
0
0
0
0
0
150,061
0
0
0
0
0
1000
0
0
37,1494
0
0
0
0
0
22,5354
0
0
0
699,886
0
0
374,126
125,398
0
0
0
0
0
0
0
0
0
0
0
0
0
0
0
0
757,499
0
0
0
786,496
421,872
0
56,3185
0
0
0
0
0
0
0
0
384,957
0
302,589
0
0
0
0
0
0
0
0
0
0
536,059
43,4128
0
0
0
0
0
820,883
452,451
0
0
0
0
0
0
0
0
0
0
0
0
0
0
0
240,033
0
0
0
86,2128
0
0
0
0
0
0
119,177
0
0
0
1000
0
0
0
0
0
0
0
0
0
17,1375
0
0
0
0
0
0
0
0
634,878
0
0
0
0
0
0
0
0
0
0
0
822,322
0
0
0
0
0
487,491
0
0
0
43,5492
0
0
591,363
793,968
223,051
0
0
0
0
0
0
1000
0
0
0
64,707
0
1000
0
0
0
0
109,228
0
713,851
0
0
0
0
0
0
0
0
0
125,696
0
0
350,239
0
0
0
0
0
0
0
0
0
0
0
0
1000
0
0
0
0
0
0
0
0
0
0
0
0
0
0
0
0
0
344,225
0
1000
0
0
0
94,5287
0
0
0
0
0
0
0
0
0
0
0
0
0
0
0
0
0
0
0
0
0
1000
0
0
0
0
0
0
0
0
0
722,572
0
751,637
0
0
788,616
0
0
97,6751
549,391
0
0
509,733
0
0
0
1000
0
0
132,055
0
0
0
0
0
0
0
72,7091
0
0
0
0
0
0
0
1000
780,523
0
0
0
0
0
0
0
0
0
0
0
313,288
0
0
1000
0
0
0
0
0
0
0
0
0
54,2284
0
0
0
0
0
0
0
231,175
0
0
1000
0
0
0
0
0
0
369,365
0
0
0
0
0
0
0
0
0
0
0
0
0
0
0
440,425
0
0
0
0
0
123,479
0
0
0
0
0
321,132
0
0
0
0
0
0
0
281,464
0
0
0
0
0
0
0
68,7951
0
0
0
0
0
0
0
0
1000
0
0
0
0
0
0
0
0
0
0
0
0
0
0
0
0
0
716,177
0
0
0
429,507
0
0
0
0
0
0
0
0
0
0
1000
0
0
0
0
0
0
0
0
0
0
0
0
160,388
0
0
0
0
0
1000
0
0
0
0
0
694,74
0
0
0
0
0
0
0
592,075
0
0
0
1000
40,3699
0
0
0
0
0
7,24279
0
0
128,028
0
0
0
0
0
0
0
0
0,388948
0
0
0
463,429
0
0
748,055
0
0
0
0
0
0
0
0
0
7,15262
0
0
0
85,2681
0
186,93
303,525
0
0
0
0
0
435,579
0
0
0
0
0
0
0
371,678
0
0
1000
0
0
0
0
0
314,814
0
0
0
0
0
0
0
0
0
0
1000
0
0
0
0
0
0
1000
0
0
437,758
0
1000
0
0
0
0
0
696,432
0
0
0
827,637
593,836
0
0
0
0
0
0
0
0
0
0
186,378
0
0
0
0
0
1000
0
0
53,4752
368,639
0
0
0
0
0
0
0
0
0
317,855
703,628
0
1000
0
210,401
0
0
0
0
0
0
0
0
0
141,647
161,954
0
0
632,709
0
0
0
165,47
0
0
0
0
1000
1000
0
0
0
0
0
0
0
0
0
0
437,307
0
0
0
0
39,5624
0
129,443
0
219,99
0
201,543
0
1000
0
0
0
0
329,341
0
101,463
0
0
0
0
0
0
724,074
0
0
0
0
0
0
108,711
3,19799
0
0
0
0
0
0
0
0
512,639
0
0
580,995
0
0
0
0
0
0
0
0
0
1000
1000
1000
0
0
0
0
254,605
0
0
0
0
0
0
0
248,546
0
0
0
0
0
0
0
251,417
0
0
707,894
0
315,699
156,216
414,057
0
0
0
0
0
0
0
0
0
0
0
1000
0
0
0
0
0
0
0
0
0
0
0
0
0
490,766
0
0
0
0
0
0
0
0
0
0
0
0
0
0
0
0
0
0
0
0
0
135,115
346,983
0
0
0
0
0
0
0
0
0
0
0
0
0
0
0
0
0
0
0
0
0
0
0
0
0
0
0
0
497,958
0
0
0
0
0
0
0
0
0
0
0
0
0
0
0
0
0
0
0
0
465,023
0
0
0
518,76
0
0
764,737
0
0
0
0
0
0
0
1000
0
0
0
0
0
21,3129
0
0
0
0
0
0
0
0
0
0
0
0
0
0
0
0
0
388,438
0
0
795,034
0
0
0
0
0
0
448,347
0
0
0
0
0
0
0
0
0
266,531
0
0
757,851
0
0
742,384
306,323
0
0
0
0
0
190,637
0
0
158,53
0
0
0
0
0
248,278
0
0
0
0
0
0
0
0
426,507
0
781,916
0
0
791,702
0
0
0
0
803,654
0
0
0
0
203,146
70,3515
0
0
0
0
0
0
0
0
0
0
0
0
0
0
0
0
0
434,202
0
293,258
0
0
0
0
0
0
577,377
0
0
0
0
0
0
18,9324
150,016
0
0
0
0
0
0
0
0
211,437
829,932
0
0
0
0
0
475,489
0
0
0
0
0
0
0
295,604
0
0
0
0
0
0
0
0
0
0
726,419
0
0
0
216,954
609,517
0
0
0
0
73,4165
0
0
0
0
192,53
668,18
0
0
1000
0
10,0986
0
0
0
0
0
0
785,179
0
0
0
0
0
751,204
0
0
0
0
0
0
0
0
0
0
0
0
262,535
0
714,057
554,952
422,822
0
0
0
0
0
0
0
81,9714
1000
1000
0
322,693
0
0
722,677
0
8,5957
0
80,471
0
164,207
0
1000
0
0
0
0
0
454,777
473,104
0
0
0
1000
0
77,801
0
0
0
706,306
0
0
0
0
0
0
0
0
0
0
0
0
0
0
545,864
0
66,796
0
0
0
0
0
0
0
0
0
0
0
0
0
0
0
0
262,424
0
0
0
0
0
0
0
1000
0
0
0
249,38
0
0
0
0
790,898
0
0
0
0
0
0
0
0
0
0
0
0
0
0
0
0
484,869
0
0
1000
0
0
0
0
1000
0
0
1000
0
0
718,963
0
0
0
0
0
0
0
0
0
0
0
0
636,949
0
0
1000
0
0
0
0
0
0
0
0
0
728,679
0
0
0
0
0
0
0
0
0
0
0
0
0
0
0
0
0
312,364
0
0
0
0
0
0
0
0
0
0
0
0
0
1000
1000
1000
0
0
0
0
0
0
0
0
0
0
0
0
0
0
0
588,122
0
0
0
0
0
0
0
0
0
0
1000
0
0
0
0
1000
0
0
0
0
310,11
0
83,4504
0
0
0
0
0
144,319
0
0
0
0
0
0
755,16
0
0
191,179
0
0
0
0
0
0
0
0
0
11,478
0
0
0
0
0
0
0
0
0
0
0
0
0
0
0
0
0
0
0
0
0
0
0
0
0
0
368,456
0
0
0
0
0
0
0
0
0
0
0
0
0
0
0
0
0
0
0
0
0
740,928
0
631,694
0
0
0
0
0
274,33
0
0
0
0
0
0
0
0
0
0
763,732
0
0
0
0
0
0
0
0
247,878
0
0
245,54
0
0
0
0
564,124
286,734
0
707,686
0
96,7107
0
0
0
0
0
0
0
0
0
0
172,687
0
502,708
0
1000
0
0
0
0
0
0
0
0
0
0
308,848
0
0
0
1000
0
1000
0
0
0
596,955
0
0
0
272,807
0
0
0
136,666
182,406
777,384
0
0
0
0
0
0
0
0
0
0
746,987
0
365,257
1000
0
0
0
0
51,1789
0
0
0
0
0
0
0
0
1000
0
751,159
0
0
0
16,3239
0
0
73,0054
0
0
0
0
1000
0
0
0
0
0
0
0
0
0
0
68,0522
0
0
0
0
0
0
128,068
0
0
0
699,225
0
0
0
342,592
0
0
0
0
0
0
0
0
0
0
0
0
121,285
105,66
354,564
0
0
0
0
0
549,546
546,424
0
558,978
0
0
0
0
0
0
0
0
150,527
0
0
0
0
0
1000
0
0
0
0
0
0
0
0
0
0
0
0
0
0
0
0
0
0
0
0
0
0
0
0
0
0
0
592,357
0
0
0
76,0752
0
0
0
0
0
0
0
0
0
0
0
0
0
0
1000
0
0
0
0
0
0
0
0
0
0
0
0
0
0
0
0
0
0
0
0
0
0
0
0
0
757,039
0
137,396
0
0
0
0
0
0
0
0
0
0
1000
0
825,253
0
23,7628
0
0
0
0
0
0
0
825,337
0
0
253,958
0
1000
0
0
0
0
0
0
0
0
0
0
0
0
0
0
0
0
0
801,158
0
63,6623
0
0
0
0
443,509
1000
0
0
0
0
811,97
0
0
0
0
0
0
0
683,846
0
0
333,029
0
0
0
0
0
1000
0
0
0
0
0
0
0
0
0
0
0
0
0
0
0
0
0
0
0
0
0
0
0
0
0
537,407
0
0
0
0
0
0
0
0
0
0
0
0
0
0
0
0
0
0
1000
0
0
0
0
0
0
286,494
0
0
0
0
0
0
0
0
0
575,083
0
0
0
0
418,557
0
0
162,158
0
0
0
0
1000
0
0
0
0
0
0
0
0
809,71
0
446,566
0
199,962
0
0
1000
1000
0
0
0
568,198
0
0
0
0
0
0
0
0
0
0
0
0
0
0
65,0061
0
0
0
229,659
0
0
0
0
0
0
0
0
58,3784
1000
0
95,9883
0
0
164,067
0
0
0
0
0
0
0
0
0
0
0
0
0
0
236,252
0
0
0
0
0
1000
1000
510,08
0
0
271,563
288,043
0
0
0
0
0
0
296,203
0
0
0
0
0
0
0
0
0
1000
30,5972
0
0
0
0
0
0
0
0
401,845
0
488,601
408,796
0
0
0
523,048
172,806
0
0
0
0
0
766,362
0
273,131
0
0
611,289
688,562
0
0
0
0
0
0
0
0
0
0
0
0
1000
0
0
0
0
0
0
0
0
0
0
0
0
0
0
0
0
1000
0
0
0
0
0
0
710,295
1000
0
0
0
0
0
419,593
0
0
0
0
0
634,983
0
0
0
0
0
46,0415
1000
50,8536
0
0
0
779,708
1000
0
0
0
0
0
0
694,133
0
0
0
0
99,9461
0
0
0
0
817,047
162,014
113,794
0
1000
0
0
0
0
0
1000
485,687
0
0
0
436,387
0
776,791
0
0
0
0
0
0
167,772
1000
184,251
0
0
0
0
0
0
138,944
0
0
0
1000
0
770,939
0
0
0
0
0
0
0
0
1000
0
0
0
0
0
0
786,177
0
0
796,154
64,781
0
0
0
450,432
0
0
1000
0
0
0
0
0
0
0
0
0
753,074
532,082
0
0
0
0
0
0
1000
0
135,931
0
0
0
0
0
259,846
0
0
0
0
0
0
0
0
0
0
0
272,5
584,712
0
0
0
0
0
0
0
198,291
0
0
0
0
0
0
0
0
0
1000
0
0
0
0
0
0
0
0
0
0
0
0
0
0
0
0
0
0
0
0
0
0
0
422,899
0
0
826,152
0
0
0
0
0
0
0
0
278,676
105,752
0
0
0
0
1000
0
0
0
0
0
0
0
0
7,06795
0
0
0
50,8271
0
0
0
391,473
0
0
823,002
0
0
0
0
0
0
0
0
121,679
0
0
0
0
0
0
0
795,325
0
0
0
592,5
0
0
0
125,009
0
0
0
0
0
0
0
0
0
0
0
0
0
0
0
0
0
0
0
272,432
0
0
0
0
0
0
0
1000
0
0
0
0
0
1000
0
0
0
0
0
0
0
1000
568,746
0
842,425
0
700,331
594,52
0
0
0
0
0
0
0
0
0
1000
0
0
0
0
874,309
0
0
0
0
0
0
0
0
0
1000
0
0
0
0
0
0
59,0897
0
0
0
215,057
0
0
795,766
0
0
0
0
0
0
0
424,757
0
0
0
0
0
0
0
0
0
783,889
0
0
0
0
1000
0
0
0
0
467,429
0
0
0
0
0
0
0
0
0
0
0
619,943
0
727,246
0
0
0
0
0
0
0
0
0
0
0
0
0
816,587
0
0
0
0
0
0
0
0
0
1000
0
0
0
0
0
0
0
0
0
0
62,197
0
0
0
678,029
0
0
0
0
0
0
0
184,804
0
0
530,469
0
0
0
0
0
0
0
0
0
0
0
0
0
0
1000
706,858
0
0
0
0
0
0
0
0
0
0
0
0
0
0
0
0
0
0
0
0
0
0
0
0
0
0
120,454
0
155,695
0
0
0
0
0
0
0
153,361
0
471,84
0
0
0
0
481,338
342,174
0
0
0
0
0
0
0
498,301
0
0
0
0
0
0
0
558,884
0
0
0
0
0
302,844
0
0
0
0
0
337,99
0
0
0
0
0
0
0
0
27,7727
0
0
0
558,339
0
0
0
0
0
0
0
0
0
0
7,85744
92,8423
0
0
0
0
0
0
0
0
0
0
0
235,61
0
0
0
0
114,708
0
0
0
0
0
0
0
0
0
0
0
0
0
0
0
1000
0
0
0
0
0
0
0
0
0
0
0
0
321,109
142,707
118,933
0
1000
0
0
0
0
0
0
0
0
0
0
0
0
0
0
0
0
0
0
0
0
0
0
0
0
0
0
0
0
0
0
715,498
722,413
0
0
0
0
0
0
0
0
0
0
0
0
0
0
0
0
0
0
0
0
0
0
0
1000
0
0
0
1000
0
0
0
1000
0
0
153,795
0
0
0
0
0
0
0
178,418
0
0
0
0
0
1000
0
0
0
0
0
0
0
0
0
0
0
0
0
0
0
0
0
0
0
0
55,8345
0
0
83,1606
0
0
0
0
0
0
0
0
0
0
0
0
0
0
0
0
0
533,358
0
0
0
0
0
0
0
7,33652
0
0
0
0
0
0
0
0
0
0
1000
569,682
0
0
0
0
0
745,484
0
0
0
0
0
0
0
0
402,818
0
758,37
0
1000
0
0
739,984
0
0
0
0
0
0
0
0
0
0
0
0
0
125,318
0
0
0
832,575
767,178
0
0
0
0
0
0
0
0
0
0
0
0
0
0
0
0
0
0
0
684,033
1000
0
0
197,972
0
0
732,321
0
0
0
0
0
0
0
0
186,231
0
0
0
0
181,001
0
0
0
0
0
0
0
0
0
0
0
0
0
0
0
0
0
0
0
0
589,498
0
0
0
0
23,5428
0
0
0
1000
0
0
0
0
0
0
0
0
0
739,176
0
0
56,5959
1000
0
0
0
0
0
0
96,1178
1000
188,826
0
0
0
0
0
0
0
0
0
0
0
0
0
0
0
0
170,096
0
471,425
0
274,674
0
0
0
0
0
0
0
251,54
0
0
782,969
1000
0
0
0
0
0
0
0
0
0
0
25,1182
0
0
0
0
0
0
265,08
0
0
0
66,3979
0
843,973
0
68,3323
0
0
0
0
0
0
0
0
0
156,009
458,104
0
303,874
0
0
0
263,086
0
0
0
0
0
0
0
192,178
0
0
0
0
0
0
0
0
0
0
0
0
1000
0
713,174
1000
0
0
0
0
0
0
0
0
0
0
1000
0
0
287,519
0
0
0
0
1000
0
1000
0
0
0
0
0
0
0
0
0
0
0
0
0
0
0
0
0
0
0
0
299,371
0
0
697,407
383,471
0
0
0
0
0
0
0
0
0
0
0
0
0
0
0
0
0
0
241,269
0
0
0
0
0
0
0
0
0
0
0
0
0
131,065
0
0
0
0
738,896
0
590,8
0
0
0
0
0
0
0
0
0
1000
0
0
0
0
0
0
171,121
0
0
0
0
113,736
0
0
424,827
0
0
0
0
0
0
0
0
1000
0
0
0
0
0
0
757,889
0
0
0
668,127
750,367
0
0
0
0
0
0
97,7658
0
601,12
0
0
0
0
35,535
0
0
0
0
0
0
0
0
0
0
538,9
0
0
0
0
0
0
0
0
0
0
0
0
0
525,077
0
0
0
602,698
0
0
0
1000
0
0
0
0
0
754,981
0
0
0
0
0
0
0
0
0
0
0
0
1000
1000
0
0
0
0
0
0
0
0
0
458,304
0
0
0
0
0
0
0
0
0
0
0
0
0
0
0
0
0
395,427
0
0
238,263
0
339,956
0
0
0
0
0
688,024
0
0
0
0
0
0
0
0
0
0
0
0
241,447
0
0
0
649,874
0
0
0
0
213,513
0
0
0
0
0
0
0
809,354
0
0
0
0
0
476,505
0
0
0
0
0
751,099
0
0
1000
0
0
0
1000
0
0
0
1000
0
486,452
0
0
0
58,3408
1000
277,064
0
0
552,942
0
0
0
0
0
0
0
0
0
550,265
0
0
0
0
0
161,722
0
0
0
0
0
538,045
0
0
0
0
0
0
0
0
0
0
0
294,788
396,405
0
0
0
0
0
0
0
0
0
0
0
0
0
0
0
0
0
0
0
393,931
276,043
0
0
0
0
0
0
0
0
0
0
0
0
0
0
0
0
0
1000
0
0
0
0
0
0
0
0
88,8901
733,66
0
0
1000
0
0
0
0
759,936
0
0
0
4,18682
0
0
0
0
281,306
0
0
180,837
169,02
0
0
0
0
0
0
0
1000
488,183
270,495
0
0
0
90,8608
0
0
60,4238
0
416,558
0
0
424,57
365,833
0
0
0
0
0
0
0
0
0
290,717
785,463
59,0277
0
1000
0
1000
541,423
0
0
0
0
1000
0
83,2618
0
0
0
0
0
0
0
0
0
0
0
0
0
0
1000
631,771
0
0
0
0
0
0
0
0
0
0
0
783,707
0
0
0
0
1000
0
0
0
0
0
0
0
0
0
0
0
0
412,689
0
0
0
0
0
0
0
0
276,851
0
0
0
790,673
0
0
0
0
0
0
0
0
616,559
0
0
0
0
1000
0
0
0
0
0
0
821,708
0
0
0
1000
0
211,029
0
0
0
0
0
0
373,864
0
0
131,788
2,42246
0
0
0
0
0
0
0
0
0
0
0
0
587,152
0
0
0
0
0
0
0
0
0
0
0
0
0
0
0
0
1000
856,764
0
0
0
0
0
0
0
1000
31,7546
0
0
0
0
511,797
0
633,856
98,8311
0
0
0
408,359
0
0
0
0
0
22,8975
0
0
737,738
0
0
0
0
0
0
0
0
0
0
0
666,816
0
0
0
508,577
1000
0
0
0
0
0
0
0
0
0
0
0
0
0
0
0
0
0
0
0
0
715,398
0
0
0
0
0
0
0
0
0
0
0
322,297
0
0
247,426
0
1000
0
1000
0
0
0
0
25,8038
0
368,935
148,466
0
0
544,777
0
0
0
0
0
0
0
0
545,13
471,611
1000
0
0
0
0
0
783,272
0
0
0
0
0
0
0
0
0
0
0
0
12,652
0
0
0
0
0
0
638,723
0
0
0
0
0
0
0
0
0
0
285,942
0
0
0
1000
0
106,216
0
0
0
0
0
0
1000
0
0
764,99
0
0
0
0
0
0
0
1000
0
0
0
0
0
0
0
0
0
0
0
0
693,125
0
0
0
0
1000
0
0
0
0
0
0
0
0
0
0
0
0
0
0
0
0
0
0
713,045
0
827,314
794,47
0
0
0
720,795
0
0
0
0
0
0
0
101,802
0
0
0
0
0
0
175,047
0
605,376
0
0
0
256,821
0
0
508,426
0
1000
0
0
0
561,841
0
0
0
0
0
0
0
426,434
0
0
0
0
0
0
0
0
0
0
0
0
0
0
0
0
0
0
0
0
0
0
0
0
0
0
0
0
0
0
1000
0
0
0
780,707
0
787,116
0
0
0
1000
0
0
0
533,802
0
0
0
0
0
0
0
0
0
0
0
0
0
0
769,214
0
0
0
0
0
750,092
0
0
0
0
0
0
0
1000
0
0
0
0
0
0
0
0
0
0
0
0
0
0
0
0
1000
796,185
0
0
0
558,683
0
0
0
0
0
0
0
0
791,531
0
0
0
0
0
1000
0
0
0
0
0
0
0
0
0
0
0
0
0
0
0
0
448,98
0
0
0
1000
0
0
0
0
0
0
0
0
0
0
770,602
0
0
0
0
729,223
0
0
0
0
0
0
779,717
0
0
0
0
0
0
0
0
0
0
0
0
0
0
380,736
0
0
0
28,7307
0
0
1000
0
0
0
0
0
0
0
0
0
0
0
0
0
111,104
0
0
0
0
0
1000
0
0
0
0
0
0
0
0
265,39
0
755,475
0
0
0
730,162
0
846,606
0
367,123
0
0
0
49,0596
0
0
0
748,702
0
0
0
0
0
0
0
0
0
0
0
0
168,928
0
0
0
0
0
0
0
0
0
385,798
0
0
0
0
0
0
769,99
0
0
0
0
251,563
0
0
0
0
0
0
376,787
0
0
0
826,146
0
0
0
0
0
0
0
0
0
465,355
787,473
0
0
0
0
0
0
0
0
0
0
0
0
492,927
584,294
197,868
294,249
0
0
0
0
789,672
0
431,231
0
0
0
0
0
0
0
0
0
273,924
0
0
0
0
259,419
0
0
1000
0
0
0
1000
0
0
0
0
117,975
0
0
0
0
0
0
259,615
0
0
0
0
825,4
0
0
90,4359
0
0
0
0
0
409,263
609,471
0
0
508,919
0
0
0
0
220,441
0
172,947
0
0
0
0
0
0
0
0
0
0
0
172,449
341,669
0
0
0
0
0
0
0
0
0
0
0
0
0
0
0
317,876
1000
0
0
0
0
0
487,86
0
0
0
0
292,206
0
0
0
0
0
0
198,472
0
744,055
0
0
0
0
0
430,215
0
0
0
0
250,011
354,188
0
0
0
0
0
0
0
0
329,418
0
0
0
0
0
0
0
0
0
0
0
0
0
0
0
0
498
0
0
0
0
0
0
0
0
163,861
0
0
0
0
0
0
0
0
1000
0
0
0
0
428,573
1000
0
0
794,422
0
0
0
0
0
0
0
0
0
1000
0
0
0
481,028
0
0
786,483
0
1000
0
0
0
0
0
0
0
0
0
0
0
0
0
41,6319
555,276
0
0
0
0
0
0
0
0
1000
0
1000
0
0
0
0
1000
0
759,775
0
185,892
0
1000
0
366,5
0
0
0
1000
0
0
0
0
0
0
0
0
0
0
0
0
0
1000
0
0
0
0
0
513,872
1000
1000
59,5573
0
0
0
0
0
0
391,659
0
0
378,986
0
0
0
0
0
0
0
0
0
0
0
0
0
1000
0
0
0
0
0
0
0
473,28
425,49
0
0
0
0
0
0
0
0
0
0
0
0
0
758,034
1000
0
309,739
0
652,717
0
0
0
0
0
0
0
0
0
0
1000
0
1000
0
0
0
0
0
0
0
0
1000
0
301,525
0
0
0
0
0
0
0
0
0
485,771
0
0
0
0
0
0
0
0
0
0
0
0
0
0
0
0
0
0
0
0
0
0
0
779,075
0
1000
0
327,735
0
0
0
0
0
0
395,157
0
0
0
1000
1000
0
523,448
1000
0
0
0
0
0
0
0
0
0
0
0
0
0
0
0
0
0
0
51,0126
416,486
0
0
71,4316
0
0
0
440,251
0
753,86
0
0
0
0
240,573
0
0
0
0
0
668,604
0
0
0
596,03
0
0
0
0
0
0
0
450,245
0
0
0
405,589
0
0
0
0
0
0
0
0
0
185,679
0
0
0
0
0
0
0
0
0
13,1266
1000
0
779,263
0
0
0
1000
0
495,613
0
0
0
490,947
0
0
0
0
1000
0
0
0
0
0
0
0
0
0
0
0
0
0
1,89465
237,16
0
497,13
0
0
0
0
0
0
0
0
0
0
0
0
0
0
0
0
0
0
0
0
0
0
0
460,834
0
0
12,9867
0
0
0
1000
0
0
1000
0
0
0
1000
0
0
0
0
0
0
0
0
0
0
0
511,57
0
0
0
0
0
0
0
0
0
0
0
0
0
0
0
0
0
0
0
429,133
0
186,516
0
347,795
0
0
0
0
0
0
792,213
0
767,549
0
0
0
0
0
0
0
0
0
0
0
0
1000
0
85,9978
1000
0
0
0
0
0
0
75,4878
0
0
0
0
0
0
0
0
0
0
0
1000
0
0
0
0
0
0
0
0
0
0
0
312,559
78,8353
0
0
0
0
0
193,65
1000
382,507
0
360,854
604,254
0
0
12,5248
0
0
0
0
490,718
0
772,391
0
0
0
0
0
0
0
0
0
0
0
0
0
0
0
0
0
0
0
344,487
0
0
0
1000
0
0
0
164,781
0
0
0
0
0
795,019
0
0
0
0
0
0
796,445
0
0
0
0
0
0
0
476,274
786,111
0
0
0
0
615,101
0
0
0
0
0
0
0
0
0
0
0
0
0
0
0
0
0
0
0
0
0
0
0
0
0
0
0
0
0
0
0
0
0
0
0
0
0
0
499,165
0
0
0
0
0
0
0
0
0
0
0
196,954
0
0
0
0
0
0
0
0
0
0
0
0
0
1000
0
0
0
0
0
0
0
0
0
0
0
0
0
0
0
0
0
0
0
0
0
0
0
0
442,881
0
1000
0
352,504
0
243,284
0
154,464
0
0
678,096
0
0
0
241,374
0
0
0
0
0
0
0
0
0
0
0
0
0
0
818,315
0
0
0
0
0
0
0
0
0
0
62,6445
0
0
0
0
1000
0
0
0
0
0
0
0
0
0
0
0
1000
0
0
0
0
0
0
0
0
0
0
0
0
0
0
0
0
0
0
0
0
0
0
1000
0
1000
0
0
541,318
0
797,579
0
0
0
0
627,645
0
0
0
0
0
0
0
733,135
0
567,473
0
0
0
0
0
0
239,965
0
0
0
0
0
0
0
0
0
0
0
0
705,618
0
0
0
0
0
0
0
0
0
484,735
0
0
0
0
0
0
0
0
0
0
0
196,515
0
0
0
0
0
0
0
0
1000
0
0
0
0
0
738,415
0
1000
0
0
0
265,521
0
263,243
0
0
0
0
0
0
0
256,256
0
0
0
0
0
0
0
0
0
0
0
0
0
0
0
0
0
0
0
0
0
0
0
0
40,3741
296,424
0
0
0
0
0
0
0
0
709,3
1000
744,806
0
0
0
0
0
0
0
0
0
0
0
0
0
652,784
0
0
0
0
0
0
0
0
0
0
0
0
0
0
0
0
0
0
0
716,922
0
1000
0
0
368,383
0
0
0
0
0
0
184,925
0
0
0
272,989
0
0
307,787
0
380,674
0
496,722
0
0
0
0
0
0
0
0
0
0
0
0
1000
0
0
0
0
0
0
0
0
0
0
0
0
0
0
233,548
0
839,012
541,257
0
0
0
0
39,3029
224,383
0
541,123
0
0
0
0
0
0
0
511,892
0
0
0
0
0
772,754
1000
0
689,5
0
0
0
0
0
225,766
0
0
0
41,7955
425,905
0
0
750,404
0
0
0
0
0
0
770,429
1000
0
1000
310,817
0
0
0
4,16691
0
0
585,42
0
0
0
0
0
0
0
0
0
0
792,249
0
0
0
767,5
0
0
0
524,815
0
0
0
0
1000
0
0
0
0
0
0
0
0
0
0
487,546
0
0
0
46,4158
1000
0
0
0
0
0
0
0
0
0
0
0
0
0
1000
0
0
0
455,277
0
0
0
233,168
0
0
190,502
0
0
0
131,118
0
164,197
0
1000
0
0
0
0
0
0
0
0
0
0
53,6441
0
163,656
0
0
0
0
0
0
325,402
0
0
258,09
0
0
0
750,663
0
0
0
0
0
0
0
1000
0
0
0
0
0
0
0
0
0
0
0
277,905
0
0
0
0
0
0
0
0
0
0
0
0
0
0
0
0
164,4
699,445
0
0
0
539,94
0
0
822,113
0
0
0
468,244
0
0
0
778,991
0
0
0
0
0
510,447
0
0
0
0
0
0
0
0
0
0
0
0
0
0
0
0
0
445,116
182,715
0
0
0
0
0
130,888
0
0
0
0
0
0
0
696,36
0
0
639,305
0
576,485
417,063
0
0
0
0
0
0
0
0
0
385,537
0
0
0
0
0
377,594
0
391,381
0
1000
0
469,952
0
0
0
456,403
0
0
0
0
0
0
0
0
0
0
31,3394
0
0
0
0
0
0
441,464
0
0
0
0
0
0
0
0
0
0
0
1000
0
0
520,414
0
0
0
1000
0
0
0
0
0
0
0
0
0
0
0
0
0
0
0
0
0
0
0
0
0
0
0
0
0
0
0
0
0
0
0
0
0
0
0
0
0
0
0
0
0
0
0
0
0
0
105,093
0
0
0
0
0
0
0
0
0
0
0
789,213
0
0
0
0
1000
0
0
0
0
254,75
0
0
1000
0
0
1000
0
0
0
0
0
0
0
0
0
0
0
0
0
790,167
0
0
0
0
0
0
0
0
445,137
0
0
0
0
0
0
0
251,218
0
0
0
255,261
14,3729
0
0
0
0
0
0
0
0
0
0
0
0
0
0
1000
0
0
0
0
0
0
0
720,276
173,025
0
0
576,824
0
0
0
0
0
290,339
11,0234
0
0
0
0
0
63,1841
0
0
77,8948
0
1000
0
1000
0
0
3,84627
0
0
0
0
0
0
819,758
0
0
0
0
847,301
0
0
0
0
0
0
0
0
0
0
0
0
0
0
0
0
0
0
0
0
0
0
0
0
0
0
0
0
0
0
0
0
0
0
0
0
1000
0
0
381,257
0
0
0
0
0
0
0
0
0
207,684
0
0
394,424
484,334
0
0
244,642
0
0
0
0
1000
0
0
0
0
0
0
1000
0
0
1000
0
0
0
43,3946
0
0
0
0
0
0
0
0
0
0
0
0
0
0
456,796
0
0
0
0
0
0
0
0
0
0
0
468,251
811,443
0
0
0
693,924
534,997
0
0
0
0
0
0
0
486,299
0
1000
0
161,046
0
0
0
0
0
119,489
0
0
0
0
0
0
0
0
0
0
0
822,344
0
0
290,99
0
0
0
0
0
1000
1000
0
0
0
0
157,593
0
0
0
0
308,208
0
0
0
0
720,547
0
0
0
0
0
0
0
0
0
0
0
0
0
0
0
0
0
0
0
0
0
142,002
0
0
0
0
0
1000
0
0
0
0
0
0
0
541,725
0
0
0
0
1000
0
0
0
0
0
0
0
0
1000
532,199
0
570,602
0
0
0
0
0
0
0
0
1000
0
0
0
0
0
0
0
0
0
0
0
0
648,838
0
0
0
0
1000
0
0
0
0
0
0
0
0
416,368
0
0
0
0
0
0
0
0
0
0
0
0
0
0
0
1000
134,68
0
0
0
0
0
155,927
0
0
0
1000
0
0
0
0
0
0
0
0
0
0
0
237,937
0
0
0
0
0
0
0
0
0
0
0
810,047
0
0
2,34566
0
0
0
0
0
601,05
0
0
0
0
0
0
0
0
0
0
0
0
0
0
0
0
0
0
0
0
0
0
0
0
0
0
0
0
0
0
823,464
0
0
0
0
1000
0
1000
0
0
0
0
0
0
0
0
0
0
0
0
0
0
737,79
0
0
0
0
0
151,742
0
0
0
176,595
0
0
0
74,2907
0
0
0
0
0
0
0
0
0
0
0
0
0
0
0
755,514
33,7238
0
0
0
0
0
0
0
0
0
0
0
0
0
0
0
1000
0
0
0
0
0
0
0
196,49
103,043
0
0
0
0
0
0
0
0
0
0
780,773
600,406
0
0
0
0
0
157,871
0
0
0
0
0
0
1000
0
0
0
0
0
0
0
0
283,012
0
0
0
0
0
0
0
463,045
0
0
0
0
598,671
1000
0
1000
0
0
0
0
0
0
0
0
0
0
0
0
0
0
0
0
0
0
0
0
0
0
0
0
0
0
0
0
0
0
0
2,20639
0
0
0
0
0
0
0
254,973
0
1000
0
0
0
0
0
0
0
0
2,65079
0
0
0
50,3886
0
0
0
623,528
0
0
0
0
0
0
0
1000
0
0
0
0
0
1000
0
0
0
0
0
0
0
0
0
0
0
0
0
0
0
0
0
0
485,932
0
0
0
0
0
0
0
0
0
0
889,403
0
0
740,394
0
0
0
0
0
0
0
0
0
0
0
0
0
0
0
16,5599
0
0
0
0
0
0
521,426
0
0
0
0
0
0
44,365
1000
69,1666
0
0
0
0
0
0
0
0
0
0
0
20,0786
0
0
178,981
719,89
0
0
409,094
0
0
0
0
0
0
0
0
0
0
0
0
0
0
0
0
0
0
0
108,787
0
0
0
0
0
0
0
0
0
237,453
121,157
0
0
0
1000
0
0
0
0
0
278,842
0
728,197
0
0
0
1000
0
0
0
0
0
0
0
0
1000
187,681
1000
0
0
0
0
0
0
0
0
0
354,148
0
0
1000
0
0
0
0
0
0
378,07
0
0
0
454,704
0
0
0
0
0
0
402,242
0
67,691
259,019
1000
710,371
0
774,905
0
0
0
0
0
0
25,6034
0
0
0
798,437
0
0
0
384,754
0
0
0
0
764,596
0
0
0
717,517
0
0
1000
1000
0
0
0
0
0
0
0
0
0
0
0
0
0
0
0
0
0
0
33,6608
21,033
0
0
0
0
0
0
0
576,526
0
0
0
0
0
0
0
0
0
0
0
0
0
0
0
0
694,981
0
0
1000
0
0
0
0
0
0
284,546
0
0
0
0
0
0
0
0
469,162
0
0
0
0
0
595,261
0
0
0
0
0
0
0
0
0
0
1000
0
0
0
0
0
0
0
0
0
0
219,863
0
356,874
0
0
0
0
715,589
105,929
0
563,736
2,0296
0
0
0
0
0
0
0
280,778
0
411,528
0
0
0
1000
332,198
0
0
1000
318,245
0
0
0
175,542
0
0
0
0
734,885
0
0
335,399
0
0
0
0
0
0
766,67
0
0
0
0
0
0
0
0
1000
0
0
0
0
0
142,014
0
1000
642,026
696,181
0
0
0
0
0
0
0
0
0
0
0
0
0
0
0
0
0
0
0
0
133,219
0
0
0
270,153
0
0
0
0
0
729,337
680,903
0
0
0
0
0
0
0
504,073
0
738,406
0
0
0
0
0
0
0
779,988
0
0
0
0
0
0
0
0
33,0397
0
0
0
125,014
622,246
0
0
0
0
1000
0
0
0
0
0
0
0
0
0
0
0
0
0
0
0
0
1000
129,214
0
0
0
0
1000
0
1000
614,089
0
0
0
0
0
0
0
0
0
0
0
0
0
0
0
0
86,5166
1000
0
0
352,342
0
0
0
0
640,692
0
0
0
662,284
0
0
724,346
0
0
0
0
7,10469
0
0
0
0
205,713
622,243
166,939
1000
0
718,171
0
0
0
0
0
0
553,128
0
0
123,291
0
0
0
0
0
0
0
1000
0
0
0
0
0
0
784,478
0
0
0
0
1000
0
0
0
0
0
0
0
0
0
359,681
176,887
0
0
0
0
0
80,4756
0
0
0
0
0
0
1000
0
0
0
0
0
0
0
12,1481
0
0
0
0
0
81,7596
0
0
0
0
0
1000
0
0
0
0
0
0
0
0
0
1000
0
0
0
0
0
795,524
329,324
19,1403
0
0
83,1799
0
0
0
0
0
0
0
335,418
0
0
0
0
0
0
0
0
0
0
0
0
0
0
0
0
0
0
24,8213
0
0
0
0
1000
0
0
0
1000
0
0
613,771
0
0
0
0
0
0
1000
0
0
0
0
0
0
0
0
0
0
0
0
0
0
0
0
1000
0
0
0
0
0
0
0
0
0
0
0
0
652,153
0
0
0
0
0
0
0
0
0
225,72
0
0
24,6053
0
0
0
0
0
342,41
0
752,136
0
0
1000
0
281,462
1000
379,871
0
0
0
0
0
0
0
0
0
0
0
0
0
0
0
691,031
0
0
0
0
0
199,251
0
0
0
0
0
0
0
0
0
0
693,966
770,393
0
0
213,319
0
0
0
0
575,026
1000
0
0
0
0
0
0
0
0
0
0
0
0
0
0
0
1000
0
0
0
0
0
0
0
0
0
0
1000
0
0
0
745,274
0
671,066
0
0
1000
479,379
0
1000
0
0
0
0
74,2802
0
0
0
471,41
34,22
0
0
0
0
82,9038
0
0
0
0
0
0
0
0
0
0
0
0
0
0
0
0
0
0
0
0
0
0
0
0
0
0
0
0
0
0
0
0
0
0
0
0
0
0
0
0
0
0
0
152,216
0
0
0
0
0
0
0
0
550,167
0
0
0
0
175,915
0
0
0
0
0
0
0
0
0
0
1000
0
0
0
0
0
0
0
0
0
0
0
0
0
1000
0
0
0
1000
0
0
0
0
663,481
0
285,906
0
0
0
0
0
0
1000
0
0
0
0
13,397
0
0
0
73,7138
0
0
633,587
0
0
0
0
0
457,285
0
0
0
0
0
0
0
0
0
1000
109,604
0
0
0
0
0
1000
0
0
0
0
0
0
0
0
0
0
0
0
0
0
0
0
0
287,15
1000
0
0
0
0
0
0
565,076
0
0
26,3096
0
0
0
1000
0
0
0
0
748,686
0
0
0
0
0
0
0
0
0
0
0
0
0
0
0
0
0
0
0
0
0
0
0
751,197
0
0
791,551
0
0
0
0
1000
0
0
0
105,819
1000
0
695,989
0
0
0
0
0
705,113
0
0
0
578,77
0
0
0
0
0
208,072
0
0
0
0
0
0
0
0
0
0
0
0
0
0
0
480,568
541,309
0
0
696,155
0
0
40,5581
1000
0
0
0
0
0
753,461
600,483
0
0
0
588,442
0
718,151
0
0
0
0
0
0
0
708,295
0
0
0
0
0
0
1000
0
0
0
0
0
0
0
0
0
0
0
0
1000
0
0
0
0
0
0
0
0
609,591
538,161
0
0
0
0
0
1000
0
0
0
0
0
0
0
0
261,176
0
0
0
0
0
0
0
0
0
0
17,6512
0
0
0
0
0
0
0
0
0
0
0
0
0
151,797
0
0
0
0
0
0
392,221
0
0
0
0
0
347,705
0
0
464,463
0
0
0
0
0
0
0
0
0
0
0
0
0
0
0
0
0
260,855
0
572,919
0
0
0
0
0
0
0
0
0
0
0
0
760,523
15,2125
0
0
0
0
0
0
0
0
0
0
0
0
0
0
0
0
0
0
0
0
0
0
0
0
0
0
414,824
0
789,973
0
0
0
0
0
226,153
0
0
136,497
0
0
0
0
0
0
476,323
0
0
0
1000
0
0
1000
0
0
695,363
0
0
0
0
0
0
543,566
0
0
0
0
0
0
333,708
0
1000
0
0
0
0
0
0
0
0
419,31
0
0
0
788,761
0
530,941
0
0
0
0
466,376
0
0
1000
774,968
499,025
0
0
0
0
0
775,748
0
1000
0
99,8185
0
611,894
0
0
0
0
1000
1000
0
0
50,1006
0
0
0
0
0
0
0
0
0
0
0
0
0
211,581
0
1000
763,397
50,2704
0
0
0
0
0
1000
0
0
0
0
0
0
555,952
630,187
0
0
0
0
1000
0
0
0
0
358,046
0
0
0
0
0
0
0
664,172
0
0
208,422
0
1000
0
0
0
0
0
0
0
0
0
0
42,9415
0
0
0
1000
0
0
0
0
0
0
0
0
0
0
0
803,512
0
0
0
0
0
0
0
0
0
0
0
0
0
0
0
0
1000
0
0
219,08
0
0
0
0
0
0
0
0
1000
549,043
0
0
179,45
0
0
0
0
0
0
0
0
458,418
0
0
0
0
0
73,3266
0
838,599
303,993
0
0
0
0
97,2244
0
0
0
0
0
0
0
0
0
0
0
0
0
0
353,193
0
0
0
0
0
0
0
0
0
0
0
0
0
0
0
0
0
757,627
0
0
0
0
0
0
0
186,197
0
0
0
0
0
519,343
0
29,2207
0
0
0
0
0
0
0
0
0
0
297,886
0
0
0
0
0
0
0
0
0
0
0
0
1000
0
0
0
0
0
0
0
0
0
230,455
0
0
0
1000
0
0
0
0
693,403
0
0
0
1000
798,682
0
0
0
529,29
0
0
0
0
201,77
0
0
0
0
0
397,035
0
0
544,37
0
244,047
0
0
0
0
0
0
0
31,7095
0
0
0
0
267,785
765,915
0
0
0
0
0
0
397,585
0
0
0
0
0
0
0
0
0
0
0
774,621
0
0
0
0
0
0
303,452
220,02
0
0
0
0
0
0
0
0
0
0
0
0
0
0
0
0
0
0
0
0
0
74,5665
0
0
0
0
0
0
0
0
0
332,253
0
0
0
0
0
0
0
0
0
0
0
0
0
0
0
0
0
0
0
0
0
0
0
0
0
0
0
0
0
0
0
152,042
0
0
0
0
0
0
0
378,951
0
0
0
0
0
0
0
0
0
0
580,238
0
0
0
0
0
0
0
0
79,8914
0
0
0
0
0
0
0
0
727,391
0
468,069
0
364,916
0
0
0
0
0
0
0
0
0
1000
0
0
0
0
551,735
1000
0
0
0
0
0
0
0
1000
0
0
0
0
0
0
0
0
0
181,047
0
126,573
0
0
0
0
0
0
0
0
0
0
0
0
0
0
0
0
0
713,95
0
0
0
0
0
1000
0
0
0
0
0
0
0
1000
0
0
0
0
0
0
0
0
0
0
0
0
0
0
1000
0
0
791,078
0
0
0
0
0
746,748
0
0
0
415,297
0
0
0
0
0
0
0
0
725,923
0
0
0
0
733,226
277,047
30,0195
0
0
0
0
0
0
793,456
61,9266
0
1000
0
54,6826
0
0
728,545
0
31,7064
0
0
0
0
337,091
0
0
0
0
0
0
0
0
0
0
0
1000
0
0
0
251,327
0
0
0
0
0
285,524
0
0
12,1285
0
0
0
0
384,427
0
0
0
0
0
0
0
0
0
0
0
0
0
0
0
0
0
0
0
0
0
0
0
0
0
81,533
0
0
0
0
118,691
594,666
0
0
0
0
550,493
0
0
0
0
297,382
702,937
0
0
0
0
0
0
0
0
0
0
460,309
0
0
0
0
0
0
368,896
0
0
0
1000
0
0
0
0
0
0
0
0
0
756,433
0
0
0
0
1000
0
0
0
0
1000
0
0
0
200,198
0
0
0
0
0
617,174
0
0
657,349
0
0
0
0
0
0
782,441
0
0
0
0
0
0
0
0
591,416
0
0
503,496
0
0
802,975
0
0
0
0
0
0
0
0
0
0
0
0
0
0
0
0
0
0
0
0
0
346,991
0
0
0
0
0
0
0
94,6619
0
0
0
0
0
0
0
688,143
0
0
171,318
0
313,37
0
0
0
0
0
0
0
32,2727
0
0
0
0
0
756,556
0
0
0
0
0
0
0
0
0
0
0
0
430,67
0
0
0
0
143,934
0
0
0
0
0
1000
0
0
0
0
0
0
1000
0
0
0
345,309
0
0
0
0
0
0
0
0
0
0
1000
0
0
0
0
0
0
0
0
0
0
0
0
0
0
0
0
0
0
0
279,517
0
0
0
0
0
0
0
0
0
0
0
0
142,811
0
0
0
0
0
0
0
0
0
0
0
0
0
0
0
0
0
0
0
0
0
0
650,888
0
0
1000
1000
0
0
0
627,061
0
0
0
0
0
0
0
0
0
0
0
520,893
0
0
24,5342
0
0
266,75
0
0
1000
692,378
341,979
0
0
0
0
0
0
0
0
0
0
115,203
0
0
0
0
0
0
0
0
0
0
615,449
0
0
0
0
0
0
0
0
0
0
0
0
0
0
0
0
311,995
488,703
0
0
0
758,1
0
0
172,073
0
0
0
0
0
0
0
0
0
0
0
0
0
0
0
0
364,528
0
0
0
0
0
0
0
0
0
0
0
0
0
0
0
0
0
0
1000
0
0
0
444,006
546,809
0
330,76
0
0
0
0
0
381,977
0
0
0
0
0
0
0
0
0
0
199,975
0
0
0
345,226
0
0
0
0
0
466,197
203,104
191,419
0
0
0
0
0
571,017
0
0
0
0
0
0
0
0
0
0
0
1000
0
0
0
0
0
0
0
1000
0
0
0
0
0
0
0
0
0
0
0
0
0
0
0
0
0
0
0
0
0
0
1000
0
0
0
0
0
0
0
193,81
0
0
0
1000
0
0
0
0
0
721,533
0
749,917
0
0
456,236
0
0
1000
0
0
0
0
0
0
440,077
1000
0
0
0
0
0
0
0
761,019
0
0
298,166
0
0
41,8615
0
0
0
0
0
0
0
0
0
0
0
0
0
0
0
0
0
0
0
0
0
714,555
0
0
0
163,216
0
1000
0
0
0
0
0
0
0
0
0
0
781,733
0
1000
0
808,275
0
0
0
0
0
0
0
0
0
0
0
0
0
0
0
0
0
0
0
0
0
1000
0
0
0
0
0
0
0
0
0
0
0
0
0
78,5727
0
0
0
0
0
0
0
0
0
0
0
0
0
0
0
727,341
0
0
0
0
0
0
0
0
0
143,886
0
437,931
0
0
0
0
0
0
0
0
0
0
0
0
0
0
0
0
0
0
0
0
0
0
1000
0
1000
0
0
0
0
0
0
0
0
193,811
0
0
0
0
0
0
0
0
0
0
0
0
0
0
0
0
0
0
0
0
0
0
0
0
112,777
0
0
0
0
0
0
0
0
0
0
0
786,425
0
0
0
0
0
1000
0
0
0
0
0
1000
97,8379
399,369
0
370,596
349,695
0
0
0
0
778,527
0
0
0
0
0
0
423,112
691,381
0
439,53
1000
0
0
0
0
0
0
0
345,144
1000
0
0
0
1000
0
0
0
0
0
0
0
740,251
0
0
0
0
0
0
0
0
0
0
0
0
0
422,835
183,587
0
0
0
0
0
0
0
0
0
0
438,116
0
565,902
0
0
754,677
227,479
16,3623
0
0
0
0
0
0
0
0
194,715
6,29693
0
0
0
0
0
0
0
0
0
103,149
0
0
0
0
0
0
0
460,315
0
0
0
564,913
0
0
1000
0
0
0
0
0
0
378,847
0
1000
0
0
0
0
0
364,39
0
0
0
0
0
0
0
0
0
0
0
179,127
0
0
0
0
0
0
0
1000
0
0
0
0
0
0
0
0
0
185,731
0
743,376
0
0
279,297
0
0
425,203
0
0
1000
0
1000
0
0
0
0
0
0
0
484,351
0
0
0
0
0
0
0
0
0
368,398
1000
39,9351
0
0
0
0
699,493
0
0
1000
0
554,051
0
0
0
0
0
0
0
0
0
0
0
20,2966
0
0
0
0
0
0
0
0
525,659
0
0
0
0
0
0
0
1000
648,436
11,8096
0
0
0
0
0
0
237,045
0
349,726
0
0
0
0
0
0
0
0
0
417,492
0
0
61,3481
432,409
0
0
0
0
0
0
0
0
0
0
0
0
0
0
0
0
0
0
6,80978
0
0
775,37
0
0
0
134,919
0
0
0
0
0
0
415,81
0
0
0
716,575
0
46,5319
0
0
0
0
133,542
0
0
0
0
0
0
0
0
0
0
0
0
0
0
0
0
0
0
0
0
0
541,04
0
0
0
0
0
418,795
0
0
0
0
0
0
0
0
0
0
0
0
0
0
0
0
0
378,329
0
0
0
0
0
0
0
149,951
0
0
783,728
0
0
0
0
0
0
0
0
0
0
0
0
0
0
0
0
0
0
0
0
0
0
1000
0
0
0
0
0
0
0
0
0
0
0
0
0
98,582
0
0
0
1000
0
0
0
0
0
0
0
0
0
0
0
828,151
0
0
0
622,088
0
0
0
0
57,4706
0
0
165,957
0
0
0
0
0
729,227
0
0
0
0
0
1000
0
0
0
0
0
0
528,501
0
0
0
694,34
0
350,9
0
0
0
0
0
0
788,398
0
0
0
0
0
0
0
0
0
0
248,871
0
0
91,4394
0
0
0
0
0
0
0
22,1791
0
0
0
0
395,263
0
0
0
0
0
0
250,899
0
0
0
0
0
0
0
1000
0
0
0
456,64
0
0
0
1000
1000
0
0
0
0
0
0
554,988
0
0
0
0
0
0
0
0
0
0
0
0
0
0
0
0
0
0
0
0
0
0
0
0
211,526
0
1000
81,3634
0
0
721,843
0
0
0
0
0
0
0
0
1000
0
0
0
0
0
0
0
0
0
393,408
0
0
0
0
0
609,768
1000
0
0
0
0
0
0
0
0
0
1000
0
0
0
0
0
0
0
0
0
0
1000
0
0
0
0
0
0
0
0
0
0
0
1000
0
0
0
0
0
0
0
357,383
0
0
0
0
0
0
0
0
1000
0
0
301,977
0
0
122,395
0
0
0
0
0
0
0
0
0
0
0
136,155
0
0
0
0
0
0
0
0
0
1000
0
0
0
96,7899
0
0
0
0
184,477
0
0
0
0
848,96
0
1000
0
0
0
0
0
770,197
0
1000
222,624
0
0
0
0
1000
1000
0
0
0
0
0
0
0
0
0
0
0
0
0
1000
1000
0
1000
1000
0
475,392
0
0
0
0
0
0
0
0
0
0
0
0
0
0
0
0
0
0
1000
0
0
0
0
0
0
800,656
300,796
0
0
0
0
0
0
0
346,99
52,5295
0
0
0
0
0
0
0
0
0
0
0
0
0
0
0
430,88
0
0
0
0
3,73974
0
0
0
1000
581,068
0
0
618,253
0
0
493,355
0
0
377,232
0
0
0
0
267,108
509,005
0
0
0
0
0
191,498
841,285
0
0
0
0
0
0
0
0
0
0
702,818
213,132
0
0
0
0
0
0
0
0
0
773,978
0
0
0
0
0
0
0
0
0
0
0
429,691
0
387,31
0
0
0
0
0
0
702,83
0
0
0
775,372
0
0
0
0
789,6
0
0
0
0
0
0
0
0
0
0
0
0
0
561,556
1000
0
0
0
0
718,51
0
0
0
0
0
0
0
0
0
0
0
0
0
0
0
685,475
0
0
0
0
0
0
121,944
0
0
0
0
1000
0
548,643
0
0
0
0
0
0
0
0
0
142,284
0
766,107
0
0
0
0
719,682
0
0
0
0
0
0
0
0
0
0
0
0
0
0
0
0
0
0
0
0
0
0
0
0
0
0
606,631
0
494,071
0
0
0
778,897
1000
0
0
0
1000
0
0
0
0
0
0
0
0
0
667,389
0
0
0
0
0
1000
0
0
0
0
0
0
0
0
0
0
0
0
0
0
0
0
0
533,581
102,539
0
0
0
0
0
0
0
1000
0
0
0
0
0
0
0
0
0
0
0
0
0
0
129,266
0
0
0
743,651
0
0
0
0
0
0
823,897
0
0
633,106
0
1000
0
0
0
0
0
0
0
484,315
0
0
0
700,105
0
0
0
0
0
0
0
0
0
0
0
0
355,85
0
0
19,363
0
0
141,315
0
0
0
0
1000
0
0
0
0
305,045
0
0
0
0
0
0
776,6
0
0
0
0
0
0
0
0
0
0
0
0
0
0
0
1000
0
0
0
360,219
0
0
0
0
0
0
0
0
0
1000
0
0
0
0
0
0
0
0
0
0
0
0
275,835
0
0
0
0
21,1418
0
0
0
0
1000
0
0
0
0
0
0
0
0
1000
735,948
0
303,164
0
0
0
0
0
0
0
0
0
0
0
0
0
0
0
0
0
0
0
0
0
1000
0
0
0
0
0
0
0
0
0
0
0
0
0
0
0
0
0
0
0
0
0
0
0
0
0
0
0
0
0
0
0
305,32
0
0
485,042
0
0
0
0
0
656,198
0
0
0
735,975
0
0
0
760,13
226,119
0
0
0
0
1000
0
0
0
0
0
0
0
0
0
1000
0
0
0
0
0
0
279,714
0
0
0
1000
0
0
0
0
0
0
0
0
0
41,0264
0
0
816,999
0
0
0
0
0
0
0
0
55,9996
532,894
0
0
0
1000
0
0
0
0
0
0
0
0
0
0
0
0
0
24,9859
0
0
0
0
0
45,5302
0
0
0
0
0
0
0
15,3061
1000
0
0
0
0
0
0
109,777
742,801
0
0
0
0
0
0
0
0
0
0
0
0
164,893
445,371
539,102
0
0
0
0
179,243
1000
0
0
0
124,445
0
0
0
0
0
0
0
0
0
0
122,47
0
0
0
0
779,357
322,557
0
0
0
0
0
0
0
0
0
0
0
0
0
0
0
638,703
0
0
0
0
0
0
0
0
63,7262
0
0
0
0
0
0
0
0
0
0
0
0
0
0
356,029
0
0
0
0
0
0
0
614,065
0
0
0
0
0
0
0
0
1000
0
0
671,122
0
431,597
0
1000
0
0
0
9,00521
0
0
0
0
0
322,511
0
1000
0
0
0
90,918
0
1000
0
0
292,532
762,429
0
0
0
0
0
0
0
0
1000
0
0
0
0
363,785
0
839,05
0
0
0
0
0
0
0
0
0
1000
0
0
513,535
0
1000
69,8969
433,556
0
0
0
0
0
1000
423,225
0
0
77,7902
332,916
0
0
0
0
0
0
0
0
0
0
0
0
0
0
1000
0
0
758,786
0
0
1000
799,842
0
0
0
634,771
0
0
0
0
0
0
0
202,358
0
0
0
0
0
0
0
0
566,405
0
0
0
0
74,351
649,216
0
0
73,401
0
0
0
0
708,891
0
0
551,614
0
0
0
0
0
0
0
325,843
0
0
0
0
0
0
0
0
0
265,027
0
0
0
0
0
1000
0
0
0
0
680,43
0
0
0
604,396
0
0
734,773
0
0
1000
0
0
0
0
1000
353,291
0
0
0
0
0
0
108,434
288,482
0
0
0
0
0
432,844
0
0
0
0
0
0
0
0
0
539,515
0
223,032
0
0
0
35,1383
328,147
0
0
0
0
0
276,624
0
0
0
0
0
762,619
0
0
0
217,213
0
0
0
0
0
283,923
0
0
0
0
0
0
0
0
467,349
0
0
0
374,433
0
0
0
0
1000
0
0
0
0
0
0
0
0
0
0
0
0
0
0
0
0
0
0
0
0
0
0
210,619
404,633
0
0
0
0
0
0
0
0
0
0
0
0
0
0
0
0
0
121,331
0
0
0
0
0
0
0
0
0
0
0
0
0
0
0
0
0
0
0
0
0
436,824
0
0
0
0
0
0
0
788,784
0
0
1000
0
0
0
0
0
0
0
0
0
0
0
0
0
0
0
0
449,067
0
0
243,182
0
561,866
0
0
1000
0
0
625,651
0
0
0
0
0
0
0
0
85,8239
0
0
62,6366
1000
0
0
0
0
0
0
47,3825
507,672
0
0
0
0
0
0
0
735,993
0
0
0
0
0
0
0
0
0
745,969
0
0
0
0
0
0
0
0
0
0
0
0
0
0
0
0
0
0
0
0
0
0
0
429,372
0
0
0
0
0
0
0
1000
0
0
0
0
0
0
0
0
0
0
358,767
0
347,718
0
0
0
0
0
0
0
442,499
0
0
0
0
0
496,856
0
1000
0
0
193,913
0
0
0
0
0
15,06
0
0
0
0
796,241
0
564,583
322,222
0
0
0
0
0
0
369,313
0
0
0
0
0
0
0
0
0
41,921
0
1000
0
0
0
0
0
0
0
0
0
0
0
0
0
0
0
0
0
0
0
0
0
0
0
0
410,47
0
0
0
0
1000
0
0
0
0
0
1000
0
0
0
0
0
0
0
0
0
0
0
1000
0
0
0
0
0
0
0
0
0
0
0
53,9147
0
0
0
0
0
0
0
0
0
0
0
1000
714,738
0
0
1000
0
0
0
0
0
0
0
0
100,654
0
0
0
176,158
0
0
0
0
0
0
246,56
0
0
0
0
0
0
379,463
0
0
0
0
0
1000
0
0
0
0
0
1000
0
0
0
0
0
0
0
0
0
0
0
0
0
0
0
0
0
0
0
5,44116
0
0
0
0
0
0
0
0
0
0
0
0
0
0,145521
0
759,351
0
0
1000
426,41
742,249
0
0
458,925
0
0
0
0
0
0
0
0
0
0
0
0
1000
0
0
0
0
0
0
0
0
0
0
0
522,717
0
0
0
0
0
0
0
0
58,7457
0
258,643
0
737,945
0
0
1000
134,722
0
0
0
0
0
0
0
0
0
0
0
47,9587
0
0
1000
0
0
0
0
0
0
0
0
0
0
0
0
0
0
0
758,05
0
0
0
0
0
0
0
0
0
0
0
0
0
1000
0
0
0
0
0
1000
0
0
0
0
0
0
0
0
0
0
0
0
786,229
0
0
0
0
176,985
0
1000
0
0
0
0
1000
0
743,504
0
0
0
0
0
0
0
0
0
0
0
0
0
674,276
0
0
0
0
0
0
494,397
0
0
246,159
489,661
0
0
0
0
0
208,825
0
508,031
0
0
0
0
0
0
0
0
0
0
0
0
0
0
0
320,142
0
0
0
0
0
0
0
0
0
0
0
0
730,86
106,34
703,074
0
0
0
0
0
0
113,391
0
42,8163
0
0
61,3092
0
0
0
0
0
1000
0
391,635
0
0
0
0
35,6202
0
0
0
0
0
0
0
0
0
0
1000
0
0
728,937
0
0
0
0
0
0
17,5056
0
0
0
0
0
0
0
0
0
0
0
0
0
0
0
0
0
0
0
0
0
0
0
396,261
0
0
0
0
1000
0
0
0
0
0
0
0
0
0
0
0
0
0
0
0
0
0
0
0
0
0
0
0
0
0
0
0
0
0
0
259,785
0
0
0
1000
0
0
0
1000
0
0
0
0
0
0
0
0
0
0
0
0
1000
0
0
0
0
0
0
0
0
0
0
0
0
0
0
0
0
0
0
0
0
0
0
0
0
0
0
0
0
0
0
0
0
0
0
0
0
0
444,309
300,584
0
0
0
0
0
0
0
0
0
1000
0
1000
0
1000
206,082
0
0
0
0
107,21
560,882
0
0
0
420,759
0
0
665,136
0
0
155,767
0
0
0
0
38,15
0
0
0
373,327
0
0
0
0
0
0
0
0
0
0
0
0
0
302,941
0
0
0
0
0
0
885,305
0
0
0
0
0
0
0
0
253,026
0
0
0
0
0
0
0
0
0
0
0
0
0
0
0
0
0
395,468
0
0
1000
0
27,8542
0
0
0
1000
0
0
0
0
0
0
160,034
0
0
0
1000
0
0
0
107,179
0
0
0
0
807,581
0
0
0
418,228
1000
763,344
0
0
0
0
0
0
0
0
0
0
0
0
0
0
0
0
0
0
0
0
1000
0
0
0
0
0
0
0
0
0
0
0
1000
0
0
0
786,545
0
0
0
0
75,3686
0
0
1000
0
0
0
0
0
0
0
0
0
0
664,234
231,833
0
0
0
769,89
0
0
0
0
0
0
0
0
0
0
0
0
0
0
1000
0
0
0
765,489
0
0
0
0
0
0
0
0
0
0
704,439
311,91
0
0
107,392
0
0
0
0
0
0
789,843
0
0
0
0
0
0
0
0
0
0
0
0
551,91
95,3533
0
167,95
0
0
0
0
0
0
0
0
0
0
84,631
0
0
0
0
0
0
0
0
0
0
0
0
0
0
0
497,404
0
0
1000
0
0
0
0
0
1000
0
0
0
0
0
0
0
0
0
440,724
0
0
323,601
0
0
0
0
0
0
0
0
810,991
0
0
330,253
0
0
0
0
614,321
0
0
0
0
0
0
0
785,162
787,421
0
0
0
0
0
0
0
0
0
0
0
0
0
0
0
0
0
0
0
1000
0
0
0
20,0534
511,383
0
0
73,0947
0
0
1000
0
0
0
0
0
1000
0
0
0
0
0
0
0
0
0
0
0
0
0
0
0
0
343,711
0
618,769
0
757,266
0
1000
0
0
0
0
0
0
0
0
15,1509
0
0
523,824
0
0
0
0
725,737
0
0
0
0
0
0
0
0
0
0
0
0
1000
0
0
0
100,635
0
0
0
0
765,382
0
0
0
0
0
240,907
0
0
0
0
0
0
0
350,362
0
0
298,076
1000
0
0
0
0
0
0
0
0
0
462,72
0
0
0
0
0
781,57
0
313,946
0
0
0
0
0
0
0
0
0
618,644
0
0
761,353
0
0
0
0
0
0
0
0
0
0
0
0
0
0
114,2
0
755,883
0
0
0
0
0
0
0
0
0
776,99
0
0
0
0
0
0
0
0
0
0
717,023
0
0
0
455,119
0
0
0
0
711,337
0
0
0
0
0
0
0
0
0
0
0
0
1000
1000
0
0
0
0
0
0
1000
0
0
0
56,2704
0
0
0
0
0
0
0
377,859
0
0
0
0
0
0
55,7041
0
0
0
0
0
0
0
0
0
473,323
602,338
0
0
94,617
0
0
0
0
228,208
0
0
0
422,9
0
0
0
0
289,947
0
0
397,484
0
782,47
0
0
703,805
0
0
0
751,568
0
0
0
0
1000
74,7908
0
0
0
0
0
0
0
0
404,213
0
0
0
0
0
0
0
750,839
0
0
361,672
0
0
1000
0
0
443,951
0
244,604
0
0
0
124,031
0
0
0
0
0
120,288
217,568
0
0
0
0
1000
0
51,4595
0
0
0
0
552,132
221,785
712,84
0
0
0
0
0
215,881
164,546
459,19
0
0
323,357
1000
0
0
1000
0
0
0
792,268
0
1000
0
0
0
0
0
566,909
0
0
0
369,438
1000
0
0
0
0
0
0
0
0
0
0
0
0
0
0
0
0
0
0
570,557
0
0
0
0
0
0
0
0
0
0
0
745,57
673,551
0
0
0
0
0
0
0
0
0
0
0
0
0
0
0
0
0
17,7283
0
0
0
0
0
0
0
234,413
382,568
0
0
0
0
0
0
0
0
0
0
0
0
0
0
0
0
0
0
0
0
0
0
20,4104
0
0
0
0
0
561,022
0
0
0
0
0
0
0
714,863
0
0
0
0
759,775
0
0
469,736
0
0
0
0
167,136
0
125,049
0
0
0
759,685
0
602,88
0
0
37,7172
0
81,3789
0
0
0
0
0
0
0
0
0
0
0
252,961
0
0
52,3858
0
0
0
0
0
0
0
0
0
0
0
0
0
0
0
1000
0
0
0
0
1000
0
762,758
0
689,941
652,623
0
0
0
0
0
0
0
0
0
0
1000
0
0
0
0
0
0
0
0
131,773
0
0
0
794,667
0
0
0
741,642
0
0
40,6796
232,251
0
161,371
0
0
0
0
0
0
0
0
0
0
0
0
1000
0
0
0
0
566,784
0
0
0
0
0
0
0
0
0
0
0
0
0
0
0
0
0
0
0
1000
124,314
0
0
0
1000
0
75,6403
1000
0
0
0
0
0
0
722,542
0
0
289,259
0
848,714
0
0
0
0
8,71505
0
0
0
0
0
0
0
0
0
0
0
0
0
0
0
0
0
0
0
0
0
58,9769
774,58
0
0
0
0
0
0
0
0
0
0
0
1000
0
0
0
0
0
0
0
0
0
0
0
0
0
0
0
0
0
0
147,111
0
0
0
0
771,921
0
0
0
0
0
0
0
0
0
0
101,538
0
0
0
0
0
0
0
0
109,702
0
0
5,43431
0
0
0
770,704
0
1000
771,82
0
0
0
0
0
0
0
0
0
592,07
0
0
0
0
0
477,265
775,793
0
0
0
0
0
0
0
0
0
0
133,065
0
0
111,169
1000
0
0
0
0
588,018
289,927
0
0
244,291
0
0
0
1000
0
0
0
0
0
0
0
0
337,781
512,605
0
0
298,321
0
0
0
0
0
0
0
0
0
56,718
0
0
0
0
0
0
0
0
0
0
0
0
0
0
0
0
0
0
0
104,491
0
1000
0
0
0
0
0
0
0
0
0
98,6617
102,492
0
0
0
0
87,704
243,23
0
0
0
0
0
1000
0
1000
111,952
0
0
0
0
0
170,784
0
0
1000
0
0
0
0
0
0
738,765
0
0
0
0
0
0
812,679
0
0
0
0
0
0
1000
0
0
0
1000
0
0
774,169
0
0
751,002
348,832
0
0
0
0
0
0
0
0
0
0
0
0
0
0
0
0
0
0
0
0
0
0
852,143
0
0
0
57,7913
0
682,598
0
548,515
207,912
0
0
0
0
0
0
0
0
0
0
0
234,133
0
0
0
1000
0
0
1000
0
0
0
0
0
0
0
0
0
0
0
0
0
154,559
0
0
0
0
0
0
0
501,25
0
0
0
118,048
762,71
0
80,2901
1000
0
1000
0
0
0
0
0
0
0
409,228
0
309,063
0
0
0
0
0
0
0
42,5588
0
0
0
0
0
0
0
0
0
0
367,069
630,067
0
0
0
0
0
0
0
0
0
0
400,465
0
0
0
0
0
0
0
0
0
565,489
0
0
0
0
0
0
0
0
0
0
0
0
0
363,697
0
0
0
0
0
0
0
0
0
0
0
0
0
254,281
0
1000
0
0
0
0
701,719
0
0
0
0
0
0
0
0
0
0
0
599,448
0
0
0
0
0
0
0
0
0
1000
0
0
0
0
0
0
0
0
0
0
0
0
0
0
0
0
0
0
0
1000
0
0
203,622
0
0
0
0
0
0
0
0
692,118
0
0
0
843,947
20,2506
223,74
0
0
1000
0
0
0
0
0
0
0
0
0
0
0
0
0
0
0
1000
0
0
0
0
0
0
0
0
769,307
0
0
0
0
0
24,4736
0
1000
0
0
0
0
0
0
0
0
207,184
0
0
0
0
1000
0
0
0
381,125
265,094
1000
1000
0
1000
0
0
104,658
26,4725
0
447,4
0
1000
0
0
275,421
740,191
0
0
0
0
0
0
0
1000
0
0
0
0
0
0
0
0
0
523,105
0
0
0
281,416
0
0
0
0
0
0
0
0
0
0
0
0
0
0
0
0
0
0
0
0
0
0
767,794
403,616
0
0
0
0
0
0
0
0
0
828,829
0
0
0
1000
0
0
0
0
0
0
114,855
0
0
0
0
1000
0
206,089
0
0
0
0
1000
0
0
0
0
0
0
0
0
0
0
0
0
0
271,867
378,309
0
0
0
0
0
0
0
0
423,903
0
0
0
0
0
0
551,344
0
0
0
0
0
0
0
0
0
686,276
0
0
0
0
0
0
0
0
0
0
0
0
0
762,48
0
0
0
0
0
0
0
0
0
0
0
0
0
0
0
403,742
0
0
1000
0
0
0
0
0
0
0
780,729
0
0
0
0
0
254,357
0
16,8388
0
0
0
167,814
0
0
0
0
0
0
126,737
0
0
0
0
0
1000
0
0
0
0
0
0
0
0
0
0
0
0
0
0
790,731
0
0
0
0
0
0
0
0
0
0
0
1000
0
701,053
0
0
0
0
0
0
0
0
0
0
241,121
0
623,08
0
0
0
110,156
0
0
0
52,6779
0
0
0
0
310,308
0
0
412,862
199,491
0
0
0
0
72,9465
0
0
0
728,039
0
0
0
0
728,219
0
0
0
0
0
0
576,407
0
0
0
501,607
0
0
281,457
0
0
761,604
0
0
0
786,788
0
0
0
210,736
763,657
0
0
0
0
323,266
0
0
403,279
0
0
0
0
0
0
466,208
604,056
0
485,992
463,499
795,337
0
0
0
0
0
0
0
1000
0
0
0
0
0
0
0
0
0
0
0
1000
0
0
0
0
0
285,149
1000
0
1000
0
0
0
0
0
0
0
0
0
0
0
1000
0
392,388
0
0
0
0
0
0
0
0
0
588,06
0
431,795
0
0
0
525,296
0
0
0
0
0
438,292
0
0
0
0
0
0
0
0
0
713,723
0
0
0
0
0
0
346,811
22,4214
0
0
0
0
0
0
1000
1000
0
0
0
0
0
0
0
0
0
0
0
0
0
0
0
0
0
0
0
0
0
0
0
0
0
1000
399,19
590,27
0
0
0
0
0
314,764
0
0
0
0
0
0
505,653
0
0
0
0
0
819,766
594,779
0
0
0
0
0
176,099
0
0
426,981
0
0
0
0
1000
0
0
0
0
0
0
0
0
497,451
0
0
0
0
0
0
0
0
0
0
0
744,966
0
0
0
0
382,47
0
0
0
0
0
0
0
0
0
0
0
108,59
0
0
0
1000
0
0
0
0
0
0
0
0
0
0
0
1000
0
0
0
0
0
0
1000
0
0
0
0
0
0
0
0
0
0
0
0
0
690,537
0
0
0
0
0
130,64
0
0
0
0
0
455,309
0
0
0
1000
0
0
0
0
0
0
0
0
0
0
0
0
0
0
0
0
759,465
0
0
0
0
0
0
0
0
0
1000
0
0
0
0
0
0
0
0
0
0
0
0
0
0
0
652,805
0
1000
0
0
1000
0
0
0
0
1000
0
0
0
0
0
0
0
0
0
0
519,203
0
0
0
0
0
0
202,591
457,691
0
0
590,731
780,247
0
180,798
0
0
507,779
0
0
0
0
1000
529,556
0
0
0
0
0
0
0
0
0
0
0
0
0
0
0
0
743,516
618,85
0
0
0
0
0
791,758
0
0
0
838,406
0
0
0
0
0
0
0
0
0
0
0
0
0
0
0
0
0
0
0
0
0
0
0
0
0
0
1000
0
0
0
0
30,7495
0
0
0
9,39781
0
0
0
0
0
0
0
0
0
0
0
0
94,1726
325,938
0
0
0
174,279
0
0
0
0
0
0
294,535
0
0
1000
0
0
0
0
0
108,691
101,524
0
1000
0
0
0
59,5341
0
0
0
0
0
0
1000
159,093
0
0
0
0
0
752,736
0
0
0
0
0
1000
0
0
1000
0
0
0
0
0
0
0
0
0
0
0
0
0
0
0
0
0
0
0
0
0
0
0
0
0
0
0
0
0
0
513,472
0
0
0
0
0
0
0
0
0
0
0
524,577
0
0
0
0
413,893
389,62
0
0
0
0
0
0
0
0
1000
0
0
0
1000
0
0
0
0
0
0
0
0
0
0
0
0
0
0
0
0
0
0
0
0
0
0
8,94287
0
0
0
0
0
0
0
0
0
0
0
0
0
0
0
330,751
0
718,486
0
1000
0
0
0
787,44
0
0
0
0
0
0
0
0
1000
148,104
0
0
358,838
0
0
1000
0
0
0
0
0
0
0
0
0
0
0
0
0
0
0
0
0
0
0
0
0
1000
0
0
0
592,627
0
0
0
0
0
0
0
0
0
0
0
0
28,9734
0
0
0
0
0
0
0
0
0
297,51
707,3
0
0
0
0
0
0
0
0
0
0
0
75,2831
0
0
0
738,851
0
0
535,574
1000
0
0
0
0
0
0
0
0
0
0
0
0
0
0
0
1000
0
0
0
0
0
0
0
0
0
758,903
0
0
0
0
0
0
0
0
0
0
0
0
0
0
0
0
0
0
0
0
57,1083
0
0
0
0
0
0
0
0
0
0
0
0
0
0
231,199
0
0
429,902
0
0
0
0
0
0
0
0
0
0
0
0
0
0
0
0
0
0
514,557
0
1000
0
0
8,85177
260,491
0
0
0
1000
0
513,357
0
502,697
0
0
0
0
0
0
55,0897
0
0
1000
311,789
0
0
0
0
462,326
0
546,63
0
0
0
0
0
0
0
509,044
0
0
0
0
0
180,908
0
0
511,962
0
0
0
767,688
0
0
1000
0
0
0
0
0
0
794,776
0
0
0
0
0
1000
752,22
0
0
447,312
0
0
241,341
0
0
0
530,746
0
0
0
0
0
0
0
0
0
0
0
1000
1000
0
33,312
0
0
0
0
0
0
0
243,777
0
0
1000
0
0
0
243,188
0
168,939
0
528,841
0
0
0
0
0
0
0
0
0
0
0
456,114
0
0
197,344
0
0
0
0
0
0
0
0
0
0
0
0
0
0
0
0
0
0
0
0
0
0
0
0
0
0
0
0
0
0
412,258
0
0
0
592,169
0
0
0
0
0
0
0
0
0
0
0
0
0
0
0
0
0
0
362,117
0
0
225,316
0
0
0
0
0
0
0
0
0
156,822
0
0
793,146
0
344,652
0
0
0
0
0
0
0
0
0
1000
0
0
700,863
1000
0
0
0
0
0
0
0
585,457
0
0
0
0
0
0
0
0
0
0
767,771
0
0
0
21,0867
1000
0
0
0
0
0
0
0
0
87,7091
0
0
0
0
0
0
0
0
0
0
0
0
0
0
0
0
0
0
1000
0
0
114,085
0
0
297,47
0
396,438
0
0
0
0
0
0
1000
0
0
0
0
0
0
0
0
0
0
1000
0
0
0
0
0
0
0
0
0
0
0
0
0
304,35
0
0
0
0
0
0
0
0
0
0
0
0
0
103,524
323,417
469,427
0
0
0
0
0
0
0
1000
1000
0
0
0
0
0
0
0
739,899
0
0
0
0
0
0
1000
0
0
0
0
0
0
0
0
0
625,555
0
1000
0
0
0
1000
0
0
1000
0
0
0
0
0
0
0
0
0
0
0
0
0
0
785,084
0
0
211,812
0
1000
0
0
0
0
0
0
0
0
0
437,619
0
0
0
1000
0
0
0
0
0
0
0
691,804
1000
0
0
0
232,534
0
198,882
0
1000
0
0
0
0
0
0
0
0
0
472,388
520,901
1000
0
0
0
0
0
0
0
729,283
785,773
0
0
479,927
0
1000
0
1000
0
0
317,584
0
0
217,607
0
0
0
0
296,052
0
0
0
0
0
0
0
181,786
1000
0
0
237,607
0
0
0
0
0
0
0
0
0
0
0
1000
0
375,74
462,801
0
1000
0
0
0
790,059
0
0
0
108,028
0
1000
0
0
0
0
0
0
0
0
0
0
1000
0
0
0
0
0
0
0
0
0
0
350,459
0
0
0
0
0
0
0
0
400,069
0
0
0
0
0
0
0
0
304,483
0
0
19,7337
0
0
0
572,947
0
0
0
0
0
0
0
0
0
0
0
0
26,752
0
0
0
0
0
0
0
0
0
536,471
0
0
0
0
0
0
0
0
0
0
782,835
0
0
0
0
1000
0
578,349
0
0
0
0
0
0
0
0
0
0
0
0
0
0
0
0
0
0
544,722
0
0
0
0
0
0
0
0
0
0
0
0
0
0
0
0
0
631,444
0
0
0
811,397
0
0
0
0
0
509,985
0
0
0
0
0
0
0
0
0
680,643
0
0
770,73
874,121
0
0
229,817
0
0
0
0
0
416,442
0
0
0
0
0
0
0
0
0
335,162
0
300,103
0
1000
0
1000
0
155,977
0
0
0
0
0
0
0
0
0
0
0
0
0
0
1000
0
124,555
0
0
0
226,54
0
0
0
0
0
0
250,859
0
0
0
0
0
441,201
563,957
0
0
0
0
0
0
0
0
0
0
0
595,198
195,754
0
0
0
0
0
0
1000
0
0
0
0
0
0
0
0
0
0
0
0
0
335,944
0
0
0
0
0
0
0
0
138,621
0
0
0
0
0
0
0
0
779,348
0
226,828
0
0
0
0
0
0
0
0
0
0
409,451
0
115,984
0
0
0
0
0
503,216
0
1000
85,2241
0
0
0
0
0
0
0
694,925
0
321,139
1000
0
0
0
0
0
1000
0
661,114
0
0
0
781,581
0
0
0
0
0
0
0
0
0
0
0
0
0
0
0
735,457
0
0
0
0
20,9795
0
0
0
0
0
0
228,526
0
0
0
0
0
0
0
0
0
0
0
0
1000
0
790,241
0
0
241,948
0
0
97,8224
0
0
0
0
0
1000
0
75,0248
0
0
1000
0
0
0
745,187
0
118,069
788,597
0
0
0
161,799
0
0
0
0
0
0
0
0
0
0
0
0
220,459
0
0
0
0
739,238
0
0
0
0
0
0
0
0
727,608
1000
0
21,4017
0
0
0
0
0
0
0
0
0
0
0
0
0
257,475
0
0
763,21
0
186,365
0
0
0
207,879
0
759,675
0
1000
1000
0
0
0
0
0
0
0
0
0
793,047
617,918
300,049
0
0
0
700,282
0
0
0
0
1000
353,387
0
0
0
0
0
0
0
380,608
0
0
791,943
0
498,094
0
0
0
0
0
0
0
112,23
0
0
0
0
0
0
60,9207
0
0
0
0
0
0
253,192
0
0
0
0
0
0
0
0
0
0
0
0
0
0
0
233,035
0
0
0
0
0
0
512,394
90,8047
0
0
0
0
0
0
0
0
0
0
0
0
0
1000
0
0
0
0
0
775,614
0
766,621
774,487
0
0
0
564,052
0
0
571,224
786,666
480,299
0
19,2375
0
0
0
0
0
0
0
0
0
795,146
0
0
0
0
0
0
0
1000
603,702
0
0
0
0
0
0
0
0
1000
0
0
0
0
1000
0
1000
0
0
0
0
0
0
0
0
0
0
0
783,342
638,971
0
0
0
0
0
0
0
0
0
395,309
0
0
0
0
0
0
757,663
0
0
0
0
0
0
0
0
0
0
0
0
0
0
0
0
0
64,9962
0
0
0
0
0
0
814,045
0
0
0
0
0
0
0
0
0
0
0
0
0
0
0
0
0
0
1000
0
789,911
0
0
159,91
0
0
0
0
0
0
0
0
1000
0
475,006
369,593
0
0
0
0
0
0
618,32
0
404,887
0
0
0
0
0
198,748
1000
0
152,194
0
0
0
0
0
0
0
0
0
0
0
0
0
0
0
0
1000
0
0
0
0
0
0
0
0
0
0
0
0
0
0
339,495
748,886
720,488
0
0
0
0
745,985
0
1000
0
428,505
0
0
0
0
0
0
0
0
622,43
0
726,345
0
0
1000
0
0
0
0
0
0
0
0
0
0
0
0
0
0
0
0
0
0
0
0
87,2946
0
83,6775
0
0
0
0
757,511
0
0
0
0
0
0
0
0
785,958
0
0
0
0
0
0
0
0
121,334
0
1000
0
0
0
0
194,563
425,909
0
0
0
0
1000
0
0
0
0
0
0
0
0
0
0
166,843
0
0
179,503
0
443,566
0
0
503,673
0
0
0
0
0
1000
0
0
0
0
0
0
0
0
0
0
0
0
0
688,32
0
0
258,953
0
450,54
0
0
0
0
0
0
0
0
0
0
0
0
480,7
0
0
0
0
0
0
0
210,301
0
0
2,62741
1000
0
0
0
454,922
0
0
743,774
0
0
0
0
0
0
0
0
0
1000
0
0
0
0
0
0
1000
0
0
0
0
1000
0
1000
0
0
0
0
0
1000
0
0
0
770,225
0
0
0
0
0
0
0
0
0
0
0
0
0
0
0
0
0
0
0
0
0
0
0
0
0
1000
0
793,387
0
0
0
0
0
0
79,4919
0
142,146
0
0
0
0
0
0
0
0
0
656,519
0
0
0
0
678,355
0
0
0
0
391,034
0
0
0
0
1000
0
0
0
720,109
1000
0
0
147,232
0
0
0
0
0
0
0
0
85,5994
0
0
658,829
0
0
0
0
0
0
165,712
0
0
0
0
0
0
0
0
0
0
0
0
0
145,599
1000
0
0
0
0
0
0
1000
0
0
0
0
304,864
0
0
0
0
0
0
0
0
0
246,12
38,2284
0
0
0
0
0
48,0179
0
0
0
0
0
0
0
0
0
0
0
0
0
0
0
0
0
0
0
0
0
0
0
0
0
0
0
0
0
0
0
0
0
0
0
0
0
0
0
0
0
0
0
0
0
0
781,795
0
0
0
0
0
0
0
0
0
0
0
0
0
0
0
0
0
0
0
0
0
1000
449,095
0
128,588
0
0
34,5904
0
0
0
0
0
0
0
0
0
0
644,128
0
120,676
0
1000
0
0
0
18,4573
258,08
1000
314,614
48,2045
713,79
0
0
0
270,366
0
0
779,747
787,616
0
0
0
0
261,764
0
0
0
0
0
0
0
0
0
0
0
0
0
0
0
169,928
0
0
0
0
0
0
0
0
0
0
0
0
0
203,732
0
1000
0
0
0
0
0
0
0
0
0
0
1000
1000
0
0
0
0
0
0
1000
0
0
0
0
0
0
0
0
0
0
0
0
0
0
0
0
0
229,523
0
0
103,076
60,3985
0
0
0
0
0
0
0
0
0
737,99
0
0
1000
0
133,859
0
0
0
0
0
0
0
0
0
771,276
0
0
0
0
0
0
0
0
0
0
0
0
0
0
0
0
0
534,787
0
0
0
239,325
0
0
0
0
0
0
0
0
0
1000
0
292,96
0
0
0
0
772,174
509,301
13,92
0
1000
0
419,025
0
0
0
0
1000
0
0
0
0
0
0
0
490,563
0
0
0
0
0
0
0
0
0
0
0
0
0
109,1
0
0
0
0
0
0
0
0
0
552,067
0
0
0
0
0
0
0
0
0
0
0
0
0
0
0
1000
0
0
0
0
0
0
0
0
0
0
18,9629
1000
431,987
0
0
1000
0
136,11
0
0
0
0
775,561
0
0
0
0
1000
0
0
253,431
0
0
0
0
0
0
168,578
0
0
0
588,707
0
0
0
0
0
0
0
0
0
0
1000
0
0
0
0
0
0
556,324
0
280,311
0
0
0
54,4752
55,5235
0
0
0
0
0
195,614
0
0
0
0
0
0
0
0
0
0
0
572,779
0
0
0
0
0
0
0
425,885
0
0
0
0
0
0
0
0
0
0
629,2
0
0
500,754
0
383,326
739,65
0
0
0
0
0
0
0
0
0
1000
0
0
401,65
0
0
0
0
0
619,723
0
0
0
0
1000
0
0
0
204,416
18,1574
0
0
0
0
0
0
0
783,071
0
456,125
0
0
0
0
0
0
0
535,249
0
0
0
0
0
0
0
0
69,5836
0
0
0
0
0
0
62,4328
0
0
0
0
0
0
0
0
0
0
0
0
0
0
0
0
0
0
0
1000
0
0
260,341
0
0
0
0
771,292
0
0
0
1000
0
0
0
0
0
0
0
1000
0
0
541,996
0
1000
0
0
0
0
824,869
0
0
0
0
0
0
1000
0
0
0
0
0
0
0
0
0
1000
0
0
0
0
1000
0
1000
0
0
0
0
0
0
0
0
0
0
0
0
0
0
0
0
0
0
0
0
0
0
0
0
0
0
0
0
229,436
0
0
0
0
0
0
0
0
0
762,914
0
0
125,758
0
0
0
0
0
0
0
0
0
0
0
0
0
0
0
1000
0
0
585,75
0
0
0
1000
0
0
0
0
0
712,048
0
0
0
0
0
0
0
0
0
0
0
0
0
0
0
0
0
0
0
0
0
357,312
0
312,739
0
0
0
0
1000
0
0
1000
0
0
196,386
0
0
0
0
0
0
0
0
0
0
0
0
0
0
0
0
654,871
0
0
0
379,314
0
0
0
0
0
0
170,555
0
0
0
0
0
0
0
0
0
0
0
0
0
0
0
0
0
0
0
0
0
1000
0
0
0
0
0
0
0
172,226
0
0
0
1000
0
0
0
0
0
1000
0
0
0
0
0
0
620,541
1000
1000
0
0
0
0
0
0
1000
0
0
667,546
0
0
0
0
0
522,521
0
0
0
0
0
0
321,355
0
0
0
0
0
0
0
0
0
1000
0
0
0
0
0
0
0
0
0
0
0
0
0
0
0
0
0
0
0
0
0
0
0
0
0
0
776,045
0
0
0
0
94,4367
0
0
0
0
0
0
0
1000
0
0
294,739
0
0
0
0
970,769
0
0
1000
0
0
0
0
563,437
0
0
0
0
1000
0
0
0
0
0
0
0
0
423,058
319,346
0
0
0
0
0
0
0
0
204,212
313,85
0
0
541,194
0
0
0
0
57,2891
0
0
0
0
0
0
0
0
0
0
0
183,417
0
0
0
0
0
0
0
0
0
0
0
0
0
0
1000
69,3599
0
0
0
0
519,25
211,106
260,346
0
0
0
1000
0
246,471
0
0
0
0
0
0
0
0
0
0
555,618
0
722,288
299,688
0
0
0
0
0
0
0
0
0
0
0
0
441,659
0
0
0
0
0
0
776,124
0
1000
0
0
0
777,188
0
0
0
0
0
0
0
0
283,254
0
500,204
153,334
849,177
1000
0
762,361
0
0
0
0
0
0
0
0
0
0
0
0
0
780,759
0
0
0
0
0
0
0
0
0
0
0
0
0
0
0
0
0
0
0
0
0
0
0
0
0
0
0
0
0
0
0
294,61
0
0
0
0
0
0
59,19
0
0
0
0
0
342,922
1000
0
0
0
0
0
0
0
0
0
0
0
1000
0
590,641
0
0
0
0
0
0
0
0
0
0
0
0
0
0
0
768,669
0
0
0
0
419,5
0
0
1000
0
0
0
1000
0
0
0
0
0
0
0
0
809
0
0
0
0
0
0
719,971
0
0
0
0
0
0
0
0
0
0
0
192,949
0
0
1000
0
0
0
0
0
0
0
0
498,278
0
0
0
1000
1000
0
0
0
455,533
0
0
0
0
0
0
0
0
758,772
476,4
0
872,936
0
0
0
366,513
0
0
238,7
0
1000
0
0
0
0
0
676,329
0
307,114
0
0
1000
0
0
0
187,602
0
0
0
0
0
0
0
0
0
0
0
0
0
0
0
509,194
0
0
0
0
326,066
0
0
0
0
0
0
0
0
544,433
0
0
0
0
1000
0
0
0
0
0
0
599,88
0
0
0
0
0
220,94
0
0
0
0
0
0
0
0
0
0
0
0
0
0
0
0
0
0
0
0
752,036
0
0
0
342,205
0
0
0
0
0
0
0
0
0
0
449,882
0
0
0
0
0
0
0
0
0
0
0
0
0
0
0
0
0
0
0
0
0
0
0
0
0
0
0
468,822
0
0
0
0
0
0
0
0
0
0
0
1000
0
794,441
0
274,125
586,484
0
0
0
0
0
0
0
0
0
0
0
0
0
0
0
0
1000
0
0
0
0
0
0
688,862
0
0
0
0
62,9219
0
0
1000
0
0
594,948
0
0
0
0
0
155,056
0
0
0
0
0
0
0
0
0
0
0
709,844
0
0
418,387
0
0
0
0
0
0
359,254
464,699
0
217,862
0
0
0
0
0
0
0
0
0
0
0
0
0
0
168,472
0
0
33,9914
0
0
0
0
0
1000
0
0
1000
0
0
0
0
0
0
0
0
0
0
0
0
0
0
307,323
0
0
0
0
0
0
0
0
411,411
0
0
0
0
0
0
0
0
0
0
237,814
0
0
0
0
0
0
0
0
0
0
0
0
0
0
0
0
0
0
0
607,458
0
1000
0
0
337,435
0
0
0
0
0
0
0
365,116
0
0
0
0
0
0
0
0
0
0
431,832
0
129,137
0
96,902
0
0
0
0
0
0
0
0
0
0
0
63,4843
0
0
0
0
0
0
0
0
366,629
0
0
0
0
0
0
0
0
0
0
0
0
0
0
0
0
0
0
0
0
0
0
0
0
0
0
0
0
0
0
0
0
0
0
0
298,52
0
0
0
0
758,685
0
0
0
0
0
214,657
0
0
0
28,2724
0
261,022
0
0
0
0
1000
0
0
0
85,5877
0
562,352
0
0
0
771,969
0
0
0
744,965
2,58564
0
0
0
0
0
0
0
0
0
0
0
557,597
0
0
513,996
0
0
0
0
376,547
0
0
339,035
0
0
0
0
0
0
0
0
0
0
0
0
0
0
0
1000
0
128,349
0
0
0
336,504
0
0
0
0
0
0
0
0
0
0
0
0
0
424,228
1000
0
0
0
0
0
0
0
1000
0
0
0
0
0
0
604,128
0
0
0
0
0
1000
0
0
0
1000
0
0
0
786,024
0
348,749
0
1000
0
0
0
0
0
0
0
0
0
0
0
0
0
0
0
0
357,697
0
0
255,825
0
0
0
0
0
0
0
0
0
0
0
0
0
437,896
85,9135
0
0
0
13,4197
0
0
0
1000
0
0
0
1000
0
0
0
0
0
1000
551,309
0
788,759
0
0
0
0
0
0
0
1000
0
0
5,06982
0
0
0
0
0
177,089
0
0
1000
0
0
0
0
0
0
0
0
0
0
0
0
21,1763
0
0
495,321
0
0
0
0
0
0
0
499,539
57,4594
0
0
0
0
1000
0
0
0
0
0
0
0
0
0
0
0
0
0
0
0
0
0
559,679
0
0
0
784,077
31,0172
73,3028
0
0
0
168,481
0
189,757
0
0
1000
0
0
0
0
0
0
0
0
0
270,574
0
0
0
0
0
819,916
639,258
784,205
0
749,003
0
0
0
376,052
0
0
0
0
0
0
114,991
0
0
0
0
0
0
0
0
0
0
0
0
0
0
0
0
710,814
0
0
0
0
875,015
0
0
0
0
0
0
0
0
0
0
0
0
1000
0
0
0
0
0
0
0
0
0
0
0
0
0
0
0
0
0
444,855
0
1000
112,626
0
0
0
728,624
0
0
0
279,254
320,157
0
0
0
1000
0
0
0
0
0
0
0
0
0
0
0
225,887
0
0
0
0
0
0
594,949
0
720,086
0
0
1000
1000
0
0
0
0
0
0
0
0
0
0
0
0
0
0
0
0
0
0
0
0
431,602
0
0
0
0
0
0
0
791,788
0
0
797,496
0
0
736,327
355,371
0
0
0
0
0
0
0
539,33
0
0
0
0
0
0
0
0
0
0
0
0
0
0
0
0
0
0
0
0
0
0
0
705,635
0
0
0
1000
0
0
597,139
0
0
0
0
0
0
0
0
0
0
0
0
110,133
45,7699
0
0
0
0
0
0
0
428,825
778,214
0
0
0
0
0
0
0
0
0
791,381
0
0
0
0
0
460,338
0
776,223
0
0
0
0
0
0
0
0
0
0
1000
428,828
0
0
0
91,3111
0
0
0
1000
0
0
0
0
0
0
0
0
0
0
0
0
0
0
0
841,948
0
0
0
746,817
0
0
0
0
0
0
0
0
0
0
0
701,614
0
0
0
325,422
0
0
0
279,227
0
0
0
505,196
0
0
0
0
0
0
0
0
0
0
0
0
510,197
0
0
0
0
155,454
1000
0
0
0
0
0
0
0
0
0
0
0
0
0
0
389,775
0
589,623
781,779
596,317
0
0
0
0
0
0
0
0
0
0
0
0
0
0
470,097
0
0
0
248,04
0
568,99
0
0
0
0
0
0
0
0
0
0
0
0
0
0
0
0
0
794,297
0
0
0
242,031
0
0
0
1000
0
0
0
0
0
0
0
0
0
1000
130,583
549,598
0
0
0
0
0
0
417,115
0
0
0
0
0
0
0
0
0
0
0
0
0
789,493
0
0
0
441,047
0
0
0
0
0
0
1000
439,248
0
0
0
0
0
0
0
0
0
0
0
0
0
1000
0
0
50,6454
0
0
0
0
449,474
0
0
0
0
0
0
1000
0
0
0
0
434,438
614,736
12,9965
0
0
0
836,276
0
0
0
0
0
0
0
0
0
0
1000
0
0
0
0
679,723
0
0
0
0
0
0
0
0
0
0
814,855
0
0
0
0
0
0
0
0
0
0
0
0
0
0
0
0
0
0
0
65,4151
543,009
0
0
0
0
0
0
1000
0
1000
0
0
0
0
0
0
0
0
0
0
0
0
0
0
0
0
0
0
95,0399
1000
0
0
0
0
0
0
0
0
0
1000
730,741
0
0
0
0
0
0
0
1000
1000
0
737,966
0
0
0
0
0
0
0
0
0
0
292,898
0
0
73,8392
0
0
0
0
0
0
0
0
1000
0
341,636
0
0
0
0
0
1000
0
476,762
0
0
0
0
0
185,649
0
829,948
0
0
0
0
0
0
0
0
0
0
1000
0
0
0
0
0
0
0
0
0
0
0
1000
0
0
0
0
0
0
0
0
0
615,529
0
0
0
0
210,157
0
0
0
728,951
0
0
0
1000
0
0
0
0
0
0
0
0
0
0
0
0
0
0
0
0
0
476,575
0
0
0
0
0
0
787,179
0
0
298,593
0
463,655
0
0
0
1000
739,381
0
0
0
0
0
0
538,706
1000
0
0
0
0
564,969
0
0
0
0
0
0
141,705
0
0
85,6098
79,5722
0
0
0
0
0
0
0
0
0
0
0
0
0
1000
0
0
0
0
567,125
0
0
0
0
0
0
0
0
0
729,723
702,514
571,172
293,428
745,205
0
0
0
0
0
0
0
0
781,427
0
0
0
0
518,449
0
121,914
0
0
0
0
0
0
0
0
0
0
0
0
0
0
0
0
0
0
0
0
0
0
0
0
0
0
0
0
0
0
0
1000
0
62,661
780,77
0
1000
0
0
0
0
0
407,795
0
0
0
0
0
0
0
0
0
0
0
0
0
0
0
0
0
165,439
24,6976
560,138
0
0
0
0
0
0
0
0
0
0
0
71,2908
0
0
1000
1000
0
509,444
0
0
0
790,586
0
0
0
0
0
0
0
0
0
0
0
0
0
0
0
0
0
0
0
1000
181,213
0
0
0
0
0
280,564
135,158
0
0
0
0
0
0
0
0
0
0
0
0
0
342,1
0
0
0
0
0
0
0
0
0
371,785
0
488,048
0
0
0
781,433
0
0
0
0
0
0
0
0
0
0
0
795,225
0
0
0
0
0
0
0
0
0
0
0
0
0
0
0
0
0
0
0
1000
0
0
126,94
0
0
48,9008
0
323,316
548,967
751,859
0
0
0
0
1000
0
0
0
0
0
0
0
0
0
0
0
0
47,458
0
0
0
0
0
0
0
0
0
0
0
0
0
0
0
0
0
0
0
0
0
0
0
0
0
0
0
0
0
585,708
0
0
778,136
0
0
0
0
0
0
0
336,559
0
0
0
0
0
0
1000
0
479,615
0
767,862
0
0
0
0
0
0
0
0
0
0
0
768,713
0
0
0
0
0
0
0
0
0
0
0
0
0
337,788
0
0
0
0
300,921
0
1000
0
0
0
0
0
0
0
0
0
0
0
0
0
0
0
254,087
0
343,721
0
728,783
0
0
0
0
0
0
0
398,7
0
0
0
0
0
0
0
0
759,406
0
765,612
376,791
0
0
0
207,112
0
270,12
0
0
0
0
0
0
0
608,901
0
0
0
0
0
0
0
0
0
0
0
612,012
0
318,377
0
0
1000
0
0
0
0
128,335
0
0
0
0
0
0
0
0
0
0
0
0
0
0
0
0
0
429,975
0
0
0
0
557,019
0
0
0
0
0
0
0
1000
0
0
0
0
0
0
0
704,202
0
0
0
95,0367
0
0
0
0
0
0
0
0
0
0
0
0
0
0
0
0
0
0
0
0
0
0
0
1000
218,78
0
0
0
0
0
0
0
1000
0
0
0
0
0
0
0
0
381,426
0
0
0
0
0
0
0
723,908
0
0
0
0
0
0
0
0
0
0
0
0
0
0
0
297,183
0
0
0
0
0
0
0
0
0
0
0
60,7674
0
0
0
340,825
0
0
0
0
0
3,34172
627,99
0
0
363,808
0
270,543
0
0
0
0
0
0
0
0
0
0
169,295
1000
0
0
0
0
0
0
0
0
0
0
0
0
595,131
0
0
0
0
746,639
0
0
508,32
0
0
0
0
0
0
0
0
0
0
197,758
1000
0
4,13073
0
1000
0
268,242
0
0
0
0
0
145,301
0
0
554,063
0
690,52
0
0
0
0
0,554484
0
1000
0
0
0
0
0
569,626
557,033
0
0
0
238,959
0
0
0
0
0
0
0
740,029
286,449
0
0
0
0
0
1000
387,612
0
0
0
0
0
0
0
0
0
0
0
0
238,312
792,383
0
0
0
0
1000
833,937
0
0
0
430,899
0
0
1000
0
0
0
0
0
0
0
0
0
776,124
0
0
0
0
0
0
0
0
0
0
0
0
0
0
0
0
0
0
0
0
286,85
0
0
0
0
0
0
0
0
0
0
0
0
0
0
0
0
0
0
854,504
1000
0
0
0
0
0
614,86
0
0
488,363
0
88,2402
0
0
0
0
0
0
0
0
0
0
0
0
0
0
488,493
764,604
0
764,972
0
0
0
0
0
718,813
0
0
0
0
0
0
0
483,376
0
0
0
0
0
0
0
0
0
0
0
20,4641
397,503
0
0
0
0
0
0
316,853
0
0
0
0
0
0
0
0
0
0
0
0
0
0
0
0
0
0
0
0
0
0
0
452,956
0
0
0
0
0
0
0
0
771,834
0
0
0
0
0
0
0
0
0
0
202,451
0
0
0
0
239,242
0
0
0
0
0
0
0
0
402,926
0
0
1000
1000
0
0
0
0
0
0
1000
0
0
0
1000
0
816,569
0
0
0
0
54,1799
0
0
0
0
0
0
0
0
0
65,1404
0
0
0
0
0
390,021
0
0
0
543,026
0
0
0
0
0
0
0
0
0
0
213,036
0
0
0
0
0
0
0
0
0
0
0
0
0
1000
0
0
0
0
0
0
711,753
0
0
0
0
0
0
0
0
0
0
0
0
0
0
0
0
0
0
0
0
0
0
0
0
0
0
0
0
0
0
347,056
0
1000
0
0
210,624
0
0
0
0
0
0
0
0
0
270,631
0
0
0
0
0
0
0
0
0
1000
0
60,6664
0
0
0
0
0
0
0
0
0
0
0
0
0
0
0
0
0
0
0
705,511
0
0
776,988
0
0
0
0
0
0
19,6754
0
0
0
0
0
0
0
1000
0
0
0
516,599
0
0
245,328
0
0
0
0
0
0
0
0
415,62
73,344
0
0
0
66,3208
0
0
0
0
0
0
0
0
0
0
0
102,534
0
0
345,333
0
0
0
0
0
284,215
0
1000
112,995
0
0
0
0
0
0
0
9,7963
0
0
0
0
0
0
0
0
0
404,85
1000
0
0
0
0
0
0
0
0
0
0
0
0
75,1421
0
0
0
0
0
0
0
0
0
0
0
291,427
225,693
0
236,382
0
0
1000
0
0
0
0
372,699
0
0
0
0
0
0
0
762,006
0
0
0
0
0
0
1000
0
0
0
0
792,776
227,384
0
0
211,987
0
0
0
0
0
0
0
0
0
1000
0
0
0
0
0
0
0
0
0
0
0
0
1000
0
0
0
0
429,787
0
0
0
101,453
0
0
0
0
0
0
0
0
0
0
0
0
0
0
0
0
0
0
0
506,992
0
0
0
0
0
0
0
1000
0
0
0
0
0
0
104,606
0
755,105
0
0
0
0
0
0
1000
0
0
0
0
0
0
792,383
0
0
1000
0
0
0
0
0
0
361,086
1000
0
0
0
0
0
0
0
0
0
0
0
0
371,224
481,791
0
0
0
0
0
0
0
354,199
0
485,61
0
0
0
0
0
0
0
0
0
0
743,586
0
0
0
0
0
101,699
0
0
0
0
0
0
288,802
1000
0
0
0
0
1000
0
0
0
0
0
0
1000
0
0
72,2164
0
0
0
0
0
771,075
0
0
0
0
0
0
0
0
0
0
0
0
1000
0
185,075
0
0
0
0
0
0
0
0
0
0
0
0
0
0
0
0
0
0
0
471,648
0
0
0
0
0
0
0
0
0
0
0
0
0
70,2531
0
0
0
0
0
0
0
0
0
0
0
726,066
0
0
0
0
0
0
0
0
0
0
763,899
0
0
0
0
0
0
0
119,27
0
0
0
0
1000
0
0
0
0
153,553
0
1000
0
317,514
0
0
0
0
0
0
0
237,524
0
0
81,0254
0
0
0
0
0
0
0
0
0
0
0
0
0
0
0
0
0
0
0
0
0
0
0
0
6,87037
0
0
0
0
0
0
0
0
0
0
0
0
0
0
0
0
0
0
0
0
0
0
0
0
0
0
0
0
0
0
773,024
0
0
0
769,575
0
176,602
411,494
0
0
215,138
0
0
771,908
0
0
0
0
0
182,017
0
0
0
0
0
0
0
0
0
0
0
0
0
0
0
0
0
0
0
0
0
0
0
278
0
0
0
0
0
103,982
1000
0
0
0
0
572,565
155,829
0
1000
0
543,554
0
0
0
0
0
0
0
0
0
0
0
0
0
0
0
468,965
388,41
0
511,909
0
180,293
0
0
0
0
0
0
759,814
235,044
0
0
0
0
0
0
0
1000
0
0
0
0
0
0
0
0
0
0
0
0
0
450,097
0
0
0
0
0
0
0
103,832
0
0
0
0
0
0
0
1000
0
0
0
0
1000
0
0
0
0
0
0
604,726
0
0
0
0
0
0
604,667
0
1000
0
0
0
0
0
0
0
0
0
671,94
0
288,109
757,829
0
0
0
285,038
0
0
0
0
0
0
0
0
0
0
0
0
0
0
0
0
0
0
0
0
609,559
0
0
0
0
0
0
0
0
0
0
0
757,051
0
0
0
0
0
0
0
0
0
0
0
0
813,036
0
0
0
0
0
606,481
0
0
0
0
0
0
0
0
0
0
0
0
0
0
742,716
0
0
0
0
0
0
0
0
0
0
0
0
0
0
0
0
0
0
0
0
0
0
0
0
0
753,388
0
0
1000
0
0
0
1000
0
0
0
0
0
0
0
0
0
0
0
0
776,067
0
0
0
0
0
0
0
0
0
0
1000
0
0
0
0
0
0
0
0
0
0
687,413
0
0
0
0
0
0
0
0
0
0
0
0
0
0
0
0
0
0
0
0
0
0
0
522,362
0
0
0
0
0
0
0
0
0
0
0
0
0
0
0
0
0
0
0
0
0
0
0
0
0
0
0
0
0
0
0
0
0
0
0
0
0
0
1000
0
0
0
1000
41,5228
0
0
0
0
521,903
0
1000
0
0
0
0
0
0
0
0
665,787
0
1000
0
0
0
0
0
339,21
0
0
826,826
0
0
0
188,29
0
0
0
0
0
771,766
0
0
0
0
0
0
0
0
0
0
0
0
0
0
0
0
0
58,6678
0
0
0
0
0
0
0
0
1000
0
0
0
0
0
0
0
0
0
0
0
0
0
0
0
0
0
266,386
0
0
0
1000
0
0
0
0
0
728,166
36,1568
0
0
0
0
1000
770,216
0
0
0
0
0
0
0
0
0
0
86,1258
0
0
0
0
0
0
0
0
0
0
0
0
0
0
0
209,91
0
0
0
0
0
0
0
0
0
0
0
0
0
0
0
0
133,044
0
0
0
0
0
97,5005
0
0
1000
0
0
44,0764
0
0
0
0
529,783
0
0
0
0
0
0
205,914
0
0
1000
0
0
0
0
0
0
0
1000
504,174
0
0
0
0
0
0
0
0
0
0
0
224,666
0
0
0
0
0
0
402,194
1000
0
0
0
0
118,115
0
776,198
0
0
0
0
0
0
0
0
0
0
0
739,053
0
372,727
0
0
0
0
0
789,717
0
743,607
0
0
0
0
0
0
0
0
0
1000
0
0
0
0
0
0
0
1000
0
0
0
0
0
0
0
0
0
0
0
0
0
0
0
0
0
0
0
0
0
0
0
0
128,381
0
0
0
0
0
1000
0
0
0
0
0
0
0
0
0
0
0
0
0
0
0
0
0
0
0
0
0
0
0
0
0
0
0
0
0
1000
67,551
0
0
0
0
0
0
0
1000
0
744,983
0
0
0
1000
0
0
0
0
0
0
0
0
767,569
0
1000
0
0
0
0
0
348,566
0
0
0
0
1000
0
0
0
0
0
0
0
0
0
0
0
0
0
0
0
0
0
186,783
0
0
0
0
0
0
0
0
0
0
0
0
64,6511
681,451
0
0
0
821,341
0
0
0
0
0
0
136,123
0
0
0
0
0
0
0
0
0
0
0
0
0
0
325,385
0
1000
0
1000
1000
0
0
0
0
0
0
0
0
357,191
0
0
0
0
0
0
0
0
0
149,507
0
0
0
0
0
0
1000
0
0
0
1000
0
0
0
0
0
0
0
0
0
0
0
0
0
0
0
0
0
0
0
582,211
0
0
127,72
0
0
0
0
0
1000
0
0
0
0
0
0
0
0
0
0
0
0
0
0
654,951
0
0
0
0
0
0
0
0
0
0
0
0
0
0
0
0
0
0
0
0
0
0
0
0
0
0
0
0
0
0
303,163
308,36
0
1000
0
0
0
479,135
0
0
0
0
0
0
1000
0
0
0
1000
0
0
444,123
0
0
0
0
0
0
0
257,185
0
0
0
0
0
0
0
0
472,61
61,3916
0
0
0
0
0
0
0
0
0
0
1000
474,063
0
0
0
0
0
0
0
0
0
0
0
0
0
0
0
0
0
0
0
0
0
0
0
12,0233
0
0
0
0
0
0
0
833,589
1000
0
0
0
0
0
0
305,286
0
0
1000
1000
0
0
0
1000
0
0
0
0
0
195,312
0
0
0
0
0
0
0
0
1000
0
770,084
0
0
354,305
0
0
0
0
791,129
0
1000
630,372
0
0
0
0
0
0
0
0
0
80,3784
0
559,064
0
0
0
0
0
653,442
226,295
49,9736
0
0
0
0
0
0
0
1000
0
619,692
0
136,463
1,2958
0
0
0
769,109
0
0
684,699
0
0
0
0
0
0
0
0
0
0
0
0
0
0
0
0
0
0
320,325
778,446
0
0
0
0
0
0
0
0
0
0
0
0
0
0
0
0
0
1000
0
29,8017
0
286,907
0
0
223,59
0
0
0
0
1000
0
538,094
0
0
0
0
0
0
0
0
0
0
634,182
0
0
0
0
0
0
0
36,2847
0
287,789
0
0
0
0
0
0
0
5,06073
0
0
0
0
1000
0
0
0
0
0
0
1000
541,377
0
0
92,2536
0
0
0
748,651
0
0
0
0
65,0696
378,156
0
0
0
0
0
0
0
0
0
0
0
0
0
0
0
0
0
0
0
0
0
0
0
0
0
0
0
0
0
0
589,991
0
0
0
0
0
0
0
0
0
0
0
53,6211
0
0
0
0
0
0
0
0
0
0
0
0
777,76
0
0
0
143,754
0
583,539
0
0
0
0
0
0
322,288
0
32,017
0
0
0
1000
0
0
315,944
455,47
0
0
1000
684,209
0
366,449
0
0
0
1000
0
334,835
566,961
0
0
0
0
0
0
0
0
80,2111
0
0
0
0
0
0
0
0
0
0
0
0
0
0
0
0
0
0
0
0
0
0
0
0
1000
89,3169
0
0
0
0
0
1000
0
0
0
0
0
0
0
0
0
0
0
0
166,349
0
600,355
536,219
0
708,294
0
0
0
0
0
859,315
1000
0
0
603,015
1000
0
1000
0
0
0
0
0
0
101,841
0
0
0
0
0
0
1000
1000
0
0
0
0
0
372,517
0
0
1000
0
0
0
0
0
0
717,895
0
0
0
0
0
0
0
0
788,696
681,263
0
597,622
0
0
0
0
0
0
516,427
0
0
0
0
0
0
0
0
0
0
0
0
1000
0
0
0
0
0
0
366,22
0
0
0
0
0
0
0
1000
0
0
0
0
1000
141,644
0
0
0
0
687,85
0
306,585
0
0
727,622
0
0
0
210,748
0
0
249,346
0
773,583
0
0
0
0
0
0
0
1000
790,439
0
0
0
0
0
0
815,542
0
0
0
0
0
1000
0
1000
605,612
260,501
0
0
0
0
0
0
0
0
0
0
799,39
0
0
0
0
138,555
0
1,9075
0
0
0
0
0
210,961
0
599,012
652,489
691,467
184,929
0
0
352,252
0
0
0
0
0
0
0
0
0
239,564
0
0
0
1000
0
0
0
0
0
0
0
0
0
0
0
0
0
0
0
0
0
0
0
88,1982
0
0
0
0
0
0
0
249,532
0
97,9205
451,234
0
290,345
0
0
0
0
0
0
0
0
499,664
0
0
0
0
0
0
0
0
0
0
0
0
0
0
0
0
0
0
0
0
0
0
0
0
0
0
0
0
387,538
1000
793,719
0
0
0
0
0
0
0
0
0
383,518
0
0
0
0
0
724,316
0
0
0
103,736
323,17
404,04
0
0
0
0
0
0
0
0
0
0
204,948
0
0
0
0
667,798
0
594,081
0
0
0
0
0
0
0
0
0
0
0
784,851
0
0
0
0
0
0
0
0
0
0
0
0
0
0
681,546
0
0
0
0
0
0
0
0
0
0
0
0
813,497
0
0
0
386,356
1000
0
0
0
0
0
0
0
0
706,72
0
0
0
0
0
0
0
0
0
0
0
0
0
0
0
0
0
0
253,709
0
0
0
0
0
0
0
0
0
0
0
0
0
1000
0
0
0
0
0
1000
0
0
0
0
0
0
0
0
0
0
0
643,233
523,373
0
0
0
0
0
43,9139
0
0
0
0
0
0
0
538,128
420,566
0
0
0
423,286
0
0
664,856
0
0
0
0
0
0
747,128
0
0
0
0
0
0
0
0
604,342
662,557
0
0
0
0
0
0
0
724,382
0
0
0
0
0
0
1000
0
784,854
627,633
0
0
0
0
0
0
0
0
0
0
0
0
0
0
0
0
0
0
0
147,22
0
0
602,479
0
0
0
0
0
0
0
0
0
1000
0
0
0
0
774,886
0
0
0
0
0
0
0
0
0
1000
0
0
0
0
0
0
0
0
0
0
0
0
0
0
0
1000
0
0
0
0
0
0
0
0
0
1000
0
0
0
0
0
0
0
0
0
0
0
0
0
0
0
35,489
0
0
0
0
0
0
0
751,54
0
0
0
0
0
0
0
0
0
0
0
0
0
349,377
1000
353,069
0
0
0
0
0
0
0
0
0
0
0
0
0
0
0
0
0
0
0
0
0
0
0
0
0
1000
0
1000
0
0
775,327
0
0
0
0
1000
738,418
0
0
0
0
0
0
0
0
0
0
0
0
0
0
0
0
50,125
0
0
0
0
0
0
0
0
0
0
0
0
0
0
0
0
0
0
0
0
0
0
0
1000
0
0
0
0
0
0
0
0
0
0
0
0
0
0
0
0
0
0
0
0
0
0
0
0
0
0
303,528
0
0
0
0
0
0
0
0
0
0
0
0
0
0
0
0
0
707,742
0
0
0
162,812
0
0
0
186,072
276,057
0
0
0
0
0
0
0
0
0
786,144
0
0
504,988
0
0
0
0
0
1000
0
0
0
0
0
1000
0
0
0
6,33183
145,789
0
0
0
0
0
509,46
757,529
0
0
0
0
0
0
0
0
0
33,1259
0
0
0
0
741,321
0
793,996
305,938
0
0
0
0
0
489,735
0
0
0
0
1000
0
0
0
0
0
0
0
522,32
0
0
0
0
0
0
0
0
0
0
0
0
26,5485
0
0
0
0
467,813
0
0
0
336,464
203,366
0
0
0
0
0
0
0
0
0
0
0
496,074
0
0
680,614
0
0
0
7,60962
0
0
0
0
0
0
0
0
0
0
75,1305
0
0
1000
0
0
0
0
0
0
0
1000
0
0
0
0
0
0
0
0
0
0
0
1000
0
0
0
680,115
0
0
188,897
376,887
0
0
0
0
0
0
0
0
0
0
0
454,335
0
0
0
0
0
0
0
0
0
0
0
0
703,042
0
0
1000
457,04
0
1000
0
0
0
0
0
0
0
0
0
0
0
0
0
610,524
1000
0
0
0
0
0
0
0
0
0
0
0
0
0
580,974
0
0
0
0
0
0
0
0
0
0
0
0
0
0
0
0
106,628
0
0
0
0
52,6186
0
1000
0
120,297
0
0
0
0
0
0
0
0
0
0
0
0
0
1000
0
0
0
0
0
0
0
0
0
0
0
0
368,757
0
0
0
0
0
0
0
0
1000
0
0
0
0
615,553
0
0
0
0
0
0
0
0
15,504
0
716,623
0
0
341,623
0
0
1000
0
1000
0
0
0
0
0
0
0
0
0
0
49,9883
0
0
0
0
0
0
0
0
733,732
75,1057
0
1000
0
0
0
0
0
519,47
0
0
150,465
0
0
0
0
0
1000
725,914
0
0
0
0
0
0
0
0
0
0
0
0
0
0
0
0
0
0
1000
0
0
0
0
1000
0
0
0
0
0
0
0
0
0
0
0
278,962
0
0
292,048
0
0
1000
0
0
0
0
0
0
0
346,36
0
0
0
1000
0
0
517,165
673,374
0
0
0
0
0
0
0
0
0
0
0
1000
0
0
0
0
0
0
0
737,02
0
1000
0
0
0
762,372
0
1000
0
0
0
0
0
0
0
0
1000
0
780,897
0
0
0
0
0
0
0
0
838,579
0
0
0
786,892
410,162
0
0
0
0
0
0
0
1000
0
0
600,294
0
786,938
0
0
0
0
0
0
0
0
0
0
0
0
0
0
0
0
0
0
0
0
0
0
0
0
0
0
44,6721
0
0
0
0
0
10,4665
0
0
0
0
0
6,94493
0
0
0
0
578,699
0
0
0
699,831
0
0
0
739,021
0
0
0
0
0
0
491,048
0
0
0
0
0
0
1000
0
0
0
0
1000
0
0
0
0
0
0
780,442
0
0
0
0
0
0
0
0
0
0
0
0
0
0
1000
0
0
0
1000
36,16
0
0
0
0
0
531,821
0
0
0
0
0
770,732
0
742,602
0
117,679
0
0
0
0
595,934
0
0
0
0
1000
0
0
0
0
0
0
0
0
0
0
0
0
0
0
0
0
0
0
0
0
0
0
13,9523
140,786
0
0
0
0
0
1000
0
0
0
0
0
0
0
0
0
0
0
0
0
0
0
0
0
0
0
0
0
0
0
0
0
0
381,86
1000
0
0
0
0
690,819
0
0
0
0
0
0
0
715,089
0
0
0
0
0
299,969
0
0
0
0
1000
0
307,231
0
235,271
0
0
0
1000
0
0
0
337,731
207,35
0
0
0
215,92
0
0
0
0
0
0
0
0
45,6581
0
0
0
0
1000
0
1000
0
0
0
0
0
0
1000
0
0
0
0
0
0
0
0
0
0
0
0
0
0
0
0
0
0
0
0
0
0
3,7178
44,5015
0
0
0
41,5164
0
1000
0
0
765,42
0
867,462
0
538,369
0
0
0
0
0
0
0
0
0
0
0
115,488
0
0
130,272
0
0
0
0
0
0
0
207,409
0
0
0
0
0
0
0
0
0
0
0
0
0
0
0
0
0
0
0
0
0
1000
0
1000
61,5981
0
0
0
0
0
0
0
693,731
0
0
0
0
0
0
21,2502
0
0
0
295,428
0
0
0
0
0
0
0
0
0
0
0
327,782
0
0
0
0
0
0
0
0
0
0
0
0
0
0
0
0
0
0
0
0
0
0
0
0
0
0
781,652
0
0
0
0
0
0
0
0
0
0
0
782,017
0
0
406,385
0
0
0
0
180,936
0
0
0
0
681,623
0
0
0
0
0
0
0
567,389
0
0
0
0
0
0
0
765,134
0
0
0
0
0
0
0
0
0
0
0
0
0
0
0
680,843
0
0
0
0
0
0
0
0
0
187,861
0
0
528,586
0
0
0
0
0
0
0
763,169
0
0
518,715
0
0
0
0
0
0
0
0
0
0
0
0
328,892
0
0
0
0
0
0
0
0
0
0
0
0
0
0
0
0
0
0
0
0
0
0
164,361
0
0
0
42,2199
0
0
0
0
0
0
0
0
0
0
0
0
1000
0
0
0
0
547,424
0
117,534
0
0
431,768
0
0
0
0
0
0
0
0
0
0
1000
0
0
0
0
0
0
0
0
0
0
0
1000
0
0
26,3974
0
0
0
0
0
0
0
0
0
1000
0
0
0
1000
0
246,154
0
0
0
569,765
475,658
0
0
37,2972
0
0
0
188,604
0
0
0
119,111
0
122,762
0
0
0
0
0
0
0
0
1000
90,353
0
363,736
0
0
0
0
0
0
0
0
0
1000
0
0
0
0
0
0
0
61,5197
0
0
0
0
142,463
0
1000
0
0
0
0
0
0
0
183,491
0
0
0
0
0
690,165
617,258
0
0
0
0
0
0
0
1000
0
0
0
0
333,597
0
0
1000
0
0
0
731,088
771,553
654,636
0
0
0
0
0
0
0
0
58,3023
0
0
0
787,446
0
0
76,3878
0
0
0
0
0
0
0
0
0
0
0
0
0
0
0
0
0
0
1000
0
0
0
0
1000
0
0
0
0
0
0
0
0
311,64
0
0
0
176,722
0
34,6386
0
0
0
0
177,865
0
0
300,995
0
0
0
0
0
0
0
0
0
0
0
1000
0
0
0
0
0
0
0
0
0
0
0
46,474
0
0
0
0
0
0
124,105
0
0
0
0
0
0
0
749,167
1000
0
0
0
0
0
0
0
0
0
0
0
206,388
0
421,217
0
0
0
623,086
0
0
0
29,7092
0
0
0
0
0
328,694
0
0
0
0
0
0
0
0
0
0
0
767,766
0
0
0
1000
0
0
0
1000
0
0
1000
0
0
0
0
0
0
0
0
0
0
0
0
488,23
0
0
0
0
0
0
0
0
228,955
0
0
0
0
0
0
0
0
1000
130,391
0
716,547
0
0
442,642
0
0
0
0
0
803,852
0
0
561,65
787,577
0
0
0
0
0
0
1000
0
0
0
0
0
0
0
0
0
0
174,443
301,903
0
0
0
0
0
1000
0
0
0
0
0
43,3252
0
0
0
0
0
0
0
0
0
0
0
0
0
0
0
1000
0
0
1000
0
0
0
363,384
581,105
0
1000
0
0
0
0
1000
0
0
209,067
0
0
0
0
0
0
0
0
352,007
0
0
0
0
0
589,171
239,594
0
312,281
0
0
0
0
0
0
0
0
0
0
0
0
0
0
1000
0
496,611
0
0
0
1000
0
0
0
0
1000
308,762
0
0
0
0
0
0
0
0
0
0
0
0
0
0
0
0
0
843,156
0
0
0
0
0
0
0
0
0
0
602,906
0
0
0
271,764
346,882
0
0
0
134,753
0
403,872
0
0
0
0
0
776,468
0
0
0
0
0
0
0
0
0
0
0
0
0
0
0
0
0
0
0
0
0
0
0
0
0
50,5345
121,622
0
0
0
0
333,241
673,904
0
0
0
0
0
0
0
0
0
0
735,821
0
0
766,815
0
0
0
0
0
0
20,6103
0
0
0
0
0
0
0
0
0
0
1000
0
0
0
0
363,52
0
0
0
0
456,416
0
0
0
0
0
0
0
0
0
602,543
512,472
0
0
0
0
182,796
0
0
0
0
0
0
234,898
0
0
0
0
0
0
0
233,095
0
0
0
0
0
0
105,879
0
0
0
0
0
0
0
0
1000
0
0
0
347,513
0
54,2564
0
0
0
0
0
0
0
0
0
1000
0
0
0
0
0
0
0
0
0
0
336,78
0
0
0
0
0
0
0
0
0
0
0
0
1000
0
0
0
0
0
0
0
0
0
0
0
0
733,955
0
0
134,383
0
0
272,206
0
0
0
0
0
0
142,415
0
404,832
0
1000
0
0
0
0
187,412
0
562,864
0
0
0
0
0
440,796
0
0
770,363
0
1000
0
0
399,321
1000
0
694,695
0
0
0
0
1000
756,224
0
0
153,576
0
0
0
294,567
42,9696
0
0
0
0
0
0
0
1000
0
0
0
237,619
0
641,041
0
0
0
0
0
0
476,523
0
0
0
0
0
0
0
0
0
0
0
0
0
0
0
795,816
0
1000
0
342,093
0
0
0
24,0262
0
0
0
0
0
0
0
0
0
0
0
216,602
674,718
0
0
0
0
0
270,943
0
0
0
0
0
0
0
0
0
0
0
0
0
0
0
109,974
0
1000
0
0
0
0
0
276,948
0
0
802,663
0
0
0
0
0
0
0
0
0
1000
1000
285,121
0
0
0
0
0
0
0
0
0
0
0
0
0
0
0
0
248,007
0
0
0
0
0
0
0
0
0
0
0
0
0
0
0
0
0
0
0
463,552
69,4086
1000
0
0
0
0
0
0
0
0
0
0
0
0
0
0
0
0
825,57
0
0
0
0
0
0
0
0
0
0
0
0
0
0
0
0
0
0
0
189,319
0
0
0
0
0
0
0
0
0
0
0
0
0
0
0
0
0
0
0
1000
0
0
500,841
59,3288
0
0
0
0
0
0
0
0
0
0
0
0
0
0
0
689,866
0
0
0
0
0
0
0
567,06
223,643
594,864
0
0
0
0
0
0
0
0
0
0
0
0
0
0
0
0
0
0
0
0
0
0
0
0
120,204
0
421,283
1000
0
0
0
736,765
0
0
0
0
0
370,248
0
0
0
0
734,108
0
604,331
0
0
0
1000
0
0
0
0
0
0
0
114,04
0
0
0
0
321,501
0
0
0
0
0
0
0
421,382
0
218,841
0
0
0
0
0
691,824
0
3,88455
0
0
0
275,457
0
558,789
0
0
0
0
0
0
0
0
0
0
0
685,233
0
0
132,879
347,495
1000
0
0
0
0
0
0
0
0
0
0
0
0
0
759,058
0
521,327
0
0
0
0
0
0
0
0
0
0
0
0
0
0
145,335
0
0
0
18,56
0
0
0
0
0
270,506
0
0
0
0
0
0
0
0
0
0
1000
0
0
630,26
0
0
0
0
0
0
0
0
0
0
0
0
0
0
0
0
0
0
0
395,063
0
0
0
471,22
0
0
0
0
0
0
462,02
0
0
0
0
0
0
0
0
0
0
29,5657
0
0
0
0
0
0
0
0
0
0
1000
0
0
0
0
0
0
682,297
0
0
0
0
0
0
0
0
0
0
0
0
0
0
335,037
0
0
0
0
0
687,102
0
0
0
0
268,721
0
1000
0
0
42,129
0
0
0
0
0
0
0
314,344
0
0
79,4091
0
0
0
0
0
0
0
0
0
0
0
0
0
0
0
0
0
0
432,967
0
0
402,67
1000
0
0
0
729,355
1000
781,145
0
92,6658
179,05
0
0
0
0
0
228,124
0
0
0
810,252
0
0
746,935
0
0
0
0
0
0
0
781,263
0
0
0
0
195,536
319,281
316,953
0
0
0
0
0
0
0
0
0
0
740,222
784,916
0
0
0
0
0
0
412,352
0
0
461,683
0
0
12,0487
0
0
0
0
0
823,539
0
0
0
0
694,894
0
0
0
0
0
0
0
0
774,986
0
0
0
201,732
0
0
90,0811
1000
0
0
0
0
0
1000
0
0
0
0
0
0
446,251
0
107,798
0
0
286,076
0
0
0
0
472,225
0
437,421
0
0
0
0
0
0
0
0
0
0
1000
1000
0
582,975
0
0
0
0
0
0
0
0
384,467
0
0
0
0
0
0
0
0
0
453,351
352,829
0
0
0
0
0
0
0
0
0
796,442
0
0
0
0
0
773,343
0
0
0
0
0
530,892
0
0
0
0
0
0
350,765
0
0
143,109
0
0
627,172
100,688
333,15
0
0
0
0
1000
0
0
0
1000
0
0
0
0
0
0
0
0
0
461,653
0
0
0
0
0
0
190,18
0
0
0
0
0
0
0
162,028
538,515
0
0
0
0
0
0
591,297
1000
0
0
55,8814
0
0
0
1000
0
0
0
0
0
0
1000
0
0
0
0
0
0
0
0
0
0
0
0
0
0
0
125,505
0
0
0
0
0
0
0
0
0
0
0
0
0
0
0
0
0
1000
0
0
764,462
0
0
0
0
0
0
0
0
54,5016
0
0
0
0
0
757,015
0
0
0
0
0
0
459,546
0
0
268,009
0
0
0
0
713,845
0
0
0
0
0
0
0
0
7,90478
0
85,2271
0
0
0
0
0
0
0
628,8
352,508
1000
0
0
0
0
0
0
0
0
0
782,748
0
0
0
0
0
0
0
0
0
506,136
0
0
777,394
0
0
0
0
0
0
0
0
0
0
0
0
0
382,403
0
0
0
0
0
0
0
0
0
0
0
0
0
0
0
0
0
0
67,4048
0
16,5517
0
0
21,4295
0
0
0
699,411
0
0
0
0
0
0
57,2702
0
0
0
0
0
0
0
0
0
0
1000
560,579
0
0
0
0
428,721
0
0
0
1000
0
0
773,771
0
0
0
0
0
0
0
167,252
0
0
0
1000
0
0
449,795
0
0
0
0
0
0
0
179,169
0
0
0
0
0
0
0
0
0
0
0
0
0
0
0
0
0
0
0
317,67
0
0
598,327
741,495
0
0
0
0
756,821
0
0
0
0
0
745,546
0
0
0
1000
0
1000
0
0
0
0
0
0
0
0
0
0
0
0
0
245,252
0
0
0
0
0
0
0
0
0
0
0
0
0
0
0
0
0
0
0
0
0
0
166,928
0
0
0
0
0
0
0
540,968
0
0
0
0
0
0
0
0
0
0
0
250,471
1000
0
0
0
0
0
0
0
0
112,509
1000
0
0
0
0
0
0
540,331
0
0
0
0
0
0
0
0
0
0
0
0
0
0
0
0
0
0
0
0
0
0
0
104,584
0
0
0
0
0
0
0
0
0
0
0
0
0
345,583
0
0
0
0
0
594,816
0
0
0
0
1000
742,943
0
237,418
0
72,0709
0
0
361,917
0
785,102
0
0
0
0
0
0
0
0
0
0
0
57,1869
310,561
0
0
0
0
0
0
773,064
0
0
0
0
0
1000
0
0
0
0
0
0
0
0
0
0
579,039
0
0
0
0
0
0
0
0
0
0
0
0
0
0
0
0
0
0
0
0
0
0
0
0
0
0
768,07
84,9858
224,211
0
0
0
0
0
0
0
0
0
0
0
0
0
0
0
0
1000
278,515
0
0
0
0
0
0
0
0
244,897
155,737
16,3523
0
0
0
336,601
316,762
0
0
0
0
0
196,159
0
0
0
1000
0
0
0
0
0
0
725,292
0
436,414
0
0
0
0
375,32
0
0
0
674,797
0
0
0
613,675
0
0
439,971
0
27,543
0
0
0
0
0
0
0
0
0
0
0
0
0
0
0
0
738,539
0
0
0
0
0
67,4855
471,364
0
0
0
0
0
0
0
0
0
0
0
0
0
0
0
0
0
0
362,364
0
0
0
0
0
0
0
0
0
0
0
0
0
0
0
0
0
0
0
0
0
580,064
0
0
0
0
0
0
0
0
0
0
0
0
0
0
0
0
0
0
0
1000
0
0
106,536
0
0
50,2709
0
0
0
0
0
0
0
0
0
0
0
0
0
149,326
0
0
0
0
0
0
867,837
0
0
0
0
795,948
0
1000
1000
0
0
0
0
0
0
0
0
0
0
298,453
0
0
0
0
785,57
0
0
0
0
0
0
0
0
0
0
0
0
0
0
0
1000
0
0
0
694,268
0
34,0285
0
0
295,022
0
0
357,944
0
0
337,51
0
0
0
1000
0
0
0
0
0
211,473
0
0
0
0
0
723,525
0
0
0
0
0
0
0
0
1000
0
0
0
0
0
0
194,509
0
0
0
265,208
0
0
0
0
0
0
0
147,565
0
0
67,8577
0
0
0
1000
0
0
0
705,647
0
0
0
0
0
0
0
0
0
0
0
63,7505
0
0
0
0
0
0
0
0
0
0
0
0
0
0
0
0
0
0
1000
0
423,588
0
0
0
0
0
0
1000
0
0
0
420,363
0
171,292
0
0
0
0
0
0
87,4074
0
0
0
0
753,543
0
0
196,426
789,311
0
0
0
0
0
0
0
0
0
709,502
791,861
0
0
0
0
0
0
0
0
0
0
0
0
0
0
0
0
0
0
0
0
0
755,485
0
0
0
0
0
0
0
0
0
0
0
0
0
0
0
0
1000
0
0
0
0
0
0
0
0
0
0
0
0
0
0
0
0
0
0
0
0
0
0
0
679,418
0
0
0
0
339,918
0
0
0
0
0
791,102
0
0
0
0
260,792
0
0
0
0
0
0
0
0
0
0
0
800,716
0
0
0
0
0
0
0
0
0
0
0
0
0
0
0
0
0
0
312,872
1000
0
0
0
0
0
367,782
0
254,778
0
0
319,131
0
38,3146
0
0
0
0
0
0
288,884
0
0
0
0
0
0
0
0
0
0
0
0
0
0
1000
0
0
0
0
742,201
0
0
0
0
0
0
0
0
0
0
0
0
0
0
0
0
0
0
0
0
0
0
0
112,601
0
15,0474
0
0
0
0
716,907
0
0
0
0
0
0
0
0
0
0
0
0
70,358
0
764,111
0
668,234
0
0
454,34
1000
538,195
1000
0
0
0
4,30784
0
0
293,354
1000
10,9564
0
0
0
1000
0
0
0
0
0
0
0
0
0
0
0
0
0
0
0
0
0
0
0
0
0
0
0
0
0
43,0772
0
0
0
0
0
0
0
0
0
0
0
0
110,08
0
0
0
0
0
0
0
0
783,252
0
0
0
1000
0
0
403,418
0
0
0
116,184
164,61
0
0
0
0
0
0
0
0
380,925
0
0
0
0
0
0
0
0
0
0
0
0
0
1000
0
808,72
0
1000
0
153,246
0
0
0
0
0
0
0
0
332,594
0
0
144,513
0
214,145
0
0
0
0
0
254,819
0
0
0
0
0
0
0
0
1000
0
1000
0
0
668,535
1000
0
0
0
0
0
299,474
0
0
0
0
1000
300,242
0
0
0
0
0
0
0
0
1000
0
0
223,859
0
0
0
0
143,788
502,934
0
0
341,05
1,46547
0
0
0
0
0
0
739,639
0
489,596
0
542,071
397,546
0
0
0
201,368
0
0
0
722,772
0
0
0
0
0
787,104
0
0
1000
0
0
0
0
0
201,075
0
0
0
0
0
0
0
0
0
0
0
1000
0
0
0
0
0
0
0
0
0
786,041
0
0
289,981
0
0
750,619
768,648
0
0
0
0
0
0
0
394,274
0
0
0
0
0
0
0
0
0
0
0
430,169
0
235,398
0
91,3747
0
0
0
0
0
0
0
0
0
0
0
749,947
0
0
741,906
0
0
0
774,35
127,592
0
0
0
0
306,293
0
0
0
0
0
244,59
0
0
0
0
0
71,4511
0
777,295
0
889,049
0
0
0
0
0
0
0
0
0
0
0
0
605,739
0
0
1000
790,355
0
1000
0
0
0
0
0
602,624
0
0
0
779,241
0
0
0
0
0
0
0
0
0
0
489,958
0
0
1000
0
0
1000
0
0
1000
0
0
452,144
0
0
0
0
189,994
0
334,819
215,817
0
0
196,465
0
0
0
1000
0
0
0
0
0
114,045
0
0
0
1000
0
0
0
0
0
0
0
0
0
711,756
0
0
0
0
0
0
0
0
0
0
0
0
766,246
0
0
0
0
0
0
589,318
160,765
0
0
0
0
0
0
794,621
0
36,368
0
0
0
0
0
751,846
0
0
0
1000
371,94
0
0
0
0
329,899
0
0
0
494,317
141,103
0
0
0
207,21
0
0
0
364,625
0
466,863
0
0
0
0
0
0
154,386
0
776,062
1000
0
0
0
45,2116
0
0
0
427,5
0
0
0
0
0
0
0
0
0
0
0
0
0
0
55,9267
0
382,528
0
0
0
0
0
721,554
0
0
0
0
0
0
0
0
0
0
65,8076
272,455
0
0
0
0
0
0
0
0
0
0
1000
0
0
0
0
0
0
0
0
0
0
0
0
737,891
0
0
0
0
0
0
0
0
0
367,867
0
0
541,093
0
0
1000
301,795
0
0
0
375,171
795,052
788,738
0
107,752
0
51,871
0
0
0
0
0
0
0
0
474,428
0
0
0
0
0
0
597,223
0
622,77
0
0
0
0
0
0
0
0
0
0
0
0
0
0
0
0
779,452
217,241
0
0
0
0
0
1000
0
0
113,996
496,511
296,739
0
0
0
0
0
0
1000
0
165,038
0
0
0
359,879
219,364
0
0
0
0
0
0
0
224,695
0
1000
0
0
563,768
0
0
0
0
0
0
0
1000
0
0
0
0
0
94,9079
1000
0
0
0
0
0
0
0
0
156,973
355,359
0
0
144,838
0
0
0
0
0
0
0
0
0
0
0
0
0
0
1000
0
0
1000
0
0
770,34
0
0
0
0
0
0
0
0
0
0
0
0
0
208,01
0
0
0
0
0
0
282,223
0
0
0
0
213,107
0
0
0
0
0
15,0598
0
0
0
0
0
0
0
0
0
0
0
0
0
235,823
0
0
0
909,044
1000
0
0
0
0
386,732
0
0
0
0
779,636
0
0
0
0
0
0
0
0
357,664
0
0
0
0
0
0
0
0
0
0
0
0
0
396,591
0
0
0
0
0
0
0
0
0
574,482
204,447
28,3873
698,186
0
0
0
0
0
0
0
0
1000
1000
0
0
0
0
0
0
0
872,647
0
0
0
0
0
452,954
317,347
0
0
1000
415,012
765,589
0
0
0
0
0
0
0
0
0
0
0
0
0
0
0
0
0
0
0
0
0
0
0
0
0
0
0
0
0
473,334
456,097
0
817,686
0
0
362,85
0
0
0
0
0
0
0
549,05
0
0
0
0
0
0
0
0
0
1000
0
0
0
1000
0
0
0
0
0
323,57
0
0
443,255
329,472
0
0
0
0
777,941
0
0
0
0
0
0
0
0
0
0
0
0
282,582
0
0
0
0
544,014
0
0
0
0
0
0
325,452
0
0
0
362,302
0
0
0
0
0
0
0
0
0
0
551,138
508,188
0
0
0
0
0
0
0
90,7618
0
0
0
0
0
0
0
222,145
277,378
22,072
0
0
0
0
0
0
0
0
0
76,3753
0
0
0
0
177,839
0
0
308,965
36,5596
0
0
0
0
0
0
0
0
0
0
350,021
0
0
0
0
0
0
0
0
0
0
0
0
0
0
0
0
0
386,475
0
0
0
710,129
776,498
1000
0
0
0
0
0
0
0
0
0
745,34
0
0
375,733
0
0
0
0
1000
563,221
0
307,968
157,251
0
0
0
0
0
0
0
454,415
325,662
0
0
0
0
0
0
0
241,66
0
0
0
0
0
0
1000
0
0
0
1000
0
1000
366,813
561,521
0
0
0
0
0
0
0
0
0
724,116
0
0
0
0
0
0
0
0
0
0
0
429,326
273,772
0
576,079
0
0
223,827
217,645
0
0
0
0
0
0
0
0
0
0
0
0
1000
0
0
0
0
0
0
0
0
0
0
206,413
0
0
0
687,687
1000
68,6432
0
0
0
0
0
580,485
0
0
0
1000
0
0
0
0
0
0
0
0
0
0
0
0
0
0
0
0
0
0
618,264
0
0
0
0
0
0
0
0
0
0
0
0
1000
0
0
1000
0
0
0
0
0
0
0
0
0
0
0
0
0
0
0
1000
0
0
726,941
0
0
0
0
0
0
140,62
0
0
144,599
360,741
0
0
0
0
0
0
507,846
0
214,636
0
0
0
688,556
0
0
0
0
0
0
96,8173
0
0
0
0
0
0
0
106,81
146,728
0
0
0
0
0
0
0
0
0
0
0
0
0
0
0
0
0
0
0
0
0
0
0
0
1000
0
0
0
0
0
0
0
0
0
712,011
0
0
0
338,377
413,603
0
546,347
0
0
0
1000
0
191,941
675,858
0
0
0
499,136
0
0
0
0
0
630,603
0
0
252,16
0
0
0
0
0
0
0
0
0
0
0
0
0
0
0
0
2,62265
0
0
756,576
791,793
0
0
0
0
0
0
0
1000
0
0
543,849
0
0
0
0
0
0
0
0
0
332,577
0
0
550,943
0
0
0
0
0
0
0
0
0
0
0
629,082
0
0
107,742
0
0
0
563,535
0
1000
0
0
0
0
0
0
78,1569
0
0
0
0
0
0
0
0
0
0
0
0
0
0
0
0
0
0
0
0
95,6988
0
0
0
0
0
0
0
0
1000
431,537
0
0
0
0
0
0
0
0
0
0
0
0
0
0
472,456
0
0
0
99,0857
0
0
0
0
0
0
0
0
0
0
0
816,85
0
0
0
0
0
0
0
0
0
0
0
0
0
0
0
0
0
0
0
10,0328
0
0
0
0
0
0
0
0
0
235,838
0
0
1000
0
38,6306
0
0
0
0
1000
0
596,41
1000
0
0
0
164,716
185,999
0
0
0
0
1000
0
0
0
0
0
0
0
0
0
807,105
0
0
0
0
0
0
155,957
0
0
0
0
467,546
0
0
0
0
0
0
0
0
0
0
0
0
1000
0
0
0
0
0
0
0
0
0
0
0
0
0
649,703
0
0
0
0
0
0
143,949
0
0
0
794,8
0
0
0
0
1000
0
0
0
0
0
0
0
0
0
0
0
0
0
0
0
63,3544
0
0
0
0
0
0
1000
236,66
0
0
0
0
0
0
0
0
0
0
0
50,9585
0
0
0
1000
0
1000
0
631,239
0
607,776
205,565
0
0
0
0
0
0
0
0
418,443
0
0
0
0
556,333
0
0
0
0
0
0
0
0
0
0
0
0
1000
0
0
0
533,202
0
0
0
0
0
0
0
0
0
0
0
0
0
0
0
432,558
0
1000
0
0
0
0
0
44,8356
0
0
0
0
0
0
0
0
0
517,672
0
136,045
0
0
0
1000
0
0
0
0
0
0
0
0
0
0
0
0
1000
0
0
0
0
0
286,089
0
1000
0
0
0
66,7306
287,71
224,733
0
0
0
876,6
0
0
1000
0
0
0
0
0
310,01
0
0
0
0
0
0
0
0
263,98
0
745,804
0
0
1000
0
0
39,1828
0
0
0
0
84,7163
0
0
0
0
0
0
0
0
0
821,984
0
304,096
620,611
0
0
0
0
0
66,8195
0
0
0
0
758,879
0
0
0
1000
0
0
0
0
755,8
0
0
0
0
0
0
320,973
0
0
0
0
0
0
0
0
177,785
1000
0
0
1000
0
0
0
796,422
0
43,0002
0
628,19
1000
817,148
0
764,668
0
0
0
0
0
0
0
0
0
0
0
0
0
0
0
0
0
0
0
0
0
0
0
0
0
0
0
0
0
0
0
0
0
794,993
0
0
0
0
0
0
0
0
0
0
0
0
1000
0
0
0
0
0
0
0
0
152,737
0
42,889
0
0
0
0
658,709
736,809
768,548
0
670,931
0
189,008
0
0
0
0
237,787
0
0
0
0
0
0
0
0
364,151
0
0
0
0
0
0
0
0
0
0
0
0
29,0382
0
0
0
0
0
0
0
0
0
801,922
0
0
0
0
0
0
0
0
0
0
0
0
0
0
0
0
469,988
0
0
0
0
0
0
0
0
0
0
0
0
0
0
386,606
0
0
0
206,163
0
0
0
0
0
0
0
0
0
0
0
0
0
0
0
1000
0
0
0
0
1000
0
0
0
0
1000
0
0
0
0
0
0
0
0
0
0
1000
0
0
1000
0
0
0
0
575,272
0
0
0
0
0
0
0
0
0
0
0
0
0
0
0
1000
0
0
0
0
0
0
0
0
1000
0
0
0
0
0
0
0
743,983
0
0
154,797
0
0
0
0
0
0
1000
0
396,853
0
223,503
0
0
335,365
0
0
0
0
0
0
0
0
0
0
1000
0
0
0
1000
0
0
0
0
0
0
0
0
0
0
0
1000
0
0
0
0
0
0
0
0
0
0
0
0
0
0
0
1000
0
0
761,519
507,13
0
549,244
0
0
564,353
313,368
735,874
0
0
0
603,538
0
0
1000
0
25,8289
0
1000
1000
0
0
0
0
0
0
0
0
0
0
0
0
0
0
0
0
0
0
0
0
0
0
0
338,684
0
0
0
0
0
0
0
807,277
0
153,981
0
0
0
175,738
0
0
0
0
0
0
0
0
48,0303
0
0
0
725,663
0
0
158,196
427,954
0
0
0
0
54,634
73,716
0
0
0
0
0
0
0
787,969
0
0
562,809
0
0
547,209
0
462,754
0
0
0
0
0
0
0
0
493,796
0
0
0
0
0
0
0
0
0
0
0
0
0
0
0
0
0
0
393,151
0
0
0
0
0
1000
0
0
336,946
0
0
1000
0
256,863
0
0
0
0
0
0
0
0
0
0
0
0
0
0
0
0
0
0
0
0
1000
0
141,476
0
0
0
0
0
0
0
0
0
0
0
0
0
0
0
1000
0
0
0
0
500,313
0
0
0
77,0244
97,0493
0
0
291,382
0
345,993
0
0
0
646,264
0
0
0
747,552
0
0
749,588
0
0
0
1000
0
2,78479
582,072
0
0
154,139
0
0
0
0
0
0
0
0
0
0
0
631,141
0
0
0
0
0
0
0
0
0
29,6782
0
0
1000
0
0
0
0
0
0
0
793,672
0
0
0
0
0
0
0
0
0
0
0
0
0
0
0
0
0
0
1000
0
0
0
0
0
0
0
0
0
0
0
0
0
0
44,7238
0
374,303
0
0
0
0
810,855
0
0
0
0
0
0
761,011
0
0
0
0
0
0
0
0
0
0
475,641
0
520,041
0
0
75,7173
1000
0
0
0
0
172,857
0
274,781
0
0
379,463
0
0
0
0
0
0
0
0
0
0
0
0
0
0
0
0
0
0
0
0
0
0
13,6644
0
0
0
0
0
0
0
0
0
0
0
116,736
0
0
0
0
45,7932
0
0
0
0
97,4129
0
0
0
1000
0
0
106,979
0
0
0
201,588
147,597
0
0
0
0
288,008
0
0
252,434
0
0
0
758,644
0
0
0
0
0
0
0
0
79,2042
0
0
0
0
783,169
402,797
0
0
0
0
0
0
0
0
0
327,982
0
0
0
0
0
1000
0
0
1000
0
774,323
728,805
735,952
462,287
1000
0
7,5572
217,154
0
0
0
790,682
1000
0
0
0
0
0
0
0
707,75
0
228,159
0
0
795,657
0
0
0
0
724,913
0
180,341
0
0
0
0
0
0
0
0
0
0
0
0
201,113
0
0
0
108,585
0
0
0
0
752,474
0
319,909
675,898
0
0
0
0
0
0
0
0
0
0
1000
0
0
1000
0
0
0
688,621
0
0
0
0
0
0
0
0
0
0
87,2838
0
0
0
0
0
0
0
466,897
0
0
0
0
0
82,3838
0
0
0
0
0
0
1000
0
0
0
0
0
0
0
537,876
0
0
0
0
0
0
126,045
1000
0
0
0
0
0
0
0
1000
0
0
0
0
0
0
0
0
0
0
250,528
0
0
0
484,144
0
0
692,04
0
0
0
0
0
0
0
325,364
0
0
0
0
0
0
0
0
0
0
1000
0
0
0
0
0
0
0
0
0
0
0
0
0
0
0
0
0
0
0
0
0
0
0
0
0
0
0
0
0
0
0
0
0
0
0
0
0
0
0
0
0
0
0
0
0
190,345
0
0
0
0
0
0
0
0
0
0
0
0
1000
0
0
1000
0
0
0
0
0
0
1000
1000
0
48,3299
0
356,62
0
0
0
0
0
0
0
0
0
0
0
757,743
0
0
0
0
0
0
0
1000
0
0
0
0
0
0
0
0
0
0
0
753,522
1000
0
0
0
0
1000
0
0
437,917
0
0
0
0
0
0
0
0
241,782
572,375
0
0
0
0
0
0
0
0
0
0
104,235
0
0
0
0
69,7049
0
0
0
0
0
121,254
0
0
0
136,952
0
132,004
524,917
0
0
0
0
738,735
0
0
0
0
0
0
0
0
0
627,865
0
0
387,578
309,177
0
0
0
0
0
0
0
0
0
0
0
0
0
0
0
0
0
0
0
0
0
223,304
0
0
0
460,864
0
0
1000
0
45,2434
0
0
0
0
0
93,3734
0
0
0
0
0
0
17,0218
831,597
0
0
0
0
0
0
0
0
789,182
0
0
0
0
0
0
0
0
534,772
0
0
0
0
0
0
0
0
0
0
0
0
195,803
0
0
0
0
784,903
0
0
0
0
786,244
0
0
0
0
0
0
0
0
0
0
0
269,046
0
0
0
0
0
1000
420,586
0
0
0
0
0
0
0
0
0
0
0
0
0
0
0
0
0
0
0
0
0
1000
753,631
0
1000
0
232,561
0
0
0
0
0
0
0
0
0
0
0
0
0
148,639
1000
0
0
0
0
0
0
0
0
0
0
0
0
1000
0
0
0
0
0
0
0
0
0
0
0
0
0
592,131
1000
0
0
0
0
615,664
0
0
0
0
0
470,312
0
0
0
0
0
0
0
528,71
0
0
0
0
349,338
0
0
0
0
0
0
0
0
0
0
0
0
0
0
0
0
0
0
0
0
0
0
0
0
0
0
0
0
0
0
0
0
0
0
0
0
0
0
0
27,1054
0
0
0
0
0
800,547
484,742
0
0
0
0
11,3454
0
1000
0
0
0
0
0
0
0
0
0
0
0
0
0
0
0
0
0
0
0
0
430,137
0
0
90,3122
0
302,459
0
0
0
0
0
0
0
0
0
0
0
0
0
0
0
0
0
0
0
0
0
0
0
0
0
0
0
0
0
0
0
0
790,094
0
0
0
0
0
0
0
0
586,618
0
155,508
0
0
1000
0
0
0
0
97,7279
0
0
0
0
0
0
0
0
761,935
0
0
0
0
311,834
0
0
0
292,368
0
0
0
0
0
0
0
0
0
0
0
0
768,716
1000
0
698,391
0
0
1000
0
0
0
0
0
0
0
0
0
0
0
0
0
686,548
0
0
0
0
0
743,365
0
0
0
0
67,5156
497,614
0
0
0
0
0
0
0
0
213,408
0
0
0
0
0
0
0
0
0
0
0
0
0
5,75866
525,194
0
0
0
0
121,51
0
0
0
0
0
0
0
0
0
0
0
237,653
385,929
0
0
0
0
253,652
0
0
0
0
0
365,53
0
0
567,492
780,676
0
0
0
0
0
0
0
0
0
0
737,615
0
0
0
0
0
0
0
0
0
317,797
0
0
0
0
747,29
0
0
0
0
0
0
0
0
0
371,693
0
0
0
0
0
0
0
0
0
0
0
0
577,099
0
0
218,016
0
0
0
0
0
0
0
0
0
0
292,501
0
0
0
0
0
536,138
0
0
0
0
0
1000
0
0
0
0
0
357,279
0
0
781,181
0
325,749
0
727,937
0
0
0
0
0
0
0
0
1000
0
0
1000
0
0
56,9287
0
0
755,826
0
0
0
0
438,296
0
0
0
0
335,484
0
0
0
0
0
0
0
0
0
693,771
0
0
1000
0
0
65,404
0
0
0
0
187,691
0
771,542
0
0
1000
1000
0
0
0
0
767,265
0
0
0
0
0
1000
0
446,1
263,489
0
1000
0
0
0
0
765,179
0
0
0
631,887
0
773,008
1000
0
0
0
0
0
0
36,4335
0
0
0
0
0
0
0
161,395
0
0
0
0
0
0
0
1000
0
0
1000
0
0
0
554,398
0
442,851
0
558,9
45,0443
0
0
0
0
0
0
0
0
259,422
0
0
0
0
0
1000
0
0
0
0
0
0
0
0
0
0
0
0
0
0
0
178,639
0
0
0
0
0
1000
183,216
0
0
0
0
0
0
0
562,388
0
387,29
0
0
0
0
0
0
0
0
0
0
0
0
0
460,258
0
0
0
0
0
0
0
0
0
0
0
0
0
0
0
0
0
0
0
0
0
0
0
0
0
0
0
0
0
0
0
0
1000
0
0
0
64,2401
0
0
0
725,023
133,125
0
241,848
0
0
0
0
0
0
0
0
0
0
0
0
0
0
0
0
0
0
0
0
0
0
0
0
0
0
1000
167,099
0
0
0
0
0
0
240,89
0
0
0
0
171,954
0
0
0
0
0
0
0
0
0
0
0
1000
0
0
0
1000
0
0
0
0
464,303
21,7442
311,447
0
0
75,6431
0
0
0
0
0
0
0
0
0
0
0
0
0
1000
0
0
39,1488
0
835,166
530,199
0
0
0
176,884
0
0
0
0
0
0
0
0
0
0
0
0
0
0
566,521
0
790,077
0
0
0
0
0
0
0
1000
0
0
0
0
0
773,898
0
0
0
0
0
0
0
0
0
0
0
0
0
0
1000
0
0
640,94
0
0
128,015
0
0
0
0
0
0
0
0
0
0
258,757
0
0
271,722
0
0
0
440,152
0
0
0
0
0
0
0
0
0
0
0
0
0
0
0
0
165,121
0
0
0
0
0
0
0
761,41
0
0
0
741,107
0
0
0
0
760,091
0
0
1000
31,7227
0
0
0
0
0
0
0
0
0
0
0
0
0
0
785,389
0
0
0
0
0
0
438,725
770,3
0
0
107,373
0
0
1000
0
1000
0
0
0
0
1000
0
1000
0
0
0
0
0
0
0
0
0
0
0
0
0
467,176
239,895
0
13,4322
0
0
428,37
0
0
0
0
0
0
0
516,604
0
1000
0
0
1000
0
0
0
0
0
0
0
0
0
0
370,382
0
0
447,718
0
0
0
0
0
0
0
0
0
0
0
0
0
0
0
0
0
0
0
0
0
0
0
0
0
0
0
0
429,262
214,254
127,177
0
0
0
0
0
0
0
0
0
0
0
790,908
0
0
0
1000
0
0
0
0
0
248,465
0
123,77
0
0
0
0
0
0
0
0
0
0
0
0
0
0
0
20,885
0
0
0
0
437,251
1000
1000
0
0
0
0
0
0
0
0
0
0
440,119
0
359,603
1000
0
0
0
0
0
0
0
0
0
0
0
0
119,741
0
0
0
0
0
0
0
0
0
0
0
0
0
0
0
0
0
0
0
0
0
1000
152,983
183,548
0
761,464
0
0
0
0
0
0
0
1000
772,4
0
0
0
0
0
374,632
0
0
0
28,7616
0
0
0
0
0
0
0
0
0
0
0
732,759
0
0
0
0
0
0
0
0
0
0
0
0
0
0
101,132
0
0
0
0
0
0
0
0
0
133,256
0
126,343
0
0
0
0
0
0
0
0
0
0
0
0
0
1000
0
0
0
0
0
0
0
0
0
0
0
0
0
0
0
0
1000
0
0
0
0
0
541,584
0
0
0
0
0
0
0
0
0
344,532
0
0
0
0
0
0
0
0
0
0
0
0
0
0
0
0
189,631
0
0
0
726,975
0
0
0
0
0
0
0
0
0
0
0
333,307
0
0
456,898
0
0
0
0
0
0
0
0
0
0
106,614
0
1000
0
0
0
787,519
0
0
0
0
0
0
212,139
0
0
0
0
0
483,027
0
0
0
0
0
0
0
0
0
1000
0
0
0
0
0
0
0
0
0
0
804,706
0
0
0
227,633
0
0
0
0
0
0
0
428,458
0
0
0
0
1000
0
0
0
0
0
0
0
0
0
392,731
0
0
0
355,728
0
0
0
0
0
0
0
0
0
0
0
0
0
0
0
0
0
0
0
0
0
0
0
0
0
0
0
0
1000
0
0
0
0
0
0
0
0
0
0
0
0
0
0
0
0
0
0
0
0
0
0
0
117,213
0
0
122,422
0
0
0
0
0
432,606
0
0
0
491,082
0
0
0
0
0
0
0
0
0
0
0
0
0
0
0
0
0
0
0
402,047
797,163
0
0
0
0
2,13438
0
0
0
0
707,413
0
0
0
1000
0
0
0
0
152,377
772,367
503,443
0
227,35
0
0
0
0
0
0
0
567,089
0
0
0
0
0
0
0
0
0
625,855
0
0
0
293,68
0
0
0
0
0
0
0
0
1000
0
0
318,91
0
713,489
228,335
0
1000
0
0
55,5262
794,187
771,292
0
725,791
0
0
0
115,754
0
0
0
0
0
0
0
0
0
0
0
0
0
0
0
0
0
0
0
0
0
0
0
0
0
0
0
0
0
0
0
0
0
0
0
0
0
355,418
0
0
766,821
0
0
0
0
0
324,837
369,42
0
0
0
0
0
1000
0
0
0
0
0
0
0
0
0
591,501
0
0
0
0
0
359,489
0
0
677,807
0
0
0
0
722,976
0
0
0
0
0
0
1000
0
0
0
0
0
0
0
0
0
0
0
0
0
746,266
1000
0
0
0
0
0
0
0
0
0
0
0
0
0
0
0
0
0
0
17,079
0
0
0
0
558,295
0
0
1000
0
0
0
39,2855
0
1000
0
0
0
0
0
0
543,231
0
0
116,373
0
760,114
0
0
0
0
0
0
0
0
0
0
0
0
0
0
0
0
0
0
0
1000
774,225
0
0
0
0
0
0
0
0
0
0
0
1000
0
0
0
0
0
1000
0
0
0
333,072
0
139,754
0
525,553
0
0
0
0
0
0
0
508,089
0
0
0
0
0
0
0
0
0
0
0
0
0
0
0
0
0
0
0
0
475,082
0
0
0
0
126,333
0
0
0
0
0
0
0
0
0
0
0
0
0
0
0
0
481,748
183,58
0
0
0
185,41
0
725,937
0
0
75,067
0
0
0
0
0
0
0
0
0
0
0
0
0
376,761
0
0
1000
0
0
0
0
1000
0
123,022
0
0
0
0
0
0
0
0
0
0
360,705
0
0
0
0
0
0
0
0
0
0
0
0
0
0
0
0
0
0
0
705,296
1000
0
1000
0
661,47
0
0
733,132
0
0
0
0
0
0
0
0
0
0
0
0
0
0
0
84,0594
0
0
0
0
0
0
0
0
0
0
0
0
0
0
0
0
0
0
0
594,829
0
0
0
0
0
1000
0
0
633,2
0
0
0
0
0
0
0
0
0
0
0
0
454,519
0
0
0
0
0
1000
0
0
0
0
0
0
0
0
0
0
0
0
0
0
93,4727
0
0
0
0
46,2142
0
0
0
0
0
0
0
0
0
0
0
0
643,887
0
0
0
0
0
0
0
0
0
1000
692,029
0
0
0
112,573
1000
0
0
0
0
0
0
0
777,235
0
0
0
0
0
0
0
0
0
0
1000
0
0
0
0
0
0
0
0
0
0
788,391
0
1000
0
0
335,867
779,539
0
0
1000
0
1000
0
0
0
829,485
0
0
0
0
0
0
0
0
0
831,702
0
0
0
0
0
54,0227
0
0
0
0
0
0
0
0
0
0
0
245,92
0
0
0
0
0
0
0
0
0
0
754,236
706,75
0
0
0
0
0
0
0
0
0
0
0
0
0
0
0
1000
226,173
1000
0
0
0
727,779
0
0
0
0
0
0
0
623,028
0
0
0
0
0
1000
0
0
0
681,536
0
0
0
0
545,891
0
0
0
0
0
0
0
0
0
0
0
0
0
0
0
0
0
0
0
0
0
0
0
0
245,58
0
0
0
0
0
1000
0
0
0
0
0
4,29153
0
0
0
0
0
0
0
0
0
0
760,159
0
0
0
0
0
0
0
0
0
0
412,028
0
0
0
0
0
0
0
0
0
0
0
0
0
0
0
0
0
0
0
1000
0
813,192
0
0
0
0
0
0
0
0
0
0
0
0
0
0
0
0
0
0
0
0
0
0
0
0
0
0
0
0
0
0
555,286
0
0
0
0
0
0
0
0
0
0
536,985
83,8057
0
759,524
0
399,815
0
776,64
0
0
0
0
0
0
0
763,862
0
0
0
0
0
0
0
1000
0
0
358,543
0
0
0
0
0
0
1000
0
0
0
1000
0
198,385
0
0
0
0
0
0
0
148,315
0
0
1000
0
0
0
0
0
0
0
0
0
763,094
0
0
0
0
0
0
3,19081
0
734,85
0
0
0
0
0
0
0
0
0
0
0
500,121
0
0
0
0
0
0
350,301
0
0
0
775,301
0
0
0
0
620,957
0
0
0
0
0
1000
0
0
0
0
0
1000
0
0
344,06
0
0
0
1000
595,137
0
47,8236
0
0
0
785,322
0
0
0
0
0
0
0
0
463,792
0
0
0
0
0
0
0
0
0
0
0
0
0
0
1000
0
0
0
178,001
0
0
0
0
0
0
0
0
0
0
0
781,448
0
260,891
0
0
0
0
0
0
0
0
1000
206,311
0
0
0
0
0
0
0
0
0
0
1000
0
0
0
0
0
0
0
1000
0
0
0
0
0
0
0
0
0
0
0
0
0
0
0
0
0
0
610,329
0
0
0
0
0
1000
0
0
0
0
0
0
0
0
0
0
0
0
0
0
0
0
0
0
0
783,217
0
0
0
0
0
0
0
0
0
0
0
0
0
0
0
0
0
546,715
0
0
0
767,855
0
737,094
0
0
61,8296
0
214,612
0
0
0
784,658
0
0
0,513842
780,626
0
0
0
0
0
0
781,801
0
0
0
0
1000
0
0
0
0
0
0
0
0
0
0
0
0
29,7903
1000
0
0
0
0
0
0
0
0
608,026
0
0
0
0
1000
0
465,444
0
0
0
0
0
0
0
0
151,931
0
0
0
0
0
0
0
0
0
566,13
791,493
0
0
0
0
0
64,0264
0
0
0
0
0
0
0
0
727,879
0
0
0
0
0
0
1000
55,1593
0
0
0
0
0
0
0
745,9
0
0
302,639
0
183,477
0
0
0
0
0
0
0
0
0
0
0
0
0
0
0
0
0
0
0
0
0
0
189,097
0
0
0
1000
0
0
0
401,607
0
0
0
0
1000
0
0
0
0
0
0
0
0
0
0
0
0
0
0
0
0
0
0
0
0
0
0
114,989
0
86,1928
0
0
0
0
0
652,19
0
0
0
0
0
0
0
0
0
0
0
0
535,561
0
836,435
0
0
0
0
32,1166
1000
0
0
0
0
0
0
0
213,659
0
1000
0
0
0
0
0
78,4162
0
0
0
0
0
0
0
0
0
0
0
0
0
490,651
0
516,915
0
0
225,972
0
0
0
0
171,839
1000
1000
0
0
0
0
0
0
0
0
0
0
0
0
1000
0
166,197
0
0
0
0
1000
0
0
0
0
0
0
774,091
0
0
0
0
0
0
0
0
0
0
0
0
0
0
0
0
0
0
0
0
0
0
78,892
504,878
0
0
0
518,533
0
0
0
0
0
0
0
0
0
0
0
0
0
0
0
0
0
0
1000
0
0
0
0
0
0
0
0
1000
0
0
0
0
0
0
0
0
0
1000
0
0
0
0
0
167,258
0
0
0
0
0
0
0
0
0
0
0
0
0
0
0
0
1000
0
0
0
0
1000
0
0
0
0
0
0
501,793
0
0
0
0
693,181
0
0
724,58
0
0
0
0
0
0
0
392,993
188,971
0
0
0
0
0
0
0
127,291
0
0
0
0
0
0
0
0
0
0
297,878
1000
0
0
0
0
695,063
0
0
0
0
0
0
147,257
0
0
0
187,807
257,654
0
0
0
0
0
0
0
0
0
0
0
0
0
0
0
0
0
0
0
0
0
0
0
0
0
0
0
262,174
0
0
0
0
1000
0
0
0
404,111
0
0
0
0
0
0
0
0
0
0
0
0
0
1000
0
0
1000
0
0
0
0
0
0
0
0
0
0,535509
0
0
0
0
365,819
0
0
105,12
0
0
0
0
0
0
0
0
0
0
0
0
0
0
0
0
286,267
0
0
0
0
0
0
0
0
0
0
0
0
0
0
0
0
0
537,419
0
0
0
0
46,0759
0
0
0
269,333
0
0
286,152
0
0
0
0
0
788,315
687,491
0
0
0
0
0
0
0
757,56
0
0
0
18,0898
0
0
0
0
691,003
0
0
0
0
0
0
0
0
0
0
0
0
0
0
0
0
0
0
0
0
0
0
0
0
0
0
0
0
532,705
0
0
0
773,26
583,264
0
1000
0
0
0
0
0
0
0
0
0
0
0
0
0
0
0
0
0
0
0
0
0
0
0
0
0
0
0
795,986
0
0
0
0
0
0
0
0
769,279
1000
0
0
0
0
0
0
0
764,964
0
316,727
510,703
0
213,969
0
0
0
0
0
0
0
1000
0
0
0
0
0
0
0
704,048
0
0
0
0
0
0
0
90,0529
0
0
0
823,84
0
414,388
0
0
0
0
0
0
0
0
0
0
0
0
0
0
0
0
0
0
0
122,025
0
0
0
1000
0
0
0
0
0
0
1000
0
0
578,496
0
0
0
0
147,444
0
0
127,332
430,346
0
723,42
0
0
734,025
0
303,057
0
0
0
199,197
0
0
0
0
0
1000
0
0
0
0
0
0
0
1000
0
0
0
0
744,552
0
0
0
0
0
0
0
0
0
63,5255
0
0
0
0
0
0
0
0
0
0
0
0
0
318,334
0
0
256,563
0
0
0
0
0
0
0
1000
0
0
151,421
0
0
0
0
0
143,396
0
0
0
0
1000
0
0
218,874
1000
0
0
0
0
0
0
0
0
1000
0
0
0
0
0
0
0
0
0
30,6297
0
770,04
18,7436
0
0
0
0
0
0
0
282,582
789,396
267,207
0
0
69,6471
0
0
0
0
0
0
0
0
0
0
0
0
0
0
0
0
0
1000
0
350,613
0
0
0
0
0
0
162,152
0
0
0
0
0
0
0
0
0
0
0
730,064
0
0
268,338
0
0
0
213,224
0
0
0
0
0
0
80,7797
0
0
1000
0
0
0
0
0
0
0
1000
0
0
0
1000
0
104,97
0
0
0
0
0
0
0
0
0
0
0
0
0
0
0
0
0
1000
0
0
0
0
0
40,3767
0
0
0
0
0
0
0
0
0
0
0
0
0
35,1162
0
0
0
0
0
0
0
0
0
0
1000
0
0
0
26,9156
596,314
0
0
0
1000
0
0
0
0
0
0
0
583,918
0
0
0
0
0
0
0
0
0
0
0
0
0
0
0
0
0
0
0
0
0
312,929
0
336,785
0
0
74,273
47,9297
0
0
0
387,691
0
0
0
0
0
0
756,226
0
1000
0
545,617
0
293,992
0
0
0
0
0
0
0
588,632
0
0
0
0
0
0
0
0
0
0
0
0
0
0
0
0
0
0
0
0
0
275,949
0
0
0
0
0
0
0
0
0
1000
0
0
0
0
0
529,943
0
0
0
0
360,552
0
0
0
0
562,707
0
0
519,554
455,459
0
0
0
0
0
0
0
0
0
436,043
0
0
0
0
0
0
781,802
0
0
0
284,169
0
0
1000
0
0
0
0
387,071
0
0
0
0
0
0
0
0
0
812,81
0
0
0
0
0
778,005
0
0
0
0
368,497
849,887
0
0
0
0
0
0
0
0
0
0
0
0
0
186,335
0
157,936
0
0
0
0
548,859
0
0
0
0
0
291,033
0
0
324,379
0
0
0
0
0
0
0
587,625
0
0
745,87
0
0
0
0
0
0
0
296,468
0
0
0
0
0
0
102,661
231,534
0
0
1000
0
0
0
0
0
0
0
0
0
0
0
0
0
0
0
0
0
0
0
0
0
0
293,668
0
0
0
0
0
0
399,798
0
0
0
0
0
0
0
0
0
0
0
0
0
0
0
0
0
0
0
0
284,613
0
0
0
0
0
226,867
0
0
0
0
0
0
0
0
694,974
0
0
0
0
0
0
0
0
0
0
741,368
692,319
0
0
24,3795
0
0
0
1000
0
0
0
0
0
0
0
0
0
0
0
0
24,7749
0
1000
141,521
0
0
0
0
0
9,65391
0
0
0
615,181
0
0
0
0
0
0
0
0
0
0
0
0
0
0
0
0
540,734
0
138,669
0
431,341
0
0
1000
0
0
0
0
0
1000
0
451,958
0
0
0
0
0
0
0
0
0
0
246,097
1000
0
1000
0
0
0
0
0
0
0
0
0
0
0
0
0
0
0
0
0
0
470,034
0
0
0
0
137,496
0
0
0
0
32,6605
0
0
0
348,927
0
0
0
0
0
0
0
0
0
0
0
0
0
0
0
0
0
0
0
296,96
0
0
0
0
0
0
0
0
0
0
0
0
0
729
0
0
0
1000
0
0
0
1000
0
0
624,73
0
0
0
0
0
0
0
0
0
0
0
0
0
0
0
0
0
0
0
0
0
1000
0
0
0
0
0
0
0
0
1000
0
105,012
0
0
0
1000
0
0
0
0
0
0
8,28767
0
0
0
0
347,006
0
0
0
0
47,5444
0
0
0
0
0
0
0
0
547,354
0
0
0
275,473
0
743,277
0
0
0
0
0
0
0
0
0
1000
0
0
0
753,478
0
0
0
0
0
307,365
0
0
0
0
0
0
0
0
0
0
0
0
772,625
0
0
0
73,7933
0
0
0
0
0
0
0
0
0
0
0
0
0
0
1000
0
0
0
429,294
0
0
0
0
610,359
0
0
0
0
0
0
0
0
0
0
0
0
0
292,705
0
1000
0
0
0
0
0
0
0
0
0
0
0
0
1000
0
0
0
0
0
838,041
0
0
0
0
0
0
0
0
0
0
0
0
308,133
0
0
0
384,278
0
0
0
688,159
0
0
0
0
0
0
0
0
0
0
0
0
0
1000
0
27,7369
0
0
0
0
0
0
1000
505,493
0
0
0
0
0
0
0
0
0
0
0
0
0
0
0
0
0
0
0
0
10,238
0
0
0
0
0
0
0
0
0
0
0
0
17,3047
460,763
0
0
0
607,031
0
0
1000
0
0
0
0
0
0
0
0
0
1000
0
0
0
0
0
0
0
0
0
0
0
0
0
776,884
0
0
240,765
0
0
0
282,329
0
257,502
0
164,008
0
0
0
0
0
0
0
303,433
0
0
0
0
0
0
0
0
0
0
0
604,195
0
0
0
675,784
0
0
0
0
494,008
683,223
687,753
0
1000
0
0
0
0
0
0
74,9373
0
0
0
0
408,365
0
0
1000
0
0
0
0
44,1137
0
177,132
0
0
746,686
1,06092
742,744
0
1000
0
0
0
0
708,164
0
367,586
0
0
0
0
0
95,7427
0
23,4256
0
0
53,2595
0
0
0
0
0
0
716,17
0
0
0
0
180,283
614,784
0
488,254
0
0
0
1000
0
0
0
0
0
0
0
0
0
0
0
0
0
1000
0
0
0
0
251,992
842,202
1000
0
0
0
0
0
0
548,929
0
0
0
0
0
0
0
275,324
1000
505,192
0
0
0
0
0
0
0
0
0
0
0
0
0
0
27,9942
0
0
0
0
0
0
0
0
0
0
0
0
0
0
0
0
0
0
0
689,54
0
0
0
0
0
0
600,483
7,40803
0
0
0
0
0
0
0
0
0
0
0
719,933
0
0
0
0
0
0
0
0
0
0
0
0
792,584
0
0
0
0
0
0
0
0
0
0
0
0
1000
839,801
0
0
0
0
0
0
0
1000
0
0
257,183
0
0
678,721
0
0
0
0
0
329,831
0
0
0
0
0
0
0
0
609,756
119,618
0
0
0
0
0
0
0
1000
0
0
0
0
0
0
0
318,001
0
0
0
0
0
0
574,74
0
0
0
0
1000
0
0
1000
0
0
0
0
0
0
0
0
0
0
0
0
0
200,098
0
0
0
0
0
0
1000
264,764
0
0
0
0
0
0
0
0
0
0
0
0
0
0
0
0
0
0
0
0
0
0
0
0
533,58
0
0
0
0
0
376,519
0
0
0
139,557
0
0
0
0
0
0
0
0
767,905
0
1000
0
0
0
0
0
0
0
0
0
0
0
0
0
0
0
0
0
0
0
0
0
0
0
0
0
0
0
0
0
0
0
0
0
408,494
0
0
0
0
755,98
0
0
1000
0
0
767,27
0
0
0
0
0
0
0
0
189,363
381,488
0
0
0
0
1000
0
0
0
0
0
0
0
0
0
0
0
0
0
0
0
0
0
0
0
0
0
364,622
0
0
0
128,738
1000
0
0
0
0
0
0
622,484
0
783,294
0
0
0
0
0
0
0
0
0
0
0
56,8207
1000
0
0
0
0
0
0
0
0
0
0
279,431
0
0
0
298,456
0
0
0
0
0
0
0
0
0
742,416
0
0
0
0
0
0
0
0
0
0
0
0
0
0
0
0
0
0
56,4767
795,127
0
0
0
350,607
0
0
0
119,949
0
0
1000
0
0
0
0
0
0
0
0
0
0
0
0
0
0
1000
0
0
0
0
0
1000
0
0
513,431
0
246,781
0
0
327,364
0
0
0
0
0
0
0
0
0
0
1000
0
0
0
0
399,275
1000
0
0
0
357,692
0
741,256
0
0
0
0
0
847,646
0
0
0
1000
1000
0
0
135,273
0
0
0
0
0
1000
0
135,957
186,544
0
700,411
0
0
0
263,703
0
0
1000
768,654
0
348,745
0
368,972
0
0
0
0
774,262
0
0
0
1000
0
0
0
0
0
0
0
579,702
0
0
0
0
693,315
0
0
0
1000
759,765
0
0
0
0
0
133,287
0
507,885
0
0
0
0
0
0
0
0
0
0
0
0
0
460,13
0
0
0
0
0
0
0
0
0
0
313,524
0
172,641
0
0
0
0
287,7
0
1000
0
0
0
0
27,116
0
0
0
0
510,104
0
0
0
0
0
0
0
0
0
1000
0
1000
0
0
629,241
0
0
0
0
0
0
1000
0
0
0
0
0
0
0
0
1000
0
0
105,385
0
0
0
0
0
460,124
0
0
0
0
523,172
0
0
0
0
0
0
0
0
0
1000
0
0
26,8548
0
28,0807
0
0
0
0
0
0
0
0
0
0
0
0
567,173
0
0
0
0
0
0
0
0
0
0
0
0
0
0
555,061
1000
0
0
0
0
0
0
0
0
44,9978
489,932
0
0
332,923
0
11,1952
0
0
0
784,661
0
0
0
0
542,288
0
191,673
0
0
0
402,097
0
0
0
0
0
0
0
0
0
0
0
15,6996
0
0
0
0
0
0
0
0
1000
0
0
0
0
0
0
0
0
440,679
0
827,97
0
0
0
0
0
0
396,538
0
0
0
0
0
787,211
0
82,0019
0
0
0
1000
0
394,701
359,845
0
201,134
0
0
0
0
0
0
0
0
0
0
0
0
0
0
0
0
0
0
0
187,598
0
0
1000
129,133
0
0
0
0
0
0
0
0
222,473
0
0
268,391
0
0
0
0
0
0
0
0
0
1000
684,337
0
338,733
0
0
0
0
0
0
53,6483
0
0
0
0
0
0
0
0
0
0
0
0
0
0
0
0
536,244
0
0
0
0
0
0
0
0
0
0
0
0
0
0
0
0
0
0
257,173
0
0
0
0
0
0
107,659
0
0
0
0
431,896
0
0
0
0
0
0
0
0
1000
790,237
0
0
0
0
0
0
715,509
0
1000
0
34,1986
1000
0
0
0
0
0
0
0
0
0
0
0
0
0
0
0
0
0
0
0
0
0
0
0
0
0
0
0
0
0
0
0
0
0
0
0
0
0
0
0
0
87,7344
0
0
0
0
0
327,042
0
0
0
0
0
781,805
0
0
0
0
0
0
0
0
134,223
0
0
0
0
0
0
0
0
0
0
0
0
766,104
568,57
0
0
0
0
0
0
550,063
0
805,717
0
0
0
0
0
0
0
0
0
674,505
0
0
0
0
0
0
66,622
0
0
0
0
0
0
0
0
1000
0
0
240,982
0
0
0
0
0
0
0
0
0
0
147,994
0
106,939
0
160,201
0
0
0
180,129
0
610,113
0
0
1000
0
0
0
0
0
0
0
789,302
0
0
754,425
0
0
0
0
0
659,095
0
0
0
0
689,99
320,753
0
0
0
0
0
0
0
0
534,948
1000
0
0
0
0
0
0
0
0
0
0
0
0
0
0
618,718
0
0
0
0
0
0
0
0
0
0
614,213
0
0
474,328
0
0
0
287,946
0
0
0
0
0
0
0
0
160,771
0
0
0
250,906
0
0
0
1000
0
310,098
471,677
0
0
0
0
0
0
0
0
0
0
0
0
0
0
0
0
0
0
0
1000
0
0
0
0
0
0
0
205,487
0
0
0
0
0
0
0
0
0
0
0
1000
0
0
0
0
0
0
0
347,178
0
0
0
0
0
0
0
395,377
0
0
0
0
0
0
0
0
0
0
0
0
792,821
0
0
0
0
0
1000
0
804,857
0
0
0
0
0
0
0
0
0
372,328
18,5612
0
0
0
0
0
0
734,311
0
0
0
369,56
501,384
0
1000
0
0
0
0
0
1000
0
0
0
689,731
509,014
0
0
0
1000
0
0
0
0
0
0
0
0
0
733,075
301,356
0
432,504
0
0
0
0
581,715
0
0
0
0
146,409
592,017
0
0
0
0
0
0
0
0
0
0
348,308
0
0
0
0
0
1000
0
0
0
0
0
0
688,305
0
0
0
373,534
0
0
0
0
0
0
0
0
412,47
0
0
1000
0
0
0
0
0
1000
0
433,63
0
0
0
0
81,6646
0
0
0
0
0
1000
0
0
604,18
0
0
0
785,292
0
0
0
590,183
0
0
0
142,228
0
0
0
1000
0
0
0
0
0
0
39,5521
0
0
0
1000
1000
520,623
0
0
0
0
1000
0
0
0
0
0
578,404
0
0
0
0
0
0
0
0
0
0
0
0
0
0
0
779,325
0
0
0
152,606
0
0
0
386,422
0
0
0
394,192
0
456,029
0
0
0
0
291,716
0
1000
0
1000
0
537,537
0
0
0
0
0
173,609
0
0
269,91
0
0
0
0
0
1000
0
0
0
0
0
0
0
761,983
0
278,183
0
84,5237
0
0
0
310,182
0
0
0
0
0
0
0
0
0
0
0
0
0
0
0
0
0
0
0
500,175
0
0
0
0
310,914
0
0
0
0
0
0
0
0
0
0
0
486,284
0
0
0
0
0
0
0
0
0
0
0
0
0
286,312
0
0
333,356
0
0
0
0
0
1000
94,5796
0
0
0
0
0
0
0
0
0
0
0
0
371,894
0
0
0
0
0
0
0
0
0
0
0
0
0
0
558,203
0
0
0
0
0
487,939
0
0
0
0
0
0
741,218
0
0
296,812
0
0
0
0
0
0
0
0
0
0
0
0
0
18,8711
751,827
706,609
0
1000
424,073
0
0
0
0
645,389
0
1000
0
0
0
0
0
0
0
0
0
0
0
0
0
0
460,436
0
0
0
1000
0
0
0
174,766
0
0
531,099
321,7
0
0
139,035
0
0
0
0
0
0
0
0
0
1000
0
0
0
0
390,236
0
0
518,038
0
0
0
0
0
0
0
833,167
0
0
168,168
0
1000
0
0
0
0
0
0
0
0
0
0
0
0
0
0
617,813
0
0
20,0835
329,015
0
0
0
110,757
571,443
0
0
0
0
0
1000
0
1000
0
0
0
256,513
0
270,786
0
0
0
0
0
0
0
0
0
0
0
793,99
0
0
0
0
0
0
0
0
0
0
0
0
0
1000
0
0
84,8954
0
0
0
0
0
0
0
0
0
0
0
0
0
0
0
0
0
0
0
0
0
772,193
177,136
0
0
0
0
0
1000
0
0
0
1000
0
0
0
0
0
714,657
0
729,87
0
0
0
0
0
0
0
696,805
0
0
0
0
1000
0
0
0
0
0
0
0
0
0
0
0
0
0
0
0
0
0
0
0
0
0
0
0
0
0
1000
0
0
0
0
0
0
0
0
0
0
0
0
0
0
686,68
0
306,087
0
0
0
0
0
7,85594
0
0
0
176,035
0
0
0
0
0
0
0
0
0
784,715
0
0
0
0
759,329
0
0
1000
0
355,075
0
0
0
0
0
0
42,216
775,833
0
0
0
0
0
1000
0
0
0
0
0
777,243
0
0
0
0
0
0
0
0
706,316
0
0
0
0
0
0
1000
0
0
19,6281
0
0
0
0
0
0
0
0
0
0
0
0
0
460,313
0
913,684
0
0
548,205
0
0
0
0
0
0
0
0
647,989
0
0
0
0
121,106
0
754,286
0
0
0
0
0
0
0
0
0
0
0
1000
0
16,6271
0
0
0
0
0
128,58
0
0
0
0
0
0
0
0
0
1000
501,834
370,651
0
0
0
0
0
0
0
0
0
0
0
0
0
0
0
793,275
0
710,334
410,127
0
0
0
0
1000
0
0
0
0
0
0
0
0
0
0
0
0
0
0
0
0
0
0
0
0
0
0
0
0
0
0
130,751
602,587
0
0
0
142,759
0
0
0
0
0
0
370,033
0
0
0
0
0
0
0
0
0
0
0
0
0
0
367,009
0
1000
0
0
224,846
0
0
0
377,583
1000
0
0
0
0
1000
0
0
0
0
0
0
0
0
0
0
0
0
0
0
0
0
0
0
0
0
0
1000
0
0
0
0
0
0
0
0
0
0
0
0
0
0
0
99,932
0
0
435,604
0
0
0
0
337,875
0
0
0
0
29,4807
1000
0
1000
0
99,4151
0
0
0
0
0
0
0
0
0
0
803,618
0
0
607,386
0
0
0
0
0
567,149
0
329,086
0
0
0
0
0
0
0
0
0
0
0
0
0
0
0
0
0
0
0
0
0
0
0
369,049
795,623
0
0
0
0
455,722
0
0
0
0
177,261
0
0
0
0
0
0
0
0
0
0
0
780,134
0
0
0
618,233
0
0
1000
0
275,1
0
0
0
0
0
0
0
0
0
0
188,778
0
0
270,289
0
0
0
1000
0
0
0
0
0
0
0
1000
252,108
0
0
0
0
0
0
0
0
0
0
0
0
633,454
41,836
0
0
0
0
0
0
0
0
0
0
0
0
0
0
0
189,421
26,4507
0
0
0
84,4597
0
0
0
0
0
0
0
0
0
1000
320,002
0
0
358,324
1000
0
221,297
0
1000
0
0
0
0
0
0
0
0
0
0
0
113,305
0
0
0
617,883
0
0
0
0
1000
0
0
0
269,738
167,575
0
0
0
0
29,5578
0
0
0
0
0
0
0
0
0
0
0
0
0
0
0
0
0
0
0
0
0
0
0
79,8261
0
0
0
0
0
0
1000
0
0
0
1000
0
0
0
620,155
0
0
0
0
0
0
0
0
0
0
0
0
0
0
293,836
0
0
0
0
0
114,766
0
0
0
0
0
0
0
0
0
0
0
0
0
0
0
0
0
0
0
0
0
0
0
807,183
0
0
0
0
0
0
0
0
0
566,895
0
0
0
0
548,297
0
0
0
0
0
393,156
0
0
0
0
0
0
0
0
0
0
0
0
0
32,4271
0
0
0
0
0
0
0
0
0
0
0
0
0
0
0
0
0
1000
0
0
0
0
313,501
0
0
0
0
92,7122
0
0
0
1000
0
0
384,679
0
1000
0
427,121
0
0
0
0
0
0
0
1000
167,732
0
0
764,957
0
1000
0
0
0
0
0
0
0
0
0
0
1000
0
0
0
0
0
0
0
0
0
0
0
0
0
229,462
0
464,181
0
1000
676,433
304,056
55,9217
0
0
0
0
1000
0
0
600,369
0
0
0
297,534
0
0
0
0
0
0
0
558,605
0
0
0
0
0
0
0
0
0
0
0
0
357,988
0
0
0
0
0
0
0
226,194
0
0
0
0
0
0
0
0
0
0
0
0
0
0
0
402,476
0
0
0
0
0
0
0
0
0
1000
106,72
0
0
0
0
0
0
0
0
0
0
0
0
0
0
0
0
1000
0
0
0
199,228
0
0
0
0
0
0
0
0
2,92418
0
0
0
0
0
0
0
0
1000
0
0
0
127,388
0
0
0
0
0
0
0
1000
0
0
0
0
0
0
0
0
0
0
589,127
0
0
0
0
0
0
0
0
1000
0
0
0
0
226,221
714,071
0
775,404
0
0
0
0
0
0
0
0
0
0
0
0
0
0
658,841
294,9
0
0
0
0
0
0
750,712
0
0
0
0
0
0
0
368,074
1000
0
531,997
0
1000
0
0
0
0
0
1000
0
0
0
0
0
779,981
0
0
0
0
0
0
0
0
0
0
0
0
0
40,8797
191,234
0
0
0
461,556
0
0
0
0
0
769,219
0
0
0
0
0
208,367
0
0
0
168,333
0
0
0
0
0
0
0
0
0
0
0
0
0
445,763
0
10,6136
0
0
0
0
0
0
596,962
291,754
0
0
0
0
0
0
0
0
0
0
0
0
0
45,9661
0
0
0
781,835
0
442,407
0
0
0
0
0
0
0
0
1000
0
0
639,103
0
0
0
0
0
0
0
0
0
0
0
1000
0
0
1000
0
842,73
0
0
0
0
0
0
0
0
0
0
0
0
0
352,09
0
0
0
0
0
0
0
0
0
0
460,485
0
0
194,197
0
0
0
0
0
772,74
0
0
0
0
0
0
0
0
0
0
0
747,559
0
0
0
0
0
0
0
0
0
0
694,538
0
0
0
0
0
0
1000
0
0
0
0
390,014
1000
0
0
71,2965
0
0
0
0
0
0
0
0
0
0
0
0
0
0
0
0
0
0
0
0
0
548,18
0
0
0
0
0
0
1000
0
0
1000
0
0
1000
0
0
1000
0
0
0
0
0
0
0
0
0
0
0
0
0
0
0
0
0
0
0
0
0
0
0
0
0
0
0
0
1000
0
0
0
0
0
0
0
0
288,592
0
0
0
0
0
0
0
0
0
0
0
0
0
0
0
56,9384
54,1063
0
0
0
0
0
0
0
0
0
0
0
0
0
0
0
0
0
0
0
0
0
309,244
216,211
0
0
0
0
0
0
0
0
0
0
0
0
0
0
0
0
1000
0
0
809,912
0
0
1000
0
219,139
47,8572
0
0
1000
0
0
0
0
0
0
0
0
0
0
0
0
0
0
0
0
0
0
0
0
0
0
71,1126
0
0
0
0
0
0
0
0
0
0
0
183,942
309,05
0
0
0
0
0
0
0
0
0
0
0
0
0
0
0
0
0
0
0
0
0
0
1000
0
372,384
0
0
0
231,849
365,947
0
0
0
61,0785
0
0
0
0
0
0
0
0
0
0
710,936
0
0
0
0
0
0
0
573,647
0
0
0
557,449
0
0
0
0
0
0
0
451,45
0
0
0
0
0
0
0
1000
0
0
0
0
0
0
0
393,871
0
0
0
0
480,688
0
0
0
0
0
0
1000
0
0
0
0
0
0
0
0
0
0
641,832
0
0
104,969
0
0
0
0
0
0
1000
317,24
0
0
1000
0
1,28864
145,528
76,18
0
0
0
0
0
0
0
0
0
0
783,514
0
0
0
0
0
0
0
0
0
1000
0
0
0
0
0
0
0
0
0
0
0
0
0
0
0
0
0
0
0
0
0
0
0
0
0
0
0
0
0
0
0
0
0
0
0
0
56,0393
0
420,163
0
726,626
0
0
0
0
0
274,997
0
38,035
0
0
367,264
783,87
0
0
1000
0
0
0
538,797
0
0
0
0
0
0
0
0
0
0
1000
0
0
0
0
0
0
0
0
0
768,855
593,711
101,681
0
0
0
0
0
1000
0
0
1000
0
1000
0
0
0
0
0
0
0
0
0
0
0
348,69
0
0
0
0
0
0
0
0
0
0
0
0
0
0
0
0
0
0
0
0
0
0
0
0
0
0
0
0
0
0
0
0
345,307
1000
0
0
0
0
0
0
0
0
0
0
0
791,371
679,673
0
0
0
269,787
0
0
151,305
775,227
0
0
0
0
1000
264,964
0
0
0
0
0
0
0
0
0
0
0
0
0
0
0
0
769,208
714,174
0
0
0
0
0
0
0
0
0
0
59,9772
0
0
0
0
0
0
0
0
0
0
0
0
278,858
0
1000
0
0
0
0
0
0
725,843
0
0
0
0
0
0
0
0
0
0
0
0
0
0
0
0
0
2,66635
0
0
0
0
279,62
0
0
0
571,11
0
0
0
0
0
0
0
0
0
0
0
0
0
0
0
0
0
0
0
0
0
767,938
0
0
0
0
0
0
0
0
0
0
0
0
0
0
0
0
0
0
0
0
0
0
0
295,932
0
0
0
0
0
0
0
0
200,425
349,263
0
0
0
1000
0
0
0
0
0
0
0
0
0
0
0
0
0
0
0
0
0
343,666
0
0
0
0
0
0
0
0
0
0
0
0
0
252,197
758,049
0
0
0
0
0
0
0
0
0
0
0
0
0
0
0
0
0
0
0
0
0
0
0
0
0
688,92
0
0
0
0
0
0
0
0
0
0
0
0
0
0
0
0
0
739,233
545,924
181,332
39,3393
0
0
0
0
0
0
1000
0
0
0
0
0
0
0
0
754,361
0
0
1000
0
0
0
0
0
0
0
0
0
0
222,422
0
0
0
0
0
0
0
0
302,685
0
0
285,978
0
1000
0
0
0
1000
0
0
0
0
0
0
0
0
0
0
0
0
0
0
0
359,555
0
0
0
0
0
0
0
0
0
0
0
0
0
0
0
0
0
0
1000
0
346,533
0
0
0
0
0
549,223
1000
0
0
0
0
0
0
0
0
0
0
0
0
0
1000
1000
0
347,648
0
0
0
0
0
0
0
0
0
0
0
0
0
0
0
0
77,5831
402,35
0
1000
0
0
0
0
0
0
0
0
396,176
1000
0
0
0
0
0
495,823
0
0
728,847
1000
0
0
0
0
0
0
361,185
0
0
0
0
0
0
0
0
0
0
0
0
0
0
0
0
1000
0
0
0
0
0
0
773,808
0
0
0
0
1000
0
0
0
0
0
0
0
0
1000
0
0
0
0
786,747
0
531,517
0
0
0
0
631,507
0
0
0
0
0
783,419
0
0
0
0
409,349
466,276
0
0
0
0
0
0
0
0
0
0
0
0
0
0
789,349
0
0
0
0
0
0
0
0
0
0
9,59164
0
0
0
0
0
0
0
0
0
0
715,29
0
0
0
0
0
0
0
0
0
0
0
0
0
0
0
0
0
0
384,681
776,616
0
0
1000
6,48556
198,948
116,515
0
0
621,459
0
0
0
0
0
0
0
624,185
0
0
0
0
0
0
0
0
0
0
259,516
0
0
0
0
0
1000
0
416,841
0
0
0
0
0
0
0
752,937
0
0
0
0
0
0
0
0
1000
0
0
0
170,37
0
0
1000
0
0
0
0
0
0
0
0
1000
0
0
0
0
0
0
116,91
791,389
0
0
0
0
0
0
0
0
1000
0
0
0
0
0
0
0
1000
0
0
0
0
1000
0
0
0
0
0
0
1000
0
0
0
776,355
0
0
467,559
0
89,9102
1000
0
0
0
0
0
0
0
0
823,882
0
454,665
0
573,353
0
1000
0
105,072
0
1000
0
0
0
0
0
0
0
0
0
0
0
0
0
0
586,66
1000
0
0
0
0
0
0
0
0
0
0
0
769,838
0
0
0
0
0
0
92,7645
0
0
0
0
0
0
0
0
0
482,454
0
0
0
0
0
0
0
118,134
0
0
0
0
784,25
0
0
0
47,8322
406,444
0
0
0
0
0
0
0
0
0
0
569,045
0
0
0
0
0
0
0
0
0
0
0
0
0
1000
0
0
0
0
227,616
0
0
0
0
1000
753,81
0
0
0
0
0
0
0
190,416
241,732
0
0
0
0
0
0
37,1576
0
0
0
0
0
1000
0
0
0
0
0
0
1000
0
0
0
0
0
0
0
0
0
303,94
0
0
0
0
0
757,491
0
0
88,4139
0
0
0
0
0
171,022
0
0
0
0
0
0
0
0
0
0
0
0
0
0
16,3851
0
0
0
284,178
0
0
163,323
0
0
0
1000
0
575,969
0
1000
0
0
0
0
0
0
0
0
1000
0
0
0
0
0
0
0
0
0
0
0
0
0
0
0
0
0
0
0
0
0
0
664,913
0
0
0
0
0
0
0
0
0
0
0
0
0
0
0
0
0
0
0
0
0
0
556,499
0
0
0
0
288,89
0
0
0
0
0
0
0
0
0
0
0
0
0
0
0
0
0
0
0
32,3443
0
0
0
83,5072
0
0
0
0
0
0
500,987
0
0
0
0
0
0
0
1000
1000
0
0
0
0
0
0
0
0
0
440,698
0
0
0
0
0
0
0
0
0
0
0
0
0
0
0
0
1000
295,956
0
0
0
0
0
0
0
0
0
0
0
585,894
0
0
0
0
0
789,132
0
0
777,972
1000
0
0
154,785
416,06
1000
369,239
1000
0
0
578,242
0
0
1000
0
0
0
234,155
0
0
0
0
198,161
0
0
1000
0
0
0
0
0
0
0
0
0
0
0
0
0
345,458
0
0
0
0
370,182
355,132
0
0
0
0
0
0
0
0
0
0
0
0
0
721,582
0
0
0
0
0
0
0
0
0
0
0
514,167
0
0
0
0
0
0
201,685
780,819
0
0
0
0
720,578
0
0
0
0
0
0
0
0
330,431
0
558,167
0
0
0
0
0
0
0
0
0
0
0
0
0
0
0
0
1000
133,241
0
679,901
0
0
512,307
0
34,2415
621,042
0
0
785,77
0
0
0
0
0
0
0
0
0
0
1000
0
1000
0
421,004
0
260,484
0
0
0
382,932
0
0
0
141,744
0
0
767,452
0
0
0
0
0
0
260,775
0
0
0
1000
0
0
0
0
0
1000
0
0
0
99,4933
0
0
1000
0
0
0
0
0
136,33
0
0
103,161
0
0
0
0
0
0
0
0
0
0
0
0
0
0
0
0
0
0
0
0
0
0
1000
0
0
0
0
0
0
0
0
0
0
0
0
0
0
174,154
0
0
0
0
0
0
0
570,402
0
0
0
0
751,153
1000
0
1000
413,252
0
0
0
0
0
0
0
0
0
0
0
0
0
5,60008
0
538,149
0
306,329
0
0
0
0
0
0
0
0
0
0
0
0
1000
0
0
0
0
0
0
0
0
0
1000
0
0
0
0
0
0
1000
0
611,281
0
0
0
0
0
0
0
0
0
0
189,97
0
0
0
792,585
0
0
0
0
0
0
0
0
0
0
0
0
0
0
0
705,374
0
0
112,64
0
0
0
0
0
1000
0
0
0
0
0
0
0
0
0
767,524
713,367
0
0
0
0
0
0
0
0
0
0
0
0
0
0
0
0
0
0
0
0
0
0
0
0
0
0
0
0
0
0
0
0
0
0
0
0
0
0
0
0
0
0
0
0
0
0
0
0
0
0
0
0
0
568,805
0
0
0
0
0
0
310,539
1000
0
487,24
0
0
0
0
0
0
0
0
0
0
0
0
0
0
0
1000
0
1000
0
0
0
0
0
0
0
0
0
0
0
0
771,087
0
865,605
0
16,4882
0
0
0
0
0
0
0
0
0
0
0
0
0
0
0
0
0
1000
0
0
0
0
0
0
0
0
0
785,654
0
1000
0
0
0
0
50,4575
206,303
0
298,776
0
0
101,095
0
0
0
0
0
0
0
0
0
0
0
0
0
0
0
0
0
0
257,708
598,366
681,996
0
0
0
0
0
0
0
770,813
1000
0
0
0
276,218
0
0
0
0
366,944
0
748,076
0
0
0
0
0
661,432
0
810,458
0
0
0
1000
0
0
0
0
0
0
391,123
0
1000
0
0
0
0
792,168
0
0
0
0
0
0
0
0
0
0
766,036
0
0
0
776,057
0
208,126
783,672
0
0
0
0
0
0
0
0
0
0
0
0
0
0
0
0
282,606
0
0
0
0
0
0
0
0
0
0
0
0
0
0
0
0
0
316,985
0
0
0
0
0
0
0
0
0
0
0
0
0
0
0
0
0
0
0
0
0
0
0
0
0
0
0
0
0
0
0
0
0
0
0
0
0
1000
0
0
0
382,849
0
0
0
0
0
0
0
0
353,961
0
0
0
0
0
0
0
0
0
301,26
0
0
0
0
0
0
0
0
0
0
0
0
753,729
0
0
0
0
353,586
0
336,102
0
0
0
0
0
0
0
0
0
0
0
0
0
0
0
1000
586,297
0
0
0
0
0
0
231,413
0
0
263,487
0
95,1851
0
372,537
0
0
0
0
591,389
49,4738
0
1000
0
0
0
0
0
0
0
0
0
382,854
103,3
0
0
0
0
0
0
0
0
134,377
0
0
246,97
0
0
0
0
0
0
0
0
0
0
347,649
124,112
376,658
0
0
0
0
0
0
0
0
0
0
0
0
0
0
0
1000
0
435,345
0
0
0
0
766,153
0
0
0
0
0
0,571899
1000
718,094
0
785,859
761,713
0
1000
0
0
0
0
0
0
0
0
0
464,063
0
0
0
0
0
0
0
0
0
0
0
38,577
0
0
149,348
0
0
0
0
544,129
0
740,195
0
0
0
0
0
0
0
0
0
0
0
0
0
318,88
0
0
0
0
0
0
0
0
0
0
0
0
0
187,387
0
0
0
0
0
0
0
794,651
0
0
0
0
0
0
688,614
0
0
0
0
0
0
0
0
0
792,95
0
0
0
0
0
0
183,675
763,931
0
261,519
1000
0
0
0
0
0
0
43,4257
0
0
1000
0
0
0
0
22,7558
0
0
161,54
0
0
0
0
0
0
0
0
0
0
0
0
0
0
0
244,935
0
0
0
0
0
0
127,339
0
173,473
0
0
0
0
707,622
0
0
1000
0
0
0
0
0
0
0
0
0
0
707,228
0
0
0
0
0
0
0
0
0
0
793,467
0
0
0
0
0
0
0
0
0
0
0
0
0
0
0
0
0
0
0
0
0
0
0
0
0
0
0
0
0
0
0
0
591,588
0
0
0
0
0
0
0
0
0
0
0
0
0
0
0
0
0
0
0
0
0
0
0
0
0
721,861
0
0
1000
0
727,307
0
0
0
1000
513,633
0
0
0
0
22,8701
0
0
0
0
0
0
430,593
0
0
0
0
0
0
0
0
0
0
0
0
0
0
0
14,0321
0
128,519
29,5905
0
0
770,78
0
0
0
0
0
0
0
0
0
0
0
0
0
0
0
0
546,467
1000
0
0
0
0
446,805
0
0
509,44
202,136
0
0
0
0
0
0
0
0
0
630,855
1000
0
0
0
0
0
0
0
0
0
0
0
0
0
1000
405,357
0
1000
0
0
0
0
0
85,7636
0
0
0
0
0
0
0
0
0
0
0
0
0
0
0
0
0
0
0
0
0
0
0
1000
0
0
0
0
0
0
353,764
0
0
802,46
35,748
1000
0
0
0
0
0
745,697
0
0
0
0
0
0
0
0
0
0
0
0
0
36,3212
243,749
0
0
0
0
676,236
0
0
412,094
0
0
1000
0
0
0
0
0
0
0
0
0
0
0
223,956
1000
0
143,006
0
0
0
0
62,3811
0
0
0
0
0
0
0
0
0
0
0
0
0
0
0
262,768
0
0
0
0
0
0
0
0
0
1000
0
0
0
0
0
582,029
0
0
0
0
0
0
0
0
0
0
0
0
0
0
0
0
0
0
0
0
0
0
0
0
0
0
0
0
0
0
0
0
0
0
0
0
0
0
734,127
0
0
0
0
0
0
725,56
0
0
808,738
0
0
1000
0
0
0
0
0
0
573,381
0
0
54,5689
0
0
0
0
830,173
300,83
20,4726
0
0
0
0
1000
0
0
0
0
0
0
0
0
0
0
0
0
0
0
0
0
0
0
0
0
0
0
0
0
600,267
0
0
0
0
0
0
0
0
0
0
0
0
0
261,774
41,3236
0
0
0
0
0
0
0
0
0
0
0
0
0
0
0
477,57
0
0
0
0
0
1000
0
345,71
0
0
0
0
0
0
0
0
0
0
0
0
0
0
0
0
0
0
0
0
0
0
0
0
0
0
0
0
389,256
418,193
0
0
0
0
0
0
0
0
0
0
0
0
1000
0
0
0
0
0
0
0
0
0
1000
0
0
0
0
766,17
0
0
0
0
0
0
0
0
0
0
0
0
0
0
0
0
0
0
0
4,82264
0
0
0
0
477,593
0
0
0
0
130,434
0
0
0
1000
13,5576
0
0
0
0
0
0
0
0
0
0
0
0
0
0
0
0
0
0
0
0
0
0
1000
0
0
32,5432
0
0
0
0
0
0
0
0
1000
0
0
0
0
0
0
0
0
0
0
0
0
0
0
0
0
664,084
0
0
793,017
0
0
0
0
0
0
716,562
0
1000
0
0
215,023
0
0
0
0
0
0
0
0
0
0
0
0
158,454
0
0
400,836
0
1000
0
0
0
1000
0
0
0
0
0
0
0
0
0
0
0
0
0
0
0
0
0
0
1000
0
0
0
0
0
0
0
0
0
0
0
0
0
0
0
0
0
0
0
0
0
0
0
0
0
0
0
693,543
65,2811
0
493,053
0
0
0
0
0
0
17,4607
0
0
0
0
0
0
0
0
0
179,437
0
1000
0
0
0
0
0
1000
40,9737
0
0
0
385,427
0
0
0
0
0
0
704,422
0
0
0
0
0
0
0
0
0
0
0
0
0
0
0
0
0
0
0
121,155
0
0
1000
0
0
0
0
0
0
0
0
0
0
0
0
0
0
0
0
0
0
0
0
0
0
0
0
0
0
0
0
0
0
0
219,586
0
0
0
336,788
0
0
0
568,214
0
0
0
0
0
0
771,226
0
0
0
0
0
0
0
0
0
0
0
0
782,69
0
0
0
0
0
0
0
508,108
0
0
0
0
0
0
0
0
0
0
0
0
682,672
0
0
0
0
0
0
0
0
0
0
0
0
0
0
0
0
0
0
0
244,095
0
382,698
0
0
0
0
0
0
0
0
0
0
0
0
0
0
1000
0
0
1000
0
1000
0
0
223,135
0
0
165,308
686,008
0
0
0
0
0
1000
0
0
0
0
0
0
0
0
0
0
0
0
0
0
0
0
0
0
0
0
0
0
0
0
0
0
0
0
0
0
0
0
0
0
664,538
0
0
0
0
0
0
0
0
0
0
0
0
1000
0
0
0
0
0
371,707
109,646
0
0
0
0
0
0
0
0
0
0
0
1000
0
0
159,186
0
0
1000
0
0
68,4134
0
0
0
0
594,048
0
0
0
0
17,9938
0
0
0
0
0
0
1000
0
0
0
0
0
253,358
0
0
0
0
772,785
0
0
0
0
0
0
0
0
0
0
0
0
0
0
0
0
0
0
0
590,853
0
0
0
0
0
0
0
0
0
0
0
0
0
0
0
0
0
738,894
416,345
0
0
0
379,71
0
0
323,674
0
0
0
0
0
0
0
0
0
0
589,986
0
0
751,497
0
0
1000
0
0
0
0
0
0
0
0
796,259
0
0
0
0
1000
0
0
0
0
0
0
0
0
0
0
0
450,571
261,68
0
0
0
0
0
0
0
0
0
0
0
0
0
0
0
0
0
171,499
0
0
0
0
0
0
0
0
0
0
0
0
0
0
0
41,4516
0
1000
0
627,735
0
0
0
0
0
0
0
0
0
0
0
0
699,844
227,073
0
0
0
0
0
0
0
0
0
0
0
0
64,713
0
0
0
0
0
0
1000
0
0
1000
0
0
0
0
0
0
0
0
21,4867
0
0
0
0
706,576
0
0
107,813
0
0
0
0
278,579
0
81,2692
0
0
0
0
1000
0
0
0
0
0
0
238,5
655,078
0
0
0
0
200,393
0
0
0
0
0
0
0
0
0
0
0
0
1000
0
0
0
0
0
0
0
0
0
0
292,717
0
0
0
0
0
0
0
0
0
0
0
0
0
1000
0
0
0
0
0
149,351
83,5339
0
0
0
0
0
0
0
0
0
0
0
0
0
0
0
0
0
0
0
0
0
767,488
0
0
0
0
0
0
0
0
230,312
0
0
0
0
0
0
0
0
56,8077
0
0
0
0
199,307
344,803
1000
0
0
0
0
0
0
0
0
0
0
0
0
0
0
0
39,7064
0
743,635
421,799
0
1000
0
0
0
0
0
0
0
0
0
0
0
0
0
0
0
0
0
1000
0
0
654,689
0
1000
0
0
0
1000
0
0
0
405,246
0
0
0
0
1000
0
0
0
0
0
0
0
0
0
0
0
0
0
66,4525
197,51
0
0
0
643,899
0
0
0
0
0
0
0
0
0
0
0
0
0
0
0
0
0
0
0
0
0
0
0
0
0
0
0
181,3
0
0
0
1000
0
85,8374
1000
0
0
793,508
0
0
0
20,5578
0
0
0
0
0
0
0
0
0
0
0
567,466
0
898,002
0
0
0
0
1000
0
0
0
0
0
1000
0
0
0
0
0
0
0
0
104,341
0
0
755,674
0
0
1000
0
0
0
0
0
0
0
0
0
0
708,39
0
0
0
0
0
0
526,516
0
0
0
0
0
200,374
0
475,484
0
0
1000
0
0
1000
0
0
0
0
0
0
0
0
0
0
0
1000
221,589
0
0
0
361,138
484,315
0
0
0
0
0
0
0
0
0
0
488,002
0
0
0
0
0
0
0
0
0
0
0
1000
0
792,795
0
0
0
0
0
763,278
0
498,905
0
0
0
212,293
430,908
0
0
0
0
0
0
0
0
0
557,348
1000
0
0
0
636,643
0
0
0
0
0
0
0
0
129,684
0
0
0
0
0
0
0
0
0
0
0
623,933
0
570,427
0
124,203
0
0
1000
0
0
271,118
1000
8,22935
0
0
0
0
190,644
0
0
0
0
0
0
0
1000
0
559,703
0
0
0
0
0
0
0
0
0
0
0
0
0
0
0
111,088
0
795,157
0
0
0
0
605,671
0
293,933
0
1000
0
0
0
36,0464
1000
0
0
0
0
0
0
0
0
0
0
0
0
0
0
0
0
0
0
0
0
0
0
824,234
0
77,5336
0
620,699
0
0
0
0
0
0
251,054
208,773
0
0
0
356,267
0
0
1000
0
0
0
0
0
0
0
0
0
144,9
0
0
0
0
0
0
0
0
1000
0
174,427
0
1000
0
0
0
0
0
0
0
0
1000
0
0
0
60,8956
0
0
0
0
1000
0
0
0
560,807
599,024
138,001
0
285,704
0
0
218,148
0
0
0
0
0
0
0
0
0
0
0
0
0
0
0
0
0
214,179
442,286
0
0
0
789,255
0
0
0
1000
583,752
0
0
0
0
0
0
0
0
0
0
271,067
0
0
0
337,511
0
473,407
0
127,402
38,5714
0
0
0
1000
0
0
1000
0
0
521,436
0
0
0
0
0
0
0
0
0
0
0
0
0
0
0
0
0
0
0
104,093
0
0
0
0
0
0
158,768
0
0
0
0
0
0
476,36
1000
0
0
0
0
0
0
0
95,5707
0
0
0
0
0
0
0
0
0
0
0
0
0
0
0
0
0
382,607
0
218,379
0
0
0
0
0
132,383
0
0
0
774,58
0
0
0
0
0
1,43679
585,657
0
0
1000
0
0
0
0
0
0
0
0
584,522
148,181
0
0
0
0
46,7534
0
0
0
0
0
0
0
0
0
0
0
145,391
0
0
0
0
0
0
0
0
0
0
0
0
499,98
0
0
0
0
0
0
498,789
0
0
0
0
0
84,2378
0
0
0
0
0
0
0
0
0
0
0
0
0
565,161
1000
0
708,807
0
303,448
0
0
0
0
785,753
0
0
0
0
154,145
154,655
0
0
0
0
0
0
0
0
0
0
0
0
0
0
0
703,329
0
0
0
0
0
0
0
0
0
0
0
0
0
0
0
0
0
0
1000
0
0
0
0
0
140,75
0
0
0
0
0
0
1000
0
740,864
0
0
1000
0
0
0
0
0
0
0
533,612
0
143,375
0
0
0
0
0
0
0
177,151
0
0
781,193
0
0
0
0
0
296,689
743,829
0
0
0
0
0
0
0
0
0
0
0
0
0
0
0
0
0
0
0
0
0
266,213
0
0
0
389,335
0
0
0
1000
0
0
0
0
0
0
0
0
0
0
0
0
0
0
0
0
0
0
0
0
0
495,11
435,349
0
0
0
0
48,1396
0
0
0
0
0
744,142
0
0
0
0
0
0
0
0
0
0
0
0
0
0
0
0
0
166,073
189,44
0
0
0
0
324,07
0
443,79
0
1000
0
127,259
0
0
0
0
0
0
0
0
0
0
0
0
1000
0
0
0
0
0
0
0
0
0
0
0
0
0
0
0
0
0
0
0
0
163,75
0
0
475,422
0
0
0
0
0
0
0
0
0
0
0
0
0
0
0
725,13
0
0
433,048
0
1000
0
0
0
0
0
0
0
0
0
0
0
0
0
0
0
0
0
0
423,118
0
0
0
0
0
0
0
0
0
0
0
199,224
224,698
1000
0
0
0
554,607
1000
0
0
0
0
0
0
0
0
0
0
0
0
0
0
0
0
0
0
0
0
0
0
0
0
715,324
0
0
0
413,008
0
0
0
0
0
0
0
281,798
0
0
0
0
0
0
0
0
0
1000
0
0
0
0
0
0
145,318
733,562
0
0
0
0
0
0
0
0
0
0
0
0
0
0
0
0
0
1000
0
0
0
0
0
0
0
0
0
0
361,918
0
1000
0
0
0
0
0
0
0
0
0
0
0
0
1000
0
0
250,654
0
0
0
20,4381
0
0
0
1000
0
0
0
0
0
0
0
0
0
0
0
0
0
389,074
0
0
0
0
0
0
0
0
0
175,82
0
115,585
0
0
521,213
0
0
0
105,943
0
0
0
0
0
0
0
0
72,1354
0
0
0
1000
1000
0
0
0
0
448,962
0
0
0
1000
0
0
0
211,862
129,24
1000
0
0
0
0
0
0
0
0
0
830,377
0
691,273
0
454,709
1000
0
0
177,913
0
0
414,619
0
0
0
0
0
0
1000
0
44,4999
0
0
0
255,545
0
401,736
733,024
0
0
0
0
327,656
0
0
0
0
0
0
0
252,27
0
0
0
795,491
447,959
0
1000
0
0
0
0
0
0
0
0
0
0
0
0
0
0
0
0
0
777,624
0
19,9713
0
0
0
0
0
0
0
0
0
0
0
0
0
0
0
0
0
0
0
0
0
0
0
0
0
0
0
0
0
0
318,238
1000
111,348
0
0
1000
0
0
1000
0
0
0
0
0
0
1000
0
0
0
0
0
759,57
778,455
0
0
0
0
0
0
0
0
0
0
0
61,5292
0
0
0
0
0
0
0
0
0
0
0
0
0
0
0
0
0
0
0
0
0
0
0
0
0
0
0
0
0
0
0
0
0
0
0
0
0
0
0
0
0
0
0
0
382,621
1000
0
0
0
0
0
0
0
0
0
0
0
0
0
0
0
0
0
0
20,0943
0
0
0
0
704,706
0
419,062
1000
757,666
0
0
711,742
0
0
0
0
0
1000
0
598,032
0
0
0
0
742,862
0
0
0
0
13,2186
0
0
0
0
0
0
0
0
0
605,404
0
654,883
0
0
0
0
0
0
0
0
0
0
0
0
0
0
0
0
0
0
0
0
0
0
0
0
0
0
0
0
0
0
100,046
0
0
0
0
515,26
0
0
0
0
0
263,177
0
0
1000
0
0
0
0
851,138
0
0
0
0
0
0
144,328
0
0
0
0
0
0
1000
0
267,958
0
0
0
0
83,5354
0
0
0
0
0
0
0
0
0
0
339,011
0
0
0
0
0
247,118
0
0
0
0
0
0
0
0
0
0
0
0
741,879
0
0
487,932
0
391,788
0
0
0
0
0
0
0
0
411,703
0
0
0
0
582,812
0
0
0
0
575,393
0
0
0
0
0
0
0
0
0
0
0
0
0
0
0
0
0
0
67,1127
0
0
0
0
586,941
0
0
0
0
0
0
0
289,844
0
0
0
0
0
167,74
0
0
0
0
19,9193
45,6773
0
0
134,816
0
0
0
580,814
0
256,731
0
0
0
0
0
0
0
0
0
0
0
0
0
0
0
0
0
0
0
0
0
0
0
0
0
0
0
0
0
0
0
0
0
0
0
0
1000
1000
0
0
0
0
0
0
0
0
435,147
0
0
0
0
0
0
0
0
0
0
0
0
0
0
0
0
0
0
286,708
0
0
0
0
0
0
0
0
0
0
439,873
0
0
678,535
0
819,935
0
455,143
0
0
0
0
0
0
688,543
0
0
1000
0
0
0
0
1000
415,814
0
0
0
0
0
786,2
0
0
0
0
0
0
0
0
0
0
676,726
0
0
0
19,5173
0
0
115,793
0
0
0
0
0
0
0
0
0
0
0
0
0
0
0
0
0
0
0
0
180,836
0
0
0
0
0
0
0
0
419,089
0
436,17
0
0
0
0
0
0
0
0
0
0
0
0
1000
1000
0
0
0
0
0
559,779
375,125
0
0
0
0
0
0
0
0
0
0
0
0
0
0
0
0
0
0
0
0
719,417
335,88
0
0
0
0
0
0
0
0
0
0
1000
0
0
0
0
0
0
0
1000
0
0
0
0
0
0
0
0
188,617
0
0
71,2332
0
0
0
0
0
0
163,325
0
0
0
0
0
534,217
0
565,671
559,13
0
61,494
349,296
0
601,773
333,626
0
0
0
0
0
0
0
0
0
0
0
0
0
0
168,348
0
0
0
0
0
0
0
0
0
0
0
303,952
0
0
0
0
443,654
0
0
0
0
1000
0
0
0
645,433
1000
0
0
0
0
0
0
0
0
778,448
0
0
0
0
0
0
0
745,077
0
0
0
0
0
691,818
0
0
0
0
1000
0
0
0
0
0
0
0
0
322,514
0
0
0
1000
0
745,827
0
0
0
0
0
0
0
0
0
0
0
0
695,249
0
0
0
0
0
226,903
0
0
0
0
0
0
0
560,231
0
301,908
0
0
0
0
0
0
709,034
0
0
81,2739
0
0
0
0
0
0
1000
0
0
0
0
1000
0
206,526
0
0
464,649
0
558,414
0
79,4384
0
0
0
0
0
0
0
696,71
0
605,226
0
0
0
173,651
0
0
0
0
0
0
0
515,936
0
0
0
0
0
0
0
0
0
0
0
0
389,801
0
0
0
823,676
0
0
0
1000
0
0
0
1000
0
479,354
0
0
0
0
0
0
0
0
0
0
0
0
738,839
0
0
0
1000
0
784,336
0
0
0
0
0
0
0
0
0
0
0
0
0
0
0
743,174
0
0
1000
0
0
0
0
0
0
0
0
426,832
0
0
0
0
304,955
714,833
0
0
0
0
0
0
0
0
0
0
0
0
0
1000
0
0
0
0
0
0
548,703
0
0
0
0
0
0
0
0
574,024
0
0
0
0
0
0
0
0
0
0
0
0
0
0
0
0
560,114
0
0
0
0
0
0
333,254
122,932
0
0
0
0
0
0
0
0
0
0
0
0
0
0
0
347,064
0
0
315,952
0
0
566,698
0
0
21,5967
0
0
0
0
0
59,0487
0
0
1000
0
0
0
457,747
249,173
0
0
0
1000
0
0
0
0
0
479,08
181,941
0
0
0
0
0
0
0
153,118
1000
0
0
0
0
0
0
0
0
0
0
0
0
0
1000
0
0
0
358,468
0
0
0
0
0
170,576
476,931
0
730,699
0
0
0
671,069
259,644
0
757,764
0
1000
0
0
805,611
777,914
0
0
0
0
0
0
0
0
0
0
0
0
0
0
713,465
0
0
0
384,689
0
0
0
0
765,661
1000
284,21
0
186,01
715,336
0
0
0
0
0
0
0
0
0
0
0
0
0
0
0
0
0
1000
18,5878
0
0
0
0
0
0
0
0
0
0
0
0
0
371,547
0
0
0
0
0
0
313,726
0
0
381,109
0
1000
722,604
0
0
784,289
0
0
0
0
0
0
0
1000
0
488,715
0
0
0
0
0
0
0
0
0
0
0
0
0
0
0
0
0
0
496,501
0
797,017
0
3,33257
220,011
535,837
0
0
0
767,925
0
0
0
624,698
0
321,359
0
0
0
0
0
0
0
1000
0
0
0
784,113
0
450,711
0
0
0
0
0
0
0
0
0
1000
395,636
0
0
0
0
0
0
0
152,376
0
220,338
0
0
0
0
0
0
0
0
0
0
0
0
0
0
0
0
0
85,7748
0
0
0
652,436
0
0
0
0
0
0
0
0
0
0
0
0
0
0
0
0
0
0
142,787
0
0
0
0
30,3727
0
0
0
0
0
0
0
0
0
0
0
0
0
0
334,214
0
0
761,492
0
0
237,331
794,739
0
0
0
0
0
460,656
0
0
250,934
0
0
0
0
0
0
0
0
0
0
0
0
0
0
0
0
0
0
0
0
0
0
0
0
0
0
0
0
0
0
771,262
0
221,78
398,213
0
0
239,176
0
0
0
0
0
0
0
0
0
0
0
0
0
0
0
0
0
0
0
81,5529
0
0
1000
0
12,4508
1000
0
0
0
200,734
91,4292
0
0
0
0
0
0
0
0
0
1000
0
0
0
0
0
0
0
0
705,216
0
0
0
0
95,3291
0
0
0
0
0
0
0
637,538
0
488,977
0
0
0
0
0
557,648
346,552
0
0
0
0
0
0
70,765
0
0
0
0
0
0
0
0
0
0
0
0
0
0
0
0
0
0
0
0
0
0
0
0
0
0
0
0
0
0
0
40,5611
0
0
0
0
0
603,357
89,4772
0
0
0
191,149
0
581,929
0
0
0
0
0
559,46
780,1
0
0
412,264
0
685,269
0
0
0
0
0
0
0
0
0
0
572,171
0
0
0
0
0
0
0
0
0
0
0
0
0
0
0
0
28,575
0
0
0
29,4988
288,844
0
0
0
1000
0
0
0
0
0
0
74,3722
0
0
0
0
0
0
0
500,019
1000
603,845
0
0
0
0
198,02
0
0
0
0
0
0
0
0
0
0
0
0
188,932
0
0
0
0
0
0
0
406,383
0
0
0
0
0
0
0
0
789,4
1000
0
770,835
0
298,134
0
0
0
0
728,654
214,61
0
0
0
0
0
0
0
0
0
0
0
0
506,719
0
0
341,673
0
0
0
0
0
0
0
0
0
0
0
0
0
0
27,7977
0
0
0
1000
0
0
325,034
0
415,182
0
0
0
0
0
187,847
0
0
0
0
0
0
0
0
0
0
0
0
0
0
0
0
0
0
0
0
0
0
0
1000
1000
0
0
0
0
0
0
0
183,42
0
0
376,096
0
0
0
564,118
0
0
0
0
0
0
0
0
0
817,987
84,6623
0
0
0
0
1000
0
0
0
508,555
0
0
0
0
0
0
709,248
0
0
0
0
0
0
0
402,521
0
0
0
0
0
0
0
0
0
0
0
0
0
0
0
0
0
0
0
0
0
342,027
201,963
0
0
0
0
0
714,31
398,72
0
0
0
0
0
0
446,896
0
314,11
0
0
0
0
0
0
0
0
0
0
1000
337,03
102,242
1000
0
0
0
32,0347
177,642
0
0
0
0
0
0
0
0
119,443
0
0
0
0
211,237
0
0
0
0
0
0
0
0
0
0
307,898
0
0
0
0
0
0
0
88,2976
0
0
0
253,372
0
1000
0
0
0
0
0
0
72,682
0
0
0
0
0
0
0
812,063
0
0
0
0
0
0
0
0
0
0
0
0
345,67
29,3657
0
424,144
0
0
189,268
73,163
0
0
0
0
0
0
0
0
71,7569
0
0
129,906
0
0
0
0
724,539
162,573
41,8851
0
0
0
0
540,74
0
0
45,0032
0
0
0
0
0
0
0
0
0
0
32,3008
0
0
0
0
404,517
0
0
0
0
0
1000
0
0
0
0
0
0
0
0
0
0
0
0
0
159,557
0
264,714
0
0
7,36016
0
178,267
0
872,209
0
0
0
709,718
0
0
0
1000
0
0
0
0
266,569
0
0
441,186
0
0
0
0
0
0
0
0
0
499,22
0
1000
0
0
0
0
0
0
0
0
0
0
0
0
0
0
709,939
0
0
0
0
0
0
0
0
0
0
0
0
0
0
0
0
562,361
768,818
0
0
0
0
0
0
0
0
0
0
0
0
1000
0
0
0
0
0
0
0
0
0
1000
0
0
0
109,984
0
0
0
0
565,315
0
0
0
1000
0
0
0
740,619
0
0
0
0
0
0
0
0
0
0
0
0
778,218
0
0
0
0
0
2,80667
179,045
0
0
0
0
0
0
0
0
0
0
0
1000
0
0
0
0
0
0
359,868
0
0
0
0
0
0
0
0
0
0
324,389
0
0
0
0
1000
0
0
0
0
0
0
0
0
0
0
0
0
0
0
0
329,859
0
0
148,223
0
0
1000
0
0
0
0
1000
0
0
0
0
0
0
0
0
4,42404
155,159
1000
0
0
0
0
0
0
0
0
0
0
0
0
0
795,435
0
0
249,912
0
0
0
815,575
0
0
0
0
0
0
0
0
0
0
0
0
0
270,683
718,745
144,152
0
0
0
0
0
0
0
0
0
0
686,761
387,46
271,55
0
0
0
1000
0
0
1000
0
0
0
0
0
0
0
0
0
0
0
0
0
0
436,975
0
0
0
0
1000
0
687,528
0
0
0
0
0
0
0
0
0
0
0
0
0
0
0
88,901
7,61236
0
0
0
0
0
0
1000
0
0
0
0
0
0
0
0
0
55,5036
0
0
0
0
0
0
0
0
0
0
0
0
0
0
0
0
0
0
0
0
0
0
0
0
0
0
0
0
0
0
1000
329,325
1000
0
0
0
0
504,327
0
1000
0
11,388
158,09
303,619
0
0
0
0
0
0
236,152
0
0
0
79,9523
0
0
0
0
0
0
0
0
0
0
689,62
0
0
0
1000
0
529,69
0
0
0
0
0
0
0
0
0
0
0
0
0
0
0
0
0
0
14,6429
637,096
0
0
0
0
0
879,981
0
754,233
0
0
0
0
0
0
0
0
0
0
0
0
0
0
0
0
0
0
0
0
0
0
0
435,088
0
0
0
0
0
0
0
0
0
0
0
0
0
0
0
0
0
0
374,59
333,427
0
0
0
1000
0
0
0
0
678,263
0
217,847
0
0
0
0
790,719
0
0
0
435,033
0
0
0
549,485
0
0
0
0
0
0
0
417,53
0
0
0
0
0
0
0
0
0
0
0
1000
0
0
0
0
0
0
0
0
0
155,762
0
833,393
0
0
0
0
0
0
0
0
0
0
0
0
0
0
1000
0
0
168,105
0
68,6702
0
0
0
0
0
9,14883
0
1000
1000
0
0
0
0
0
0
0
0
580,806
0
0
0
0
0
0
0
1000
0
0
0
0
1000
0
0
0
0
0
0
0
1000
0
435,748
0
0
0
770,976
0
0
0
0
0
594,352
0
0
0
0
0
0
0
0
0
149,026
312,802
426,565
0
0
0
0
0
0
0
0
0
0
752,146
0
0
0
0
0
0
0
0
0
0
1000
0
0
0
0
0
0
0
0
0
776,107
0
0
0
0
0
0
0
0
0
0
0
0
0
0
0
0
0
0
0
0
0
0
0
0
0
0
0
0
0
395,081
0
425,152
0
0
0
0
0
451,977
0
0
1000
0
0
0
0
370,039
0
0
0
704,121
0
0
0
0
0
778,36
617,944
21,5676
0
380,671
0
0
0
0
0
0
0
0
0
0
0
0
0
0
0
1000
0
0
0
290,205
0
0
0
0
239,54
0
0
1000
0
426,309
0
77,9809
0
0
0
0
0
0
0
0
0
0
0
0
0
0
0
0
0
0
0
0
0
0
0
0
0
0
0
0
0
266,929
0
0
0
0
0
0
0
0
0
0
0
0
566,107
0
0
447,814
0
0
0
293,397
0
0
0
1000
0
0
0
0
0
0
0
0
785,658
0
0
0
98,8111
0
710,854
0
0
306,77
0
0
0
0
150,746
0
0
0
0
0
0
0
297,055
0
0
1000
0
0
0
0
554,028
0
0
0
0
0
0
0
0
0
0
0
1000
0
0
1000
0
84,981
0
60,5904
0
0
0
0
0
0
0
0
0
0
0
0
173,667
85,8358
0
0
0
0
0
0
0
742,53
0
0
0
0
0
0
0
0
0
0
0
0
0
161,89
0
0
0
0
0
0
0
0
0
0
1000
0
0
0
0
0
472,295
0
0
0
0
0
0
0
0
131,216
295,695
278,582
0
0
0
0
0
0
0
0
0
0
314,93
0
0
0
0
0
0
0
521,692
0
0
0
321,797
0
0
0
0
0
0
0
0
0
1000
0
0
371,288
0
0
0
784,564
0
0
0
0
0
0
0
0
0
44,0218
0
0
0
0
0
0
0
808,469
0
0
0
138,664
0
0
0
0
0
0
0
0
0
0
0
23,623
0
642,759
0
0
0
417,62
0
0
0
0
0
0
0
0
0
0
0
0
0
763,817
0
0
0
0
0
0
307,648
0
0
0
0
0
0
0
0
0
0
0
0
0
288,126
0
0
0
0
0
0
194,378
303,525
0
0
0
0
0
0
0
0
0
0
0
0
0
0
0
0
0
59,8285
0
0
0
0
0
0
854,565
0
0
0
460,616
0
756,909
0
0
0
0
0
0
0
0
0
0
0
717,115
0
0
0
0
0
0
0
0
0
0
79,6362
0
0
0
0
0
0
0
221,868
0
0
1000
9,06719
0
0
0
0
0
156,537
0
93,6349
0
0
8,607
0
0
2,87251
0
0
0
0
0
0,0649414
0
0
0
0
0
0
0
0
0
50,4506
520,562
0
0
0
0
742,701
0
0
0
0
0
0
0
17,3233
242,476
0
5,99541
0
0
0
0
0
0
785,824
0
0
0
0
775,501
0
0
0
0
690,691
0
0
0
0
0
0
0
0
0
0
0
1000
0
0
0
0
0
0
0
0
0
0
0
0
0
0
0
0
0
434,331
0
718,539
732,914
0
0
0
0
1000
0
0
0
0
0
0
468,851
0
0
1000
0
0
0
0
0
0
742,181
0
0
0
0
0
0
1000
0
768,567
255,627
172,003
0
0
0
0
0
0
0
1000
0
0
0
0
1000
787,108
47,3193
0
0
573,075
0
0
0
439,843
758,071
97,162
0
0
0
710,509
0
0
0
0
448,773
0
0
0
0
0
0
0
0
0
0
0
0
0
0
53,6151
1000
1000
0
361,521
0
0
0
0
0
0
0
0
0
0
0
0
0
733,502
0
0
0
0
0
568,732
1000
303,109
0
0
313,787
0
0
0
0
759,083
0
0
197,504
113,185
0
0
0
1000
0
0
0
0
0
0
0
0
0
1000
63,8708
0
0
0
0
0
0
0
0
0
0
194,873
0
0
0
0
571,838
0
4,20948
71,4959
0
0
0
0
135,51
0
0
797,864
0
0
0
0
0
782,49
0
0
0
0
0
461,37
0
0
0
0
0
0
0
0
1000
0
601,935
0
0
0
0
483,241
0
0
0
0
0
0
0
0
0
0
2,14519
0
0
0
0
0
0
0
0
85,0998
0
0
0
0
0
0
0
0
0
1000
1000
1000
0
17,7422
0
806,51
0
0
0
0
0
0
0
0
0
155,229
0
0
0
0
0
1000
0
0
1000
0
0
195,707
0
0
1000
90,8693
0
0
0
0
0
0
0
0
34,5499
0
0
0
1000
0
0
0
0
410,047
0
0
0
0
0
0
393,67
0
0
536,952
0
1000
0
372,224
0
0
0
0
0
0
0
0
0
0
0
0
0
0
0
0
0
1000
759,527
0
0
0
0
0
0
711,861
0
0
0
1000
0
0
0
0
0
0
1000
424,677
0
0
0
0
0
0
0
0
0
0
0
0
92,3718
0
0
1000
0
0
0
239,098
0
0
0
0
0
0
0
0
0
830,877
87,7799
0
0
245,286
0
0
0
0
0
0
0
0
0
0
0
0
0
0
0
0
0
0
0
0
765,758
0
0
770,008
0
0
0
0
0
0
0
488,183
0
0
0
0
0
0
0
0
228,929
0
351,178
0
0
1000
0
0
0
0
0
0
0
0
0
0
0
0
0
100,435
0
454,73
0
0
0
0
0
0
0
0
0
0
0
638,62
0
0
0
0
0
0
0
0
0
0
0
0
0
1000
0
0
0
0
0
0
0
0
0
0
0
0
756,389
0
1000
0
0
0
0
0
20,4493
0
0
345,806
0
0
0
0
1000
0
0
0
515,565
0
0
0
0
0
0
0
0
0
0
0
0
0
0
0
0
4,84595
0
0
0
32,5242
333,284
0
0
0
0
0
0
335,214
0
0
792,823
0
0
554,359
0
0
0
0
0
0
0
0
0
0
0
249,258
0
0
0
468,962
66,2975
0
0
0
0
0
0
0
0
0
0
0
0
0
0
120,752
0
0
0
19,8607
0
0
0
0
0
0
0
0
0
1000
0
0
0
0
0
0
0
0
220,936
167,055
0
0
0
0
0
0
0
0
0
0
0
1000
572,256
0
0
0
0
772,076
0
0
0
0
0
0
0
0
0
264,501
0
0
250,103
0
0
0
0
0
0
0
0
1000
0
1000
0
0
0
0
0
559,293
0
0
0
0
0
0
0
0
0
0
0
0
1000
0
0
0
0
1000
12,8619
0
1000
1000
0
0
0
0
0
0
0
0
0
1000
0
0
0
0
0
0
690,145
795,634
0
1000
0
0
0
0
0
0
0
0
24,8977
0
0
0
0
0
0
0
0
385,228
0
0
0
0
0
0
0
0
0
0
0
0
0
0
0
542,921
0
0
0
0
0
0
0
0
0
114,518
0
0
0
0
0
0
0
0
0
123,907
0
376,288
0
0
0
0
0
803,709
0
0
0
0
0
0
0
0
0
0
336,895
0
0
0
0
738,706
801,818
0
0
0
0
0
0
0
0
0
0
0
0
0
0
0
0
0
0
0
0
0
0
0
0
0
0
0
0
0
698,499
0
0
0
0
0
0
0
1000
0
0
0
0
0
455,669
0
0
0
0
0
0
0
0
573,12
619,133
0
0
0
1000
753,141
0
0
0
0
0
0
0
207,991
0
0
0
0
0
0
0
328,124
0
0
0
0
0
0
0
0
0
0
0
0
389,472
0
0
0
106,43
0
0
0
0
1000
0
0
0
515,962
0
0
0
0
0
0
0
0
0
0
0
21,7979
0
0
0
1000
0
0
18,8445
0
0
0
790,165
0
0
339,984
1000
0
0
0
1000
0
0
254,89
0
0
0
0
0
0
0
0
0
0
0
0
0
0
0
0
1000
0
0
484,704
1000
0
0
0
0
0
0
0
0
0
0
0
757,732
0
0
0
297,688
0
0
0
673,697
0
659,538
0
0
0
0
0
0
0
857,871
0
0
1000
0
0
0
0
0
0
0
0
0
0
340,814
0
0
123,047
127,863
0
0
0
0
0
673,496
0
0
1000
0
0
0
0
0
0
0
0
0
0
522,499
0
0
0
432,157
785,505
0
0
752,673
0
0
0
0
0
0
0
0
0
0
0
0
0
0
0
0
0
505,424
0
0
0
0
0
0
758,282
774,762
0
0
0
0
0
0
0
0
0
1000
0
1000
0
0
0
0
502,866
0
0
0
0
0
0
0
174,823
0
0
0
0
0
0
0
0
0
0
0
0
0
272,881
0
0
0
0
0
0
0
0
0
0
0
0
1000
0
0
0
0
0
0
0
0
0
0
39,7587
0
0
0
0
0
362,351
0
78,4027
0
0
0
729,281
0
0
0
565,534
0
0
0
504,177
0
0
608,561
0
0
0
0
0
0
253,186
0
0
0
39,6015
0
0
106,636
45,0457
0
0
0
0
0
0
286,286
0
0
0
0
0
0
0
0
0
0
0
0
0
0
0
1000
0
0
0
0
0
86,1972
0
0
0
0
340,276
0
0
0
0
0
0
0
137,235
0
0
0
0
0
1000
0
0
0
700,34
0
0
0
115,653
0
0
0
0
0
0
0
0
0
0
0
0
0
0
224,911
0
0
0
0
0
0
0
0
0
0
327,328
0
212,223
0
0
0
0
370,972
0
0
0
0
0
500,711
0
0
789,596
0
0
0
0
0
0
0
0
0
0
0
0
0
0
224,958
0
0
0
0
0
0
0
0
1000
0
0
0
0
0
0
0
0
0
0
0
1000
0
532,238
0
0
0
0
0
0
0
1000
0
1000
0
0
0
0
0
0
739,176
0
0
0
0
0
0
0
0
0
0
0
0
0
0
836,998
369,589
0
0
1000
0
0
0
1000
0
0
0
104,09
1000
0
0
0
0
0
529,912
0
0
0
0
0
65,9581
0
0
141,974
0
0
0
0
0
0
0
0
0
0
0
0
0
0
0
0
0
0
0
0
0
0
0
0
0
0
0
0
0
0
0
0
0
0
0
0
0
0
0
0
0
0
0
0
0
0
0
0
698,751
0
0
0
0
0
0
0
0
0
0
420,001
1000
0
382,755
0
0
0
0
0
0
0
0
0
0
0
0
0
0
153,983
0
0
464,46
0
0
0
0
0
0
1000
0
0
0
0
0
0
0
0
0
353,185
0
0
0
0
0
0
1000
0
0
0
0
0
699,196
0
0
0
0
0
0
0
0
0
0
0
0
0
0
44,4694
0
0
0
0
427,653
0
0
0
0
0
587,918
0
0
0
0
0
0
352,833
0
0
195,774
0
546,143
370,827
0
0
0
0
0
0
0
0
0
0
0
1000
0
0
192,558
0
0
0
1000
0
0
0
0
0
0
0
547,969
0
0
0
0
0
0
0
1000
249,471
0
0
0
0
0
1000
0
0
0
0
0
0
0
0
40,6399
1000
372,62
0
0
0
0
0
0
0
0
0
0
0
0
0
0
0
0
0
0
469,437
0
0
0
0
0
0
0
0
0
0
0
0
0
0
0
0
0
0
0
546,875
0
151,056
0
0
0
0
0
0
0
0
0
0
0
0
0
4,34475
0
1000
0
0
0
586,176
0
0
0
0
1000
0
0
1000
0
0
0
0
49,2202
0
183,863
0
0
175,999
0
0
651,89
0
0
0
0
0
1000
0
1000
0
0
0
0
0
0
0
0
0
0
0
0
0
0
1000
0
0
0
0
0
49,0716
0
0
0
0
0
0
0
0
0
0
0
444,299
0
0
147,143
0
0
0
0
0
0
0
0
0
0
713,216
704,573
0
0
0
0
0
0
0
0
0
0
0
1000
0
0
0
0
0
0
0
0
0
163,932
0
0
0
0
1000
0
0
0
0
0
0
762,21
0
310,095
0
0
0
0
0
0
0
0
0
0
0
0
443,74
0
0
0
0
0
0
0
0
0
94,7577
0
522,46
602,023
284,168
0
0
0
327,343
0
0
0
0
0
0
0
0
0
0
0
0
0
0
493,905
1000
0
0
0
0
0
0
0
0
0
0
0
0
0
0
0
735,332
0
778,551
761,252
0
0
1000
0
0
0
0
1000
0
0
0
0
0
0
0
185,804
0
0
0
0
0
0
0
0
0
0
0
1000
0
0
0
0
0
0
792,121
0
0
0
0
0
291,103
602,54
0
0
0
0
0
0
0
789,784
0
0
0
0
0
396,935
0
0
0
0
0
0
0
0
0
757,265
0
682,302
0
0
0
0
0
0
33,7131
0
0
0
0
0
0
0
0
0
0
0
0
0
0
0
0
0
0
1000
0
0
0
0
0
0
0
0
0
0
0
0
0
0
0
0
0
0
0
0
220,669
0
0
0
0
1000
696,285
791,668
0
0
0
0
0
0
0
0
768,955
0
0
0
1000
47,3874
0
31,1844
0
0
0
0
0
0
0
0
0
0
0
0
0
520,051
0
0
0
0
0
0
0
0
0
0
0
255,408
0
0
0
0
678,213
787,633
0
0
751,683
0
0
0
0
0
289,354
173,624
0
0
0
0
0
0
0
0
0
0
0
353,884
292,803
96,761
0
0
0
0
0
0
0
0
0
0,559003
98,87
0
0
0
0
0
0
0
0
0
0
0
72,8401
1000
0
145,725
0
0
0
0
530,878
0
0
0
0
0
0
0
0
0
0
0
0
0
0
0
0
0
0
0
0
0
0
0
426,517
0
0
0
0
0
0
0
0
736,648
0
0
0
0
0
0
213,816
1000
0
563,07
0
0
0
0
0
0
0
0
0
0
0
0
0
176,959
0
0
0
0
0
0
0
0
0
122,969
0
0
1000
0
0
0
0
566,551
0
0
0
0
0
0
0
1000
0
0
0
1000
0
0
0
359,616
1000
0
0
0
0
0
0
0
0
0
0
0
0
285,234
0
0
0
0
0
0
0
0
0
0
0
0
0
252,964
0
0
0
0
0
0
0
0
0
0
789,054
0
0
522,967
0
0
0
0
713,745
0
0
0
1000
1000
0
132,811
0
0
114,068
0
0
0
0
0
0
0
0
0
0
0
0
0
0
0
0
0
454,918
0
137,633
0
0
348,841
0
0
0
0
0
0
0
0
1000
0
0
0
790,319
0
352,896
0
0
0
0
0
0
0
105,924
0
0
0
345,649
0
0
0
0
0
0
0
0
0
0
0
0
0
0
0
164,969
0
0
0
0
0
0
418,252
0
0
0
0
0
0
0
762,922
0
1000
0
0
0
0
0
0
0
696,148
0
0
0
0
0
1000
0
0
0
0
0
0
0
0
0
0
0
0
0
0
582,566
0
0
0
0
0
0
0
0
0
0
0
0
0
0
538,89
0
0
155,707
397,688
0
1000
0
1000
0
0
0
1000
0
0
0
0
80,5914
0
0
0
0
0
0
0
0
0
0
0
0
0
0
792,999
0
0
0
0
0
1000
0
0
792,466
0
0
0
0
0
0
0
473,404
0
0
1000
0
0
186,291
0
0
128,083
0
0
0
0
338,092
726,557
0
216,348
0
0
0
0
0
0
152,492
0
0
56,6209
0
0
0
88,0416
0
206,411
0
0
0
0
0
0
117,246
323,325
0
0
0
0
0
0
0
0
0
523,121
0
471,493
0
0
0
0
0
0
0
0
0
0
97,6534
0
0
0
0
0
0
0
0
0
0
0
0
0
773,906
0
106,06
0
0
0
0
0
0
0
0
0
0
0
0
0
0
0
1000
0
128,452
0
0
0
0
0
623,528
0
0
0
0
0
0
0
0
0
174,922
0
0
0
0
0
0
0
0
0
0
0
0
0
0
0
551,778
0
0
0
0
0
0
0
0
0
0
62,9021
0
0
0
0
0
0
0
0
0
0
1000
65,5305
0
696,274
0
0
0
457,686
0
0
0
1000
0
325,539
0
0
0
0
0
0
0
0
0
0
0
1000
0
0
0
0
0
0
0
0
0
496,802
0
524,936
762,159
0
943,854
0
0
0
0
0
0
0
0
0
425,074
0
0
0
0
269,043
0
0
0
0
0
0
0
0
0
0
0
266,17
0
0
0
0
0
0
0
0
0
0
0
0
0
0
1000
0
0
0
0
658,614
0
0
0
0
0
0
0
0
0
0
0
0
0
462,869
0
0
0
37,0148
0
0
0
0
0
0
0
0
0
0
0
0
0
0
0
0
0
0
0
0
0
0
438,882
0
0
0
1000
0
0
0
0
0
0
789,454
0
1000
0
113,249
0
0
0
476,646
0
0
1000
0
0
0
453,748
0
1000
0
0
0
1000
0
0
0
0
0
0
0
0
0
0
0
0
0
0
0
1000
0
0
0
0
0
372,687
0
0
0
0
0
0
0
0
0
0
596,753
0
0
0
0
0
0
0
0
0
0
0
0
0
0
0
0
0
0
0
0
0
770,279
0
0
0
0
0
0
0
0
0
0
0
0
0
0
796,332
0
0
0
0
0
0
0
0
0
0
0
515,712
0
0
0
0
0
0
0
0
0
0
0
0
280,71
0
0
1000
0
0
0
0
1000
27,8962
0
0
0
0
0
53,3386
793,298
51,2535
0
0
0
0
0
0
0
0
0
0
0
81,9561
0
0
0
0
200,389
0
0
0
0
0
0
0
0
0
482,426
0
0
0
0
0
0
0
0
0
0
0
0
0
0
0
0
0
0
620,21
0
0
1000
0
0
0
0
0
0
0
0
0
0
0
0
0
0
0
0
0
0
0
0
0
0
0
0
0
0
0
0
0
0
0
1000
0
0
0
0
0
0
0
0
0
0
0
0
0
0
0
469,172
0
0
0
0
0
0
1000
0
0
0
0
484,675
0
0
1000
0
0
0
0
0
259,532
0
0
0
0
0
0
0
0
329,786
187,496
0
0
0
770,595
0
0
0
0
0
0
0
0
0
0
0
0
0
0
0
0
0
0
0
628,746
283,619
0
0
0
0
0
397,404
0
0
0
1000
0
0
0
0
0
0
0
0
346,896
0
0
0
576,633
0
1000
0
0
0
1000
0
0
612,339
0
0
0
146,768
0
0
574,322
0
0
0
0
1000
0
0
0
0
468,192
0
1000
243,753
0
770,623
0
0
0
1000
0
0
139,261
0
0
0
0
0
0
0
345,146
784,466
0
0
0
0
0
0
0
947,326
0
0
0
1000
42,7282
0
0
0
0
0
0
0
0
0
0
36,0964
0
229,171
0
0
0
0
0
0
0
0
0
0
0
0
0
0
0
0
596,023
0
0
1000
0
45,1597
0
0
0
0
527,941
0
788,965
0
151,102
0
0
0
0
0
0
0
1000
0
0
0
0
0
0
399,917
0
0
0
335,414
0
527,56
112,992
0
0
0
0
0
0
0
0
0
0
0
0
0
0
0
370,363
0
0
794,584
0
0
401,911
0
128,28
0
0
0
0
0
0
0
50,4629
0
0
0
635,131
0
0
0
0
0
128,719
0
0
0
0
0
0
0
0
0
0
275,601
0
0
0
0
0
0
0
0
0
0
0
0
251,825
0
0
0
0
555,88
0
1000
0
0
0
0
0
254,584
0
726,365
717,718
0
0
0
0
0
0
0
1000
0
0
479,1
0
0
0
0
0
0
0
451,736
0
0
0
0
452,766
810,296
0
479,622
0
0
0
0
348,32
0
0
0
0
0
0
0
0
0
1000
1000
0
262,6
118,528
0
0
0
199,134
0
0
0
0
0
0
0
0
0
0
0
202,753
0
0
0
1000
0
0
0
0
0
0
0
0
0
420,724
0
0
0
0
0
0
0
0
723,625
0
0
0
1000
0
0
0
0
515,42
0
0
0
785,293
757,831
0
0
0
0
0
0
0
0
0
401,051
0
0
0
256,947
0
0
358,517
727,753
0
0
0
0
0
0
294,618
0
0
0
0
0
0
786,843
0
0
0
0
0
0
423,585
0
0
0
0
1000
0
1000
0
0
0
0
0
0
0
0
0
1000
625,357
683,222
0
0
0
0
0
786,836
0
703,965
0
0
0
0
0
104,846
0
0
1000
0
0
0
0
0
0
380,018
0
0
0
0
0
0
0
190,209
0
0
499,213
0
0
0
0
0
0
0
0
0
0
0
0
0
0
677,414
0
0
0
0
0
563,345
0
0
0
0
0
0
0
0
0
0
0
0
0
0
0
0
0
0
0
0
0
0
0
0
0
743,316
0
0
0
0
0
0
0
0
0
0
0
0
0
710,157
0
0
0
0
0
0
0
0
0
168,974
0
789,954
0
0
1000
0
0
0
0
0
0
0
0
0
0
545,512
0
0
0
0
0
0
0
0
1000
0
0
154,641
0
0
0
0
0
0
0
466,151
0
0
0
0
0
0
0
1000
0
0
0
0
0
1000
418,489
0
460,396
0
0
0
0
0
0
0
0
0
0
783,527
0
0
0
0
0
0
780,77
0
0
1000
0
0
578,85
0
0
0
1000
0
0
0
0
0
0
0
0
0
0
0
0
0
0
703,753
510,041
0
0
0
0
1000
435,149
0
0
0
0
0
0
0
0
0
0
0
0
0
0
1000
0
0
1000
0
0
0
0
0
0
0
0
0
0
0
0
0
0
0
0
1000
0
0
0
0
0
0
403,222
0
775,286
520,523
0
0
0
0
0
0
0
0
0
709,44
0
0
0
0
0
1000
0
785,012
0
0
0
0
1000
0
334,966
0
228,931
786,434
0
454,439
0
0
0
0
515,738
0
0
0
0
0
1000
0
0
0
0
0
0
0
0
0
10,8745
0
0
0
0
0
0
0
0
0
0
0
0
0
0
0
567,352
558,245
0
232,824
0
440,622
0
0
0
0
1000
346,327
0
137,812
0
0
0
0
1000
0
0
0
717,743
0
0
0
0
0
0
0
0
0
0
0
0
0
0
0
0
0
0
0
0
0
0
0
0
0
0
224,098
489,593
0
188,255
0
0
0
0
0
0
0
0
0
0
0
0
0
0
292,144
0
1000
0
0
0
0
0
0
0
0
1000
0
0
0
0
0
0
0
0
0
0
0
0
0
0
0
0
0
0
0
109,908
0
0
0
0
0
0
0
0
0
0
0
0
201,503
0
381,004
0
274,499
0
0
0
0
753,924
0
0
174,354
0
0
738,627
0
0
0
0
0
0
0
0
0
0
306,11
0
0
0
0
0
0
0
0
0
0
0
0
0
0
0
0
1000
0
0
0
0
0
0
230,724
0
1000
0
0
0
0
0
0
0
0
580,079
0
0
0
0
0
0
0
0
0
0
0
685,939
0
0
186,683
0
0
0
0
0
0
0
0
0
0
0
0
0
0
0
302,138
0
0
0
0
0
637,674
0
0
0
0
0
0
730,714
0
0
0
0
0
0
0
0
54,6819
0
0
0
0
0
171,486
0
0
0
0
758,179
0
0
362,182
0
0
0
0
0
0
266,154
0
0
0
0
0
0
0
0
0
143,864
1000
0
63,8555
0
0
0
0
0
1000
0
0
0
97,9341
0
0
11,5185
0
0
0
0
0
0
0
0
0
0
0
0
0
1000
0
512,649
0
0
756,412
1000
0
0
85,1798
0
0
0
0
1000
0
21,0018
0
0
0
102,734
0
0
0
0
1000
0
0
0
0
0
0
1000
0
0
0
0
0
0
0
0
0
0
0
0
0
1000
0
0
0
0
0
0
0
0
0
0
0
0
0
0
0
0
0
0
0
0
0
0
0
0
0
0
0
0
0
0
0
0
0
0
0
0
0
0
0
0
0
0
0
0
0
0
0
0
229,792
0
0
0
0
0
0
55,4855
0
0
0
0
0
0
0
0
227,216
455,029
253,744
41,6981
0
0
0
0
0
0
0
0
0
567,465
0
0
662,754
0
1000
335,276
0
0
0
0
0
0
0
0
0
0
633,038
0
0
0
0
0
773,939
0
0
0
1000
0
0
0
0
0
0
0
0
17,1859
0
0
538,763
1000
0
0
0
0
0
38,2012
0
0
0
0
0
0
0
1000
0
0
0
0
0
0
119,362
0
466,096
0
0
0
0
0
0
10,527
1000
0
1000
0
0
19,16
0
0
0
0
0
40,5751
0
0
0
0
0
123,931
358,489
0
0
0
0
0
0
33,4126
0
0
0
1000
0
0
0
0
409,16
0
0
0
331,096
0
1000
470,083
0
0
0
0
0
0
0
0
0
0
0
0
0
0
0
0
0
393,065
0
0
1000
0
0
524,469
0
0
0
0
0
0
0
495,531
0
0
0
0
0
0
0
0
0
181,943
0
0
0
0
0
0
0
0
0
263,843
0
0
0
0
0
0
0
0
0
0
0
0
0
0
0
0
225,286
0
0
0
0
0
0
494,142
0
0
0
0
0
0
742,853
0
0
0
0
275,718
0
0
0
0
0
57,8355
65,1639
0
425,412
0
0
0
0
0
0
0
0
0
270,186
0
0
0
0
564,849
0
0
1000
0
0
0
449,856
0
0
271,606
0
1000
0
0
0
1000
0
0
0
0
0
0
0
0
0
0
0
615,01
0
0
0
0
0
0
0
0
579,392
0
0
0
281,376
0
0
327,286
0
0
0
0
0
0
0
0
0
0
503,155
1000
0
0
0
0
0
0
0
0
0
0
0
0
0
0
0
0
0
600,243
502,714
0
0
0
0
0
0
0
0
0
403,288
0
0
114,487
1000
694,557
0
0
0
0
0
0
0
0
216,568
0
0
0
0
0
0
0
0
0
0
0
208,551
0
0
0
0
0
0
0
0
0
0
0
0
776,713
507,616
0
0
0
16,5061
0
0
0
0
0
0
0
0
0
0
0
0
0
0
0
0
0
462,337
597,438
0
0
0
0
0
577,898
0
0
0
0
0
0
0
0
0
0
0
0
0
0
0
0
0
0
203,27
0
0
0
0
0
0
0
0
0
0
0
553,256
0
534,728
45,3894
0
0
1000
0
0
0
0
0
0
0
0
0
0
0
0
0
65,7806
0
0
1000
0
0
0
0
0
1000
0
0
0
0
0
0
0
0
0
0
312,215
0
0
0
0
397,593
0
0
0
254,926
0
355,715
0
0
0
0
0
0
0
0
269,85
213,341
0
0
0
0
0
0
424,149
782,337
0
0
0
1000
0
0
0
40,2533
0
0
0
0
223,794
0
0
0
0
0
0
0
257,531
0
0
0
179,774
0
0
0
0
1000
0
0
0
0
0
833,708
559,862
0
0
319,501
0
403,71
0
236,24
0
0
0
0
0
0
0
278,171
0
608,574
0
0
0
0
0
0
0
797,124
0
0
0
0
0
0
0
0
0
0
584,88
0
0
0
203,986
0
0
0
0
306,583
0
442,852
0
0
0
0
639,032
0
61,3681
0
0
0
1000
0
0
0
0
0
0
0
1000
0
1000
0
77,7191
0
329,978
0
0
0
0
0
0
0
0
0
0
0
1000
0
0
0
0
0
0
0
0
0
0
0
0
514,202
0
0
0
0
1000
0
1000
0
0
1000
0
1000
0
0
1000
0
0
0
762,621
1000
0
0
0
0
48,7477
141,747
0
0
0
195,751
150,697
0
0
0
1000
0
0
0
0
0
0
0
0
0
0
0
0
1000
0
0
0
0
0
0
0
0
0
0
0
0
742,812
35,1524
0
0
0
0
0
0
1000
0
0
0
680,375
0
0
240,27
299,159
0
0
743,605
0
0
0
387,713
423,493
505,94
0
0
710,387
0
0
0
0
0
0
0
166,14
0
0
0
0
0
0
0
0
0
0
0
285,59
126,151
0
768,778
0
0
0
0
0
63,9039
0
0
16,4387
0
0
0
0
0
0
0
1000
1000
0
0
0
0
0
0
0
0
0
0
0
0
0
0
93,8094
0
0
0
0
0
0
0
0
0
0
0
0
0
0
0
0
459,627
0
0
0
0
1000
0
0
127,352
0
0
0
0
0
0
0
0
0
0
0
0
0
0
0
0
0
0
0
0
0
0
0
0
90,972
0
0
0
0
0
0
0
0
0
0
0
0
0
0
0
0
0
0
0
0
600,772
0
0
709,2
0
0
0
0
0
0
0
0
0
0
0
0
764,553
0
0
218,772
632,726
81,0757
0
0
0
0
0
0
0
0
0
448,748
0
0
0
0
777,349
0
0
0
0
0
717,401
0
0
0
0
0
299,741
75,2999
0
0
38,8581
794,59
0
0
0
0
0
0
0
0
0
0
0
0
0
0
0
0
0
0
0
0
486,928
0
0
0
0
0
0
0
0
0
59,524
0
0
0
0
0
0
0
799,324
0
0
0
0
0
0
0
0
203,392
0
0
0
772,728
0
0
0
0
0
0
371,73
0
0
0
0
0
0
0
0
0
0
0
0
0
0
0
0
0
0
0
0
0
0
0
1000
0
0
0
274,897
0
0
0
0
85,0624
0
0
0
0
0
308,198
0
0
0
0
0
0
0
0
0
0
0
1000
0
0
0
0
165,671
0
0
0
165,225
0
0
0
0
0
0
0
188,023
688,927
0
0
1000
0
699,679
0
0
764,286
0
0
0
0
0
0
0
912,645
0
0
0
0
0
566,334
0
0
565,98
142,997
0
481,078
6,77813
0
0
0
0
475,052
18,6627
0
0
0
0
0
0
358,572
0
0
1000
16,2184
22,2969
151,744
387,774
0
0
0
0
0
0
1000
0
0
289,919
0
220,587
0
0
0
0
0
0
0
0
0
789,703
0
0
0
0
735,86
423,697
0
0
128,491
0
0
704,105
0
0
0
0
0
0
0
0
0
0
0
1000
0
191,701
761,843
0
0
759,236
0
0
0
0
0
0
0
0
0
0
0
0
0
0
0
0
0
443,545
0
1000
0
0
0
0
0
0
1000
126,175
95,9718
0
0
0
0
0
695,163
0
0
0
791,809
0
0
0
0
0
0
0
0
0
0
0
61,8496
1000
0
608,13
0
143,802
1000
0
0
528,049
0
211,923
0
0
0
0
0
0
0
0
0
306,466
0
0
0
0
476,675
0
0
0
0
0
0
0
0
0
149,184
0
1000
0
0
82,2564
0
0
0
0
0
0
1000
0
0
0
0
0
242,666
568,921
0
0
0
0
0
0
0
1000
0
46,5781
0
0
0
0
0
0
100,859
0
0
0
0
0
0
0
0
0
0
0
0
0
0
375,887
151,374
0
216,915
0
0
0
288,75
0
0
0
0
305,981
0
1000
0
0
0
0
0
0
0
0
0
0
0
0
0
0
0
0
418,106
0
414,859
0
0
0
0
0
0
0
0
0
0
0
0
0
0
0
0
1000
0
0
0
0
0
0
0
0
0
0
0
0
0
0
0
0
0
0
0
0
0
0
0
0
0
0
0
1000
0
0
0
0
0
0
0
0
0
211,153
0
0
0
0
0
0
0
0
0
531,764
0
0
0
0
0
0
234,313
0
248,718
0
0
0
28,1021
428,578
0
0
0
0
0
0
0
0
0
0
0
0
0
0
0
0
0
0
0
1000
0
0
0
0
0
0
0
0
0
0
513,127
158,247
757,802
0
0
0
0
278,307
0
0
0
0
0
0
61,9546
0
0
0
0
0
0
0
0
0
0
0
0
0
0
0
0
0
67,7843
0
0
0
0
0
739,168
529,299
0
1000
0
1000
0
0
0
0
0
0
0
0
0
0
0
0
0
0
0
0
0
0
0
0
0
0
0
0
0
514,604
1000
0
0
0
0
0
0
0
0
0
0
0
0
0
0
521,474
0
299,076
164,739
0
0
787,96
0
474,143
1000
0
0
0
0
35,64
0
0
0
740,054
144,812
0
0
0
0
0
0
0
0
120,412
0
1000
0
0
0
793,085
0
0
0
0
0
0
298,416
0
460,543
542,766
0
689,345
0
0
0
0
0
0
0
0
1000
0
1000
0
0
0
0
0
0
0
228,051
0
0
0
0
0
0
0
0
0
0
765,842
0
0
0
0
0
0
0
510,475
0
0
0
0
0
0
0
0
38,3221
0
0
722,523
0
0
0
1000
0
0
0
0
0
0
0
0
0
0
1000
0
0
0
0
425,711
413,609
0
155,023
712,404
0
0
187,92
0
0
0
0
0
0
1000
0
0
0
0
792
0
0
0
0
0
0
0
0
0
0
0
0
400,942
0
0
0
0
0
0
0
0
0
0
0
0
564,24
257,815
0
0
0
0
193,757
1000
0
372,168
619,495
0
0
32,9644
0
0
0
0
0
0
0
0
0
0
0
0
0
0
0
0
0
0
0
0
0
0
0
0
0
0
0
0
0
0
1000
0
1000
0
0
0
0
135,188
0
0
266,916
0
0
0
1000
0
0
0
0
424,948
0
0
0
0
0
0
748,503
0
0
0
0
0
0
0
0
0
0
0
0
1000
0
1000
289,372
0
0
0
0
64,2941
0
0
0
1000
0
0
0
0
0
76,6642
0
0
0
0
1000
0
0
0
0
0
0
0
0
0
0
0
0
0
0
0
0
0
0
0
0
0
0
0
0
788,611
0
509,616
0
0
0
0
0
0
77,7634
0
0
1000
0
0
642,29
0
0
0
0
0
1000
0
0
0
0
0
519,748
0
0
0
0
0
0
0
0
0
0
0
0
449,121
0
309,519
0
1000
0
0
1000
0
0
0
0
0
0
0
0
780,236
1000
362,666
0
0
471,75
0
0
1000
0
0
0
0
0
0
544,711
0
761,985
0
0
0
0
0
752,846
0
0
0
1000
379,391
1000
316,793
0
0
0
0
0
0
0
0
0
0
144,026
0
0
0
0
718,167
0
0
0
0
525,614
0
0
0
1000
0
0
0
0
1000
0
0
0
0
0
732,54
0
0
0
0
0
0
0
0
0
0
0
0
0
0
0
0
0
0
0
0
0
0
0
0
369,796
30,07
0
0
0
0
0
0
0
0
0
0
0
0
0
0
0
0
0
490,031
0
0
0
0
0
0
0
52,8826
111,492
0
0
0
1000
0
0
0
0
0
0
0
0
0
0
0
0
0
0
0
0
0
0
0
0
0
0
0
1000
0
0
0
0
35,162
348,489
621,869
0
0
0
0
0
0
634,585
0
62,5212
0
0
0
0
0
0
0
0
0
0
0
0
0
0
0
0
0
0
0
259,471
0
0
0
0
0
1000
0
323,929
0
0
0
0
0
0
0
0
0
0
0
0
0
0
0
0
0
0
0
0
0
0
0
239,036
57,2486
467,258
0
0
0
0
0
0
0
0
0
0
0
0
0
0
0
0
188,458
0
0
0
0
0
0
668,745
0
0
0
0
0
0
0
459,164
0
0
1000
0
0
0
0
0
155,308
0
0
0
0
0
0
0
0
0
0
0
0
0
0
0
0
772,569
169,62
0
0
0
0
428,75
0
0
0
0
0
0
0
0
0
0
109,771
0
0
0
0
0
0
0
0
0
802,303
0
521,219
0
303,867
0
0
0
0
0
0
0
0
0
0
0
0
0
1000
1000
635,768
0
1000
0
0
0
0
0
0
0
0
0
0
0
0
0
326,352
0
0
0
0
0
0
0
0
0
0
0
0
0
0
1000
0
0
0
0
0
0
0
0
0
0
0
0
522,875
240,965
0
389,55
0
0
25,0301
0
392,388
0
0
0
0
0
0
0
0
0
0
0
0
0
1000
0
0
0
0
770,221
1000
0
0
0
0
118,163
0
0
442,787
0
0
0
0
416,936
0
0
0
0
0
0
0
0
0
793,384
0
0
0
0
0
0
744,26
0
0
69,9604
0
0
0
0
0
0
0
0
481,135
0
0
0
779,692
0
0
512,076
325,549
0
0
0
249,631
0
0
0
0
600,151
0
0
0
0
0
0
0
0
0
0
0
0
0
0
0
0
0
0
0
0
517,333
0
0
99,9196
1000
0
749,21
0
0
0
0
0
22,9532
0
0
820,902
0
363,598
808,975
0
0
0
0
0
0
0
0
0
0
0
0
0
0
0
0
0
0
0
0
0
0
0
0
220,922
0
0
649,582
0
0
0
0
0
0
0
0
0
0
0
0
0
393,127
0
0
0
0
0
0
0
0
0
0
0
0
0
0
391,903
0
0
0
0
494,442
0
0
0
0
0
0
0
0
1000
0
0
0
0
0
0
0
0
0
0
0
0
0
0
0
0
0
0
0
0
0
349,402
0
0
0
0
0
0
1000
0
0
0
0
290,432
0
1000
0
0
0
0
0
0
0
0
0
0
0
90,2559
0
404,738
0
0
0
0
0
0
698,889
0
0
0
415,162
0
0
0
0
0
0
218,856
0
0
0
0
0
136,722
0
82,4718
0
0
1000
0
0
0
0
0
0
0
0
0
0
0
0
28,075
0
0
0
0
0
0
0
253,913
0
0
0
0
0
0
188,503
0
0
0
0
281,078
0
0
0
0
0
0
0
0
0
0
0
0
0
0
0
0
0
0
376,67
0
0
634,56
0
0
753,449
0
0
0
0
209,024
0
803,859
0
0
0
0
0
0
0
0
469,051
0
0
0
0
0
0
0
0
0
0
0
0
0
0
0
180,13
0
0
0
0
374,855
0
0
0
0
0
0
0
0
0
0
399,763
0
0
0
0
0
0
0
0
0
0
0
0
0
0
0
0
0
0
0
0
0
0
0
0
0
0
0
514,312
1000
1000
844,788
0
700,632
1000
0
0
0
417,689
0
0
0
0
0
0
149,722
0
0
0
310,283
0
0
0
0
0
0
0
0
0
0
0
0
0
0
0
0
0
150,5
0
0
0
0
0
0
83,974
785,382
0
0
0
507,773
190,39
0
0
1000
0
0
0
0
0
0
0
1000
0
0
0
0
0
0
0
0
0
0
172,706
0
0
0
93,8102
0
0
827,684
356
0
0
676,513
0
0
1000
0
0
0
0
0
0
0
0
1000
0
1000
0
1000
0
0
520,716
0
25,2915
0
104,307
0
376,167
0
351,933
1000
0
0
0
361,169
0
0
428,039
0
0
0
0
0
0
0
712,621
0
0
0
0
0
566,886
0
0
0
0
0
0
0
0
0
0
0
0
1000
260,524
0
0
490,664
0
18,2432
0
0
0
0
0
0
1000
0
0
0
0
0
0
0
1000
0
0
0
0
1000
0
0
0
0
758,265
0
0
0
0
0
0
0
5,0936
0
0
0
0
0
770,645
0
0
1000
0
0
848,526
0
616,977
0
0
0
0
0
0
0
0
0
0
0
218,687
0
0
0
0
0
0
178,633
0
0
0
0
0
0
0
0
788,107
0
1000
0
140,763
0
0
189,545
0
0
822,604
0
76,1929
0
0
0
0
424,41
0
0
0
1000
0
0
0
0
0
0
0
0
0
0
0
0
0
0
0
0
339,538
0
0
0
0
0
0
0
0
0
0
0
0
0
0
0
0
0
0
0
0
0
0
0
0
0
0
0
0
0
0
0
187,23
212,861
139,574
0
390,24
0
0
0
0
0
0
0
0
0
0
0
0
0
0
0
0
0
0
97,5399
0
160,916
0
0
0
0
0
0
0
0
0
0
0
0
0
0
0
0
569,988
0
0
1000
0
0
0
0
291,857
0
0
0
0
0
137,204
0
0
329,457
0
0
0
0
0
0
0
0
0
0
0
739,056
0
0
0
0
0
0
0
0
0
0
0
0
0
1000
0
0
0
0
0
0
0
0
0
782,053
0
0
0
0
0
0
0
0
0
0
499,233
0
0
0
0
0
0
0
0
0
0
0
403,379
0
0
0
0
34,6547
0
0
0
0
0
0
1000
0
0
0
0
0
0
0
0
0
0
0
285,521
715,73
684,989
136,031
0
0
0
0
0
0
0
111,167
0
95,893
0
1000
0
0
0
0
0
0
738,051
0
0
0
0
530,611
0
0
0
0
0
0
0
0
0
0
0
0
0
0
0
0
0
0
0
0
0
0
0
0
0
0
0
0
0
0
0
379,178
0
0
0
0
0
829,808
0
0
0
0
0
0
0
0
0
0
0
0
0
0
0
0
0
741,945
1000
0
0
0
0
0
0
0
0
0
0
0
0
0
387,578
0
0
0
146,605
0
0
0
0
0
0
0
0
0
0
0
0
0
0
0
790,101
292,414
0
0
98,7763
0
0
0
0
0
0
61,9935
0
0
0
0
746,931
695,337
0
0
0
0
0
0
0
1000
807,998
794,655
0
0
0
0
0
0
0
541,977
0
0
0
677,684
0
0
0
0
0
0
384,309
0
0
0
0
294,757
0
0
0
0
0
0
0
480,484
0
0
0
0
588,215
0
0
0
0
0
0
0
3,92151
0
0
0
0
0
0
0
1000
0
0
0
0
0
0
0
514,997
13,3889
0
0
0
0
53,2159
0
0
1000
0
0
0
0
0
512,229
0
736,334
0
0
0
0
0
0
0
0
0
576,918
0
0
0
0
0
0
0
0
0
244,276
0
794,057
1000
788,012
0
0
0
595,561
272,454
0
571,355
0
0
0
0
0
292,41
0
11,8866
0
0
0
0
0
267,918
0
0
0
0
443,99
790,714
0
0
0
0
102,857
0
0
0
0
386,28
0
0
0
0
0
0
53,8443
0
0
0
0
0
0
0
0
0
0
0
0
0
0
0
0
27,6153
0
0
0
0
0
0
0
0
0
0
0
0
765,47
0
0
0
1000
0
0
0
0
0
0
0
0
465,704
0
0
0
0
0
0
0
1000
0
0
0
0
0
0
0
0
0
0
0
0
0
0
0
0
406,727
0
736,38
0
36,1636
0
0
0
0
0
0
0
0
0
0
0
0
0
0
0
0
0
0
0
0
0
0
0
0
0
1000
0
0
0
0
0
0
0
0
0
0
0
0
1000
0
0
0
0
0
0
0
1000
0
0
0
0
0
1000
0
0
0
0
0
0
0
0
0
0
0
0
0
0
0
0
0
0
377,447
98,6698
204,028
0
0
434,734
0
0
0
0
0
0
0
0
0
0
1000
0
0
0
0
0
0
0
0
0
0
0
0
0
0
0
0
0
0
0
0
286,996
0
0
0
0
1000
0
0
0
0
0
0
0
0
0
0
0
0
1000
785,194
0
0
0
628,105
0
0
0
0
0
0
473,747
0
0
0
30,1634
327,359
0
0
0
0
355,558
0
0
0
0
0
0
0
0
0
0
0
47,2762
0
0
0
0
0
0
0
1000
0
0
0
479,456
0
0
1000
0
0
0
0
0
91,3081
0
0
0
0
0
0
0
0
311,996
0
0
218,778
0
0
0
0
0
0
0
0
0
0
0
0
0
0
0
0
0
0
158,053
0
0
0
293,291
785,729
0
0
0
0
0
0
714,234
0
0
360,982
0
0
0
0
0
441,984
0
0
0
0
0
0
0
429,589
0
0
0
0
0
0
0
0
0
0
0
0
796,11
0
0
1000
0
0
0
0
0
0
0
0
0
0
0
0
0
714,067
0
0
538,267
0
0
0
1000
0
36,389
0
0
0
0
0
0
0
0
0
0
594,124
0
0
0
0
0
0
0
0
0
0
0
0
0
0
0
0
0
1000
0
0
0
0
0
0
0
0
0
718,162
0
0
839,354
560,248
0
0
0
0
0
549,125
0
0
0
0
0
0
0
0
0
0
0
0
0
0
0
0
0
0
723,879
0
0
0
0
0
0
0
0
0
0
0
0
0
0
0
0
0
0
0
0
0
0
0
0
0
412,746
0
1000
0
0
0
0
0
0
0
707,135
215,988
0
0
0
0
0
0
0
0
606,712
0
0
0
0
0
1000
0
0
0
0
0
0
0
0
1000
0
282,598
35,6103
0
0
0
0
536,6
0
0
0
0
0
0
0
0
0
0
749,074
0
0
0
492,302
1000
0
1000
0
841,847
0
0
0
0
0
0
0
0
0
0
0
0
0
0
0
0
0
0
0
0
0
0
0
0
0
0
0
0
0
0
0
0
310,065
0
0
29,5428
0
0
0
0
0
0
0
0
0
0
0
0
0
0
0
0
1,2678
0
0
0
0
0
0
0
0
0
0
0
0
221,477
0
0
0
0
0
0
0
0
1000
0
0
0
0
0
0
0
0
0
0
0
0
310,84
0
0
0
703,055
0
0
348,361
0
0
0
0
0
91,9136
193,22
0
0
0
0
0
0
0
0
135,372
0
0
0
0
0
0
276,831
360,531
1000
723,883
0
0
0
0
13,5176
0
782,213
0
1000
0
0
0
785,671
0
0
0
0
0
0
0
809,986
551,128
0
0
0
0
0
0
1000
0
0
0
0
0
0
0
0
0
0
712,215
0
0
286,132
1000
0
0
0
0
0
0
0
0
0
0
0
0
1000
0
0
0
0
0
0
0
0
0
0
0
0
0
0
0
0
0
729,23
0
0
0
0
441,662
0
0
0
0
28,9008
0
0
0
0
173,576
567,8
0
0
0
0
0
0
0
0
347,166
0
0
0
627,945
0
0
0
0
0
0
0
0
279,233
0
0
0
0
600,889
0
0
0
0
0
0
0
0
0
0
491,313
0
0
0
321,498
0
0
0
0
571,942
0
0
0
0
0
0
0
0
0
0
0
0
0
0
0
0
0
0
0
0
742,033
0
0
0
0
597,148
0
0
0
0
0
0
0
1000
0
0
0
0
434,292
0
0
0
0
0
0
0
0
0
0
0
0
0
0
0
0
0
0
0
0
564,731
0
0
0
0
0
0
0
0
0
0
0
0
0
375,912
0
0
0
0
153,286
0
334,648
0
0
0
0
0
0
203,059
0
0
0
205,778
0
0
0
0
0
0
0
0
0
0
0
0
0
0
0
0
210,943
545,046
0
568,991
0
0
0
0
1000
0
0
0
0
518,258
124,065
0
282,992
0
0
0
0
0
0
352,376
0
0
0
0
0
0
0
240,186
0
0
0
0
0
0
0
0
0
0
0
0
0
0
0
0
0
0
0
0
559,792
0
0
0
0
0
373,484
0
0
0
0
0
1000
0
0
64,3139
1000
0
0
0
0
368,876
0
0
0
0
739,658
0
287,813
0
0
0
0
325,576
0
1000
1000
0
0
0
0
0
0
0
0
1000
140,873
0
0
0
0
0
0
0
0
0
0
0
0
0
0
0
0
0
0
0
0
0
0
0
0
0
0
0
0
127,553
0
0
0
409,46
0
0
0
0
0
0
0
0
0
0
0
0
0
420,698
0
726,047
0
0
0
0
0
257,508
1000
0
0
0
0
0
0
0
0
0
0
0
0
0
0
0
0
0
0
0
0
0
0
0
0
0
0
0
0
0
0
0
0
0
114,718
0
1000
0
0
611,357
1000
0
0
0
0
0
0
1000
0
1000
576,754
0
1000
0
0
0
0
0
201,043
0
0
0
0
0
0
0
0
1000
0
0
0
0
0
0
0
0
0
736,715
0
1000
0
0
0
452,95
0
0
0
0
0
1000
0
0
0
0
776,26
0
0
0
0
0
0
0
274,425
1000
0
97,9121
0
0
0
0
1000
0
0
0
350,532
0
519,088
0
0
0
0
0
0
0
0
0
0
0
577,694
0
0
782,288
0
0
0
0
0
0
0
0
238,285
0
0
6,99939
0
0
0
0
0
0
0
0
0
0
0
602,49
0
0
0
0
0
0
0
34,7251
0
0
1000
0
0
0
0
0
0
0
0
0
0
0
0
0
494,389
764,114
0
0
0
209,924
0
0
490,688
116,609
0
0
1000
0
0
0
0
0
0
0
0
0
0
0
0
1000
0
1000
0
458,315
0
0
0
0
359,752
0
1000
0
0
0
0
0
0
0
0
0
0
0
0
0
0
0
0
0
0
0
0
0
0
0
0
0
0
0
658,299
0
0
0
0
0
0
0
0
0
787,88
0
0
0
789,465
0
0
0
0
0
0
0
0
0
0
0
0
0
0
0
0
1000
0
0
0
0
0
0
0
0
0
0
0
0
0
0
0
0
0
506,649
0
0
0
0
0
0
0
774,672
0
0
0
0
0
0
1000
0
0
672,484
0
0
0
0
0
0
0
0
0
0
0
0
0
0
1000
0
0
85,5279
0
0
112,512
0
0
0
780,006
0
1000
439,527
0
0
87,5124
0
0
0
0
0
0
0
0
0
0
0
0
0
0
0
0
0
0
467,482
0
1000
0
1000
0
0
247,876
0
0
0
0
0
0
0
0
0
0
0
0
0
0
0
0
0
0
0
0
0
0
0
749,013
0
0
0
0
0
0
0
0
0
1000
0
0
0
0
0
0
0
0
0
0
0
699,085
0
0
0
0
0
0
0
0
0
0
0
0
0
0
0
0
1000
0
0
0
0
0
0
0
0
0
0
504,976
0
0
0
0
0
0
772,37
0
0
125,161
0
0
0
0
0
0
0
0
142,564
0
0
0
0
0
0
0
0
0
0
0
0
0
214,561
0
0
0
0
493,834
1000
0
0
0
0
0
0
0
0
0
0
0
1000
0
0
0
0
0
0
1000
289,651
0
0
0
0
0
1000
0
0
0
0
0
0
0
0
696,324
0
0
0
0
0
0
0
0
0
0
0
0
0
0
0
0
0
0
0
0
0
0
671,903
0
0
0
0
0
0
0
0
0
0
0
0
0
0
1000
0
96,7162
0
0
666,647
59,2105
0
833,233
0
0
0
0
0
0
0
0
0
304,265
0
0
757,115
0
0
0
0
0
0
0
173,833
0
0
0
0
0
0
0
1000
0
0
0
0
0
0
0
722,499
573,148
0
0
0
0
0
0
0
0
0
0
0
0
0
0
0
0
0
0
0
0
0
0
0
0
0
530,296
0
0
517,918
0
0
0
0
0
0
0
0
0
0
0
0
356,978
0
769,991
0
0
0
0
0
0
0
0
0
211,287
0
0
0
0
0
0
1000
0
0
0
0
59,4608
1000
0
0
0
0
0
0
463,719
569,67
0
0
0
0
0
0
0
0
0
0
0
0
196,305
1000
0
0
396,071
0
0
0
0
0
0
0
0
0
0
0
0
0
0
0
0
10,7014
0
0
0
0
0
428,284
0
602,755
0
0
0
0
0
0
799,608
0
0
0
1000
1000
39,012
0
0
0
0
283,827
0
746,276
0
293,21
771,521
0
0
0
0
0
0
0
780,893
0
736,226
0
0
0
0
0
0
0
0
0
0
0
440,584
0
0
0
0
0
273,766
0
0
0
0
0
0
1000
0
0
0
495,993
0
0
1000
0
0
0
795,424
0
0
0
0
0
0
0
0
0
0
0
0
1000
0
0
0
0
0
0
0
0
0
0
0
0
0
0
0
0
0
0
0
244,75
0
0
0
0
1000
0
0
0
788,698
807,337
0
788,67
0
0
513,744
0
0
0
0
0
0
0
318,334
0
0
0
43,0809
0
570,046
0
0
0
0
0
0
0
0
612,621
0
0
0
0
0
0
754,913
0
0
0
0
0
0
0
1000
0
0
0
0
0
0
0
0
0
0
0
0
0
0
453,962
0
0
0
295,01
0
0
0
0
0
0
0
699,603
0
98,9909
0
0
0
0
0
0
0
0
1000
0
0
0
0
0
0
0
0
232,821
0
0
0
0
0
0
543,283
0
0
0
0
0
0
0
393,844
0
0
0
0
847,96
0
0
0
0
1000
0
0
0
0
262,631
455,026
0
0
0
0
0
0
0
0
0
0
0
0
0
0
0
0
0
0
0
0
0
0
662,596
0
0
0
0
0
0
0
0
756,839
0
0
0
208,249
0
0
0
0
0
0
0
0
0
0
1000
0
407,963
0
0
0
190,909
0
0
0
0
0
0
0
0
0
0
0
0
0
0
0
0
0
0
0
0
0
0
0
0
0
0
0
407,731
0
0
0
0
0
0
0
0
281,617
0
0
0
0
0
0
0
200,382
0
0
321,747
0
0
1000
0
0
0
0
0
0
0
0
821,385
0
0
0
0
0
0
0
0
1000
0
0
0
0
0
0
0
736,618
0
0
0
0
0
0
0
91,9433
0
0
0
0
0
0
1000
0
0
0
0
0
0
0
437,051
0
0
31,1757
0
0
0
0
0
0
0
0
0
0
0
0
0
0
0
0
0
0
70,8594
0
0
0
0
0
0
0
0
0
0
608,118
0
308,938
0
0
0
0
0
0
238,469
0
0
0
0
0
778,563
0
0
1000
0
1000
0
0
0
0
1000
0
0
0
0
0
0
0
0
0
0
0
0
0
0
0
0
0
0
0
0
0
1000
0
0
0
0
0
0
300,788
0
235,517
0
0
0
421,152
0
0
0
0
0
660,393
0
0
1000
0
0
0
0
0
0
167,268
161,156
0
0
0
0
710,826
845,537
0
1000
0
0
0
0
0
0
0
0
0
0
0
0
0
0
511,344
0
0
0
0
1000
0
0
0
0
1000
214,762
0
0
0
0
0
0
536,505
0
0
0
0
529,424
0
0
0
0
0
754,799
319,475
0
0
0
0
0
0
0
0
0
0
643,917
782,296
0
1000
0
0
0
0
0
0
0
0
0
0
270,628
0
493,754
0
0
0
0
1000
447,153
0
0
0
395,713
0
0
0
0
0
747,835
0
0
0
0
0
0
387,081
0
0
0
0
0
0
0
0
0
0
0
0
0
0
0
0
0
0
445,329
0
0
0
201,736
0
0
0
0
0
0
0
0
0
0
0
0
0
0
0
201,529
0
0
0
0
0
0
0
0
0
0
0
0
0
546,507
0
782,989
0
0
0
0
0
0
0
0
0
0
0
0
428,823
0
0
0
0
0
0
0
0
1000
0
0
0
731,966
0
0
0
0
0
0
0
0
0
0
0
0
0
0
0
0
590,018
756,503
0
0
318,394
0
0
567,146
0
0
6,6579
0
0
0
0
205,052
0
0
0
526,334
0
0
0
0
0
0
341,876
0
0
0
0
12,0717
0
0
0
0
0
0
0
0
0
791,374
0
0
0
0
0
0
0
0
0
0
0
0
0
0
0
1000
0
0
0
0
0
0
0
0
0
0
0
0
0
0
0
309,875
0
0
0
0
0
0
0
0
0
203,888
0
0
0
0
0
344,314
0
0
120,665
0
0
0
0
0
0
0
0
0
0
1000
0
0
0
0
0
0
0
395,691
0
60,6027
0
796,156
459,607
0
0
0
0
91,1803
0
0
0
0
0
0
0
0
0
0
0
0
0
0
0
0
0
0
0
0
0
0
0
0
171,833
0
0
0
0
395,559
0
0
0
150,965
0
0
0
0
0
0
0
0
237,039
233,798
0
0
1000
0
0
0
0
0
0
0
102,156
0
50,4092
0
0
0
162,522
0
0
0
0
0
0
0
0
0
0
0
0
0
0
0
0
0
1000
0
0
0
0
0
1000
0
0
699,747
1000
0
0
0
73,9356
0
0
0
0
0
0
0
0
0
0
0
0
0
0
0
0
0
949,222
0
0
0
0
20,3513
1000
0
0
0
0
0
175,405
0
0
0
0
329,834
0
0
307,624
0
0
0
0
703,815
0
769,675
0
0
0
0
0
0
50,2279
0
0
42,6577
0
0
0
0
472,007
0
0
0
0
452,532
0
0
0
0
1000
0
0
231,52
0
593,209
0
0
0
0
0
0
0
0
1000
0
0
0
0
0
1000
0
1000
0
0
0
0
0
489,802
0
0
736,479
0
0
0
0
0
0
1000
1000
0
0
0
0
1000
771,165
0
0
0
0
0
523,368
0
0
0
0
0
0
0
732,982
0
526,342
0
0
1000
770,873
0
0
0
0
0
753,299
0
0
0
0
781,998
799,49
0
0
0
507,792
0
0
636,948
568,557
0
0
0
0
0
0
0
0
0
58,4691
354,637
0
0
0
0
248,685
0
0
0
0
0
474,578
0
539,579
0
0
0
75,9945
0
0
0
1000
0
0
0
0
707,584
0
0
779,454
0
0
0
0
818,272
698,816
0
0
0
0
0
0
0
0
0
463,77
1000
0
0
0
0
0
0
0
0
0
545,085
0
0
0
0
0
0
0
0
0
0
0
0
0
0
0
0
0
11,5866
0
0
0
0
0
0
0
0
1000
0
0
0
0
0
0
0
0
0
0
0
0
0
0
0
0
0
0
0
0
0
0
0
0
0
0
0
0
0
0
0
739,939
0
0
0
0
0
0
0
0
0
0
0
0
0
0
0
263,143
0
0
0
0
1000
0
0
0
0
0
0
2,02885
0
0
0
0
0
0
0
0
0
0
0
0
0
1000
0
0
0
0
0
0
0
0
0
0
0
0
0
545,911
0
0
0
0
0
0
0
188,748
0
0
0
0
765,031
0
0
0
0
0
166,82
0
0
0
762,485
420,35
0
0
0
0
0
0
0
0
0
0
0
0
174,589
0
0
0
230,562
0
0
0
0
0
0
0
0
0
0
446,577
0
197,978
0
0
0
0
0
0
0
0
0
0
0
0
0
0
0
0
0
0
7,69591
263,172
0
0
0
0
0
0
765,181
0
0
0
1000
0
0
0
0
0
0
0
0
0
174,373
0
0
0
0
0
0
0
0
0
0
0
0
0
0
0
69,2926
0
0
0
0
0
0
0
0
0
0
0
0
0
0
0
282,523
0
63,9316
545,967
0
0
0
708,958
0
1000
0
0
0
0
0
0
0
0
0
0
0
0
0
0
80,7321
0
193,433
0
0
0
0
0
405,769
0
0
460,748
0
0
0
0
0
0
0
0
0
0
0
0
0
0
0
0
0
90,8649
437,442
1000
0
0
0
0
0
0
0
0
0
0
0
0
0
0
1000
0
0
0
0
0
0
0
0
0
0
0
0
549,701
1000
0
0
0
0
766,293
0
67,9718
0
0
0
0
0
0
430,481
0
263,275
0
0
0
0
0
0
0
0
0
0
0
0
0
0
0
0
0
0
0
788,124
0
0
0
0
124,359
0
0
0
30,1235
0
0
0
0
0
0
0
0
0
0
0
0
0
0
0
0
1000
0
0
0
0
0
0
0
471,235
0
5,15333
0
0
0
0
0
0
0
0
0
0
0
0
0
0
0
0
0
0
1000
0
0
546,804
0
0
0
0
0
0
0
0
0
0
0
0
0
0
0
0
0
0
0
0
0
0
0
0
311,074
1000
0
0
0
0
0
0
0
0
0
0
0
0
0
0
0
0
0
0
0
0
495,209
0
0
0
132,92
0
0
0
0
0
0
0
0
0
0
774,007
0
178,178
0
0
0
0
0
0
0
0
0
0
0
0
0
33,5966
0
0
0
0
0
0
0
0
280,215
0
0
108,071
0
0
0
0
550,564
0
0
0
0
615,034
0
0
290,918
0
0
761,112
0
0
0
0
0
526,514
0
0
1000
811,388
0
739,145
0
0
724,356
0
0
0
78,8388
0
0
0
0
0
0
0
0
0
0
0
0
639,535
0
0
0
0
0
547,526
0
0
0
0
0
0
0
504,699
0
0
0
0
0
1000
0
0
24,1941
443,615
0
0
693,98
756,608
699,432
0
0
1000
602,703
0
0
0
0
0
0
0
0
0
0
0
0
0
0
0
247,156
0
0
0
0
0
0
0
0
729,28
0
0
0
0
0
0
0
0
0
782,666
0
1000
0
130,077
0
0
0
0
0
0
412,33
0
761,696
0
1000
0
0
0
0
0
0
0
0
0
0
0
0
0
0
0
0
0
0
0
0
202,649
1000
0
0
0
0
0
0
0
0
0
0
0
0
0
0
341,068
0
0
0
0
0
0
0
0
0
0
0
0
0
1000
0
0
0
0
0
0
0
781,486
0
0
0
0
0
0
0
0
0
0
0
422,871
0
0
0
0
0
0
699,251
0
0
0
0
0
0
0
0
0
0
0
492,22
0
0
0
0
0
0
0
176,185
0
0
1000
0
0
0
0
1000
0
0
0
0
0
0
0
0
0
243,252
0
0
0
508,923
0
0
0
0
0
0
1000
0
0
0
0
1000
0
0
0
0
0
0
0
0
0
0
0
0
467,474
0
0
744,885
813,658
0
1000
0
0
0
0
0
0
0
0
0
0
0
0
41,6734
0
0
0
0
0
0
0
0
0
0
0
1000
1000
120,327
0
0
0
0
104,153
0
569,856
0
115,286
0
0
0
10,7567
0
0
0
0
327,631
0
0
0
383,356
0
0
0
0
0
0
0
0
0
439,939
856,505
398,017
0
0
0
0
0
0
0
0
0
0
0
0
486,227
844,681
0
0
0
0
0
273,468
0
0
0
0
0
0
0
0
0
0
429,078
0
0
0
0
0
0
0
779,509
0
1000
0
0
230,315
0
0
0
0
0
0
304,793
0
0
0
0
0
0
547,372
0
0
0
0
0
0
0
0
166,291
0
0
0
0
0
262,084
0
0
0
0
613,805
0
0
0
0
0
0
0
0
0
0
0
0
0
0
522,573
0
0
0
0
0
0
230,069
0
0
0
0
874,592
0
0
0
0
0
0
1000
1000
0
0
0
484
0
0
0
0
0
0
0
0
0
0
0
0
94,222
47,8622
0
0
0
0
0
0
0
626,962
0
246,361
0
649,438
0
0
0
389,109
0
0
0
0
0
0
0
0
0
0
301,798
731,4
0
0
0
1000
1000
0
0
0
0
0
795,38
0
0
0
0
0
0
716,371
0
0
279,814
0
701,917
1000
0
0
0
0
0
0
0
0
0
0
0
0
0
463,56
0
0
0
0
0
0
0
1000
0
0
0
0
0
0
1000
1000
0
0
0
0
0
0
0
0
1000
0
0
0
0
0
0
0
450,658
0
0
0
0
1000
0
0
0
1000
0
0
0
0
0
0
0
0
122,682
0
1000
0
0
0
0
0
0
0
205,274
0
349,566
560,992
0
0
0
0
0
0
162,336
205,651
0
0
0
0
0
0
0
0
0
0
0
0
0
0
0
0
0
0
0
1000
0
0
1000
0
782,079
0
0
0
414,957
824,426
0
0
527,509
0
0
1000
0
0
0
0
0
0
0
368,177
0
0
0
68,5349
0
0
0
0
0
0
0
54,423
0
0
0
0
722,89
0
0
0
0
0
0
814,054
0
0
437,585
0
0
0
1000
0
637,753
0
0
1000
0
0
0
0
0
0
0
0
0
1000
0
0
0
0
0
0
0
0
0
0
0
0
0
0
0
0
0
0
0
0
0
0
0
0
0
0
452,235
0
0
0
0
0
0
0
0
422,603
317,666
0
0
0
0
0
0
0
0
0
201,741
58,1109
0
0
616,135
0
222,298
0
0
272,242
0
0
0
0
0
0
0
149,808
0
83,3436
0
0
0
0
0
0
0
0
1000
705,007
0
0
0
0
0
0
0
0
0
0
0
0
0
0
0
0
279,312
0
0
0
0
0
0
0
18,6234
0
0
0
0
0
0
0
0
0
0
416,051
0
0
0
0
0
0
0
0
0
0
0
0
0
748,498
0
257,216
0
0
745,787
0
0
0
0
0
564,456
0
0
0
0
0
0
0
0
794,059
0
0
0
330,176
0
0
0
0
0
0
1000
0
0
0
0
0
0
1000
0
536,277
0
0
767,319
21,3269
0
0
0
0
0
0
0
1000
0
0
0
0
0
0
544,885
0
71,8726
0
0
0
0
0
0
0
1000
0
0
0
0
0
0
0
0
0
0
763,33
91,3688
1000
708,542
0
0
0
0
0
0
417,659
0
0
0
0
0
51,1014
0
0
0
0
1000
0
26,8946
0
0
0
0
101,682
0
0
0
0
0
0
0
29,3015
0
0
351,149
0
0
3,86395
0
0
0
0
0
0
0
388,127
0
161,06
0
0
95,3523
429,473
0
0
0
0
0
0
357,673
0
0
0
0
0
0
0
0
0
0
245,673
0
0
1000
119,127
0
0
0
0
0
0
0
0
1000
0
0
0
0
0
0
0
0
0
233,466
0
0
0
0
0
0
571,326
0
0
0
1000
0
0
0
0
104,396
0
0
1000
0
0
0
791,548
0
54,6737
0
0
0
0
0
1000
0
0
0
0
0
0
0
0
0
0
0
0
0
0
256,3
0
0
0
0
0
0
0
0
8,44287
1000
0
0
0
314,114
0
0
0
0
0
0
0
0
0
0
0
0
0
0
0
1000
0
0
0
0
0
0
759,401
0
583,417
0
0
71,2156
1000
0
0
0
497,188
787,507
0
1000
0
0
0
0
0
0
0
0
0
46,0047
0
0
0
3,71282
0
0
0
0
0
0
0
739,353
0
0
0
0
0
0
0
0
0
790,923
0
0
0
0
0
0
0
1000
0
772,529
0
0
0
0
0
572,956
0
0
0
0
165,112
0
0
0
0
0
0
1000
0
772,528
422,141
0
0
0
1000
1000
0
0
0
0
0
0
0
0
0
0
0
0
0
0
0
0
0
0
0
774,257
0
0
0
0
0
32,1244
0
0
0
0
0
0
0
630,538
0
0
0
475,459
0
0
0
0
0
0
0
0
726,247
142,246
674,121
0
62,8929
0
0
0
0
0
444,618
0
0
0
0
0
1000
0
145,346
0
0
0
0
0
0
0
0
0
0
131,89
0
0
0
0
76,856
1000
0
0
0
0
14,4263
1000
0
0
517,552
0
0
0
0
46,9972
0
0
0
0
0
0
0
0
0
0
0
385,193
0
0
0
0
0
0
0
0
0
0
0
0
0
0
0
123,396
780,244
0
0
0
0
0
0
0
0
0
0
0
1000
0
307,426
127,875
0
382,72
0
0
0
0
0
0
0
0
0
0
0
0
0
0
0
1000
0
0
1000
0
0
0
0
0
0
0
0
0
0
77,6749
0
0
230,305
341,975
276,518
0
0
0
70,3772
0
0
0
0
0
1000
609,615
0
94,4889
0
1000
0
0
0
0
0
0
723,588
0
0
0
0
0
173,746
0
0
162,99
0
0
0
0
0
0
0
0
0
0
0
0
1000
0
0
0
0
319,913
0
0
0
0
0
0
0
0
0
0
0
0
0
0
0
0
0
0
0
0
0
0
1000
0
0
0
0
0
0
143,311
84,7143
0
0
0
0
0
102,422
0
0
0
0
0
0
0
0
0
0
0
0
0
279,505
0
0
0
0
0
0
1000
0
0
803,748
0
0
0
200,359
0
1000
0
0
0
0
0
0
0
0
0
0
0
0
382,311
0
0
0
0
0
0
0
0
0
0
0
0
0
1000
0
0
0
0
0
127,514
0
0
0
0
0
0
0
0
0
0
49,0208
139,615
0
328,678
0
0
0
0
0
0
0
0
0
0
1000
493,549
0
0
177,768
0
0
0
0
0
0
0
0
0
0
0
0
0
0
0
0
0
0
0
0
695,608
0
0
0
0
0
0
0
0
0
0
0
0
0
0
287,909
0
0
0
0
624,586
752,339
0
0
0
376,262
0
1000
0
0
0
0
0
0
0
0
78,4632
292,306
0
1000
0
0
0
97,9076
0
0
0
0
0
0
0
0
0
0
416,997
0
1000
0
0
312,146
0
0
0
0
0
0
0
0
0
517,974
0
0
288,211
0
0
0
0
0
0
0
0
0
0
0
0
0
0
0
0
0
0
0
0
246,595
0
0
0
0
0
0
0
0
0
1000
0
0
0
0
0
1000
0
0
0
0
0
0
0
0
0
0
0
0
107,062
0
0
0
264,304
0
0
0
0
0
0
0
0
0
0
0
0
0
0
0
0
153,5
0
110,101
0
471,952
0
0
0
0
0
0
0
0
0
0
0
0
0
0
0
0
0
0
0
0
0
1000
0
0
0
0
0
0
0
0
0
432,639
0
0
192,982
0
0
0
0
0
0
0
0
0
0
0
0
0
0
295,143
709,369
0
0
0
0
0
0
0
0
13,8656
0
0
0
0
0
0
0
0
0
23,0461
0
0
0
1000
0
0
0
0
0
0
0
0
0
0
0
0
754,973
0
0
0
0
0
0
1000
0
0
0
0
0
1000
0
0
0
0
0
0
0
0
0
1000
0
0
0
0
0
0
0
0
0
0
0
0
0
0
0
0
0
0
0
0
0
1000
0
0
0
0
0
0
0
0
0
0
0
0
0
0
0
0
0
0
0
0
0
689,377
0
62,8743
0
0
0
0
0
0
0
0
140,975
0
364,896
0
0
1000
0
0
0
634,364
0
0
0
0
487,776
409,812
439,956
0
0
0
682,058
0
0
0
0
0
0
0
0
0
0
0
0
0
0
0
0
0
0
0
0
1000
527,062
1000
1000
0
578,073
0
0
0
0
256,822
0
67,4172
0
0
0
340,948
0
0
0
0
0
233,462
0
0
634,905
0
0
0
0
0
0
0
0
0
0
0
0
26,1434
0
334,651
0
0
0
0
0
0
0
0
774,191
0
52,9674
0
611,142
0
1000
0
0
0
391,464
0
0
0
0
706,42
0
0
0
82,5504
0
0
0
0
0
0
0
0
0
738,024
0
0
0
0
0
0
0
0
273,842
0
0
0
0
0
0
0
0
0
0
277,495
0
0
0
0
0
685,319
0
0
0
0
0
132,206
0
0
0
1000
507,203
0
0
299,346
0
0
73,8437
0
0
0
0
0
0
0
0
0
0
0
0
0
788,944
0
0
0
141,944
0
0
0
0
0
0
0
0
0
0
0
0
0
0
0
0
0
0
0
0
0
0
0
0
0
0
0
0
0
0
0
0
0
0
0
0
0
0
0
0
0
0
0
0,048264
0
0
0
0
0
818,794
0
0
0
0
0
208,227
391,328
0
0
0
0
0
5,17734
54,9966
0
0
0
0
0
0
0
499,363
0
0
0
713,424
0
0
0
0
0
0
0
0
276,71
0
0
0
0
0
0
0
1000
0
0
0
538,624
0
0
0
0
0
0
1000
0
14,8693
0
383,06
0
1000
0
0
0
0
0
0
65,6326
0
0
0
0
0
741,577
0
0
0
0
0
0
0
0
0
634,371
0
0
0
470,293
0
0
0
0
0
0
0
0
0
0
0
0
0
0
0
0
0
0
0
0
0
0
0
0
0
0
0
587,995
0
0
0
0
0
0
0
0
0
1000
0
0
735,912
0
566,85
1000
0
0
0
0
0
0
0
1000
0
0
0
0
0
723,223
1000
0
0
0
0
0
0
0,539119
0
0
0
0
0
0
0
0
0
0
0
416,347
0
0
0
0
0
0
0
1000
286,457
0
0
0
0
318,749
0
0
0
0
0
0
0
0
0
0
0
0
0
0
0
700,129
0
0
0
0
0
0
0
0
0
0
0
0
0
0
0
0
0
0
0
72,0647
0
0
67,9653
0
0
0
0
0
0
0
0
0
0
840,737
0
0
0
0
0
0
0
0
494,976
0
0
0
0
0
0
0
366,348
1000
1000
0
0
540,143
1000
0
1000
0
0
719,038
0
0
0
0
0
0
0
0
0
0
0
0
0
0
0
0
0
0
0
0
549,773
0
0
0
0
1000
0
742,232
0
0
0
0
581,402
0
0
0
187,238
0
0
0
0
0
0
1000
0
0
0
0
0
0
128,237
29,3539
1000
769,842
0
0
191,69
0
0
705,225
0
0
0
0
0
0
0
0
0
0
0
0
0
0
0
0
0
0
0
0
0
0
0
0
704,936
1000
0
0
0
0
0
481,478
0
0
0
0
0
0
0
0
0
0
0
0
0
0
0
1000
759,99
0
0
0
0
0
0
0
0
0
0
0
0
0
0
0
0
57,6349
0
0
0
0
0
0
0
1000
579,933
0
526,121
585,101
0
0
424,475
0
0
0
0
0
0
0
0
0
0
1000
343,213
0
1000
0
0
0
0
0
0
0
0
0
0
0
0
0
0
0
1000
0
0
0
0
0
0
0
0
0
0
0
0
0
0
0
0
0
1000
0
0
0
0
0
0
0
750,792
0
0
0
0
0
0
0
0
0
0
0
0
0
0
0
0
0
0
0
0
0
225,828
0
0
0
0
0
0
1000
0
0
0
1000
0
0
86,9499
0
0
0
0
0
0
0
0
0
1000
0
0
0
0
0
0
0
0
0
0
0
728,477
0
0
0
0
0
0
342,407
0
0
0
0
715,302
1000
0
739,002
0
0
0
0
0
0
0
0
0
0
0
0
0
0
0
0
0
0
0
0
37,4703
0
0
0
0
0
0
119,668
269,614
0
0
0
0
0
0
0
0
0
0
0
98,5374
0
0
224,736
0
0
0
0
0
0
0
0
1000
0
373,66
293,646
0
0
0
0
0
0
0
0
0
0
0
0
0
0
0
0
0
0
0
300,02
0
0
0
0
0
0
0
0
0
0
0
0
0
0
40,8201
0
0
0
0
0
0
0
0
0
1000
0
0
0
0
0
0
0
1000
0
0
0
0
0
0
0
0
0
322,718
0
0
0
0
0
1000
0
0
0
0
0
0
0
0
0
0
0
0
77,9728
0
0
0
0
0
0
653,882
0
0
0
0
0
0
0
0
0
0
0
0
0
0
731,418
88,8015
0
0
150,512
0
0
0
0
0
0
0
365,339
0
588,117
0
101,304
0
0
0
0
0
0
0
0
0
0
0
173,715
0
1000
0
0
0
0
0
0
0
0
522,172
0
0
0
0
0
0
578,744
0
0
0
0
297,674
276,645
0
0
0
1000
0
0
0
0
1000
1000
0
0
59,9539
0
0
791,162
0
0
0
0
0
0
0
0
0
0
0
0
0
0
0
0
0
0
0
498,449
0
0
294,211
0
0
0
151,337
0
0
0
0
0
0
0
253,423
839,155
0
0
0
0
0
0
571,068
0
0
0
390,194
0
0
0
0
0
0
0
0
0
0
0
0
95,4531
0
0
0
0
0
855,025
0
0
0
0
0
0
0
0
0
0
0
0
0
54,3144
700,227
792,673
445,081
0
1000
0
0
0
0
1000
0
0
0
0
0
0
0
0
1000
0
0
0
0
0
0
0
0
1000
0
292,41
0
0
0
0
0
0
0
0
0
0
0
0
0
0
0
0
0
0
0
0
0
0
0
0
787,656
0
1000
0
0
340,528
0
0
0
1000
305,791
283,217
684,058
0
0
784,369
0
0
0
1000
0
586,29
0
0
724,975
0
501,141
0
0
0
0
0
466,867
0
0
0
0
0
0
1000
435,838
0
0
736,797
1000
0
0
0
0
0
0
0
214,961
0
0
229,052
28,0119
217,204
0
236,851
0
0
0
0
0
0
122,585
0
0
210,176
0
832,018
0
0
0
752,502
0
160,245
0
0
0
162,344
0
0
0
0
0
0
0
181,658
1000
381,821
0
0
789,676
0
0
0
0
0
0
0
0
0
0
0
47,8105
0
669,827
263,111
0
0
1000
0
0
0
0
0
0
0
0
781,885
0
0
0
317,9
0
0
0
0
0
0
0
0
473,298
0
0
0
0
0
0
0
0
0
0
0
0
0
0
0
0
0
0
0
0
0
0
0
0
0
0
21,1695
0
171,403
0
289,451
22,3667
0
0
0
0
0
0
0
0
0
0
0
0
519,864
0
0
0
0
0
0
432,939
0
0
0
0
0
0
0
0
0
0
0
0
0
761,785
169,076
1000
0
0
0
0
0
0
0
0
302,24
1000
772,939
0
0
0
0
786,501
0
0
0
0
1000
0
0
0
0
0
0
1000
0
0
0
0
0
0
88,8015
0
0
0
256,498
0
0
0
0
0
0
0
0
0
0
782,166
0
0
0
1000
0
0
240,949
0
0
0
1000
0
0
406,042
0
0
0
0
798,067
0
0
0
0
0
723,606
0
0
0
350,988
0
0
0
0
0
0
0
0
0
0
0
0
771,203
157,999
0
0
0
0
0
0
356,387
0
0
0
0
0
0
0
0
0
0
0
0
0
0
591,258
0
0
0
0
0
0
0
0
0
0
1000
0
0
0
315,793
0
0
0
0
0
596,943
0
709,711
0
1000
0
0
0
1000
0,914251
0
0
0
0
416,185
0
0
0
0
456,012
168,364
0
423,632
0
0
0
0
0
0
0
52,9531
0
0
0
445,645
0
0
0
0
0
0
0
0
0
0
0
0
270,824
0
33,7905
0
0
0
0
269,808
0
0
456,208
0
0
0
0
0
0
0
0
0
0
119,619
0
0
0
0
779,295
0
0
0
0
0
0
0
0
0
0
0
510,994
0
0
0
747,576
0
0
0
0
0
0
0
0
0
0
0
0
240,587
0
299,649
0
950,7
0
0
0
0
0
0
0
0
0
0
0
0
0
0
0
0
0
0
0
0
0
0
0
0
0
558,784
0
776,585
215,895
0
93,827
0
811,209
0
0
0
0
0
0
0
0
0
0
0
0
0
0
0
66,5177
0
0
0
0
395,902
0
0
654,165
308,378
0
0
297,734
0
0
0
0
0
0
711,875
0
0
0
0
0
0
0
0
0
0
0
0
0
0
0
0
0
0
0
0
0
0
0
0
0
0
0
628,362
0
313,558
122,76
364,446
0
654,655
0
0
0
0
759,532
1000
0
0
0
351,827
0
0
0
0
0
0
0
0
1000
0
0
0
0
0
0
0
0
0
0
457,046
0
534,157
0
1000
0
0
0
0
0
0
0
0
0
0
0
0
0
0
0
0
0
400,342
0
0
0
0
0
0
0
0
0
0
0
0
0
0
0
0
31,8329
0
0
0
0
0
0
0
556,072
0
0
1000
0
15,5997
0
0
0
1000
349,433
0
0
0
0
0
0
0
1000
439,233
0
0
79,0614
0
0
0
0
0
0
0
0
0
0
0
0
0
0
0
0
525,348
0
291,132
0
171,191
0
570,717
0
0
338,726
0
0
0
0
0
0
784,997
0
0
0
0
452,106
222,476
0
0
0
0
1000
0
0
0
157,351
0
0
0
0
0
0
0
0
0
0
0
0
718,072
0
0
0
0
0
0
332,875
473,241
0
0
0
0
0
58,2613
6,71467
0
0
0
0
1000
0
0
0
782,138
0
748,74
584,075
1000
0
367,174
0
0
0
0
0
0
0
0
0
1000
0
0
580,268
0
532,78
0
0
0
454,039
793,695
0
0
0
0
0
0
0
0
0
0
0
0
0
0
565,161
0
289,326
0
0
0
835,283
0
1000
98,9419
0
0
0
0
0
0
0
0
0
0
60,8736
0
0
0
0
0
0
0
0
0
0
87,4994
0
0
0
0
0
0
0
0
0
0
0
502,531
0
0
168,885
0
0
547,007
0
0
69,5436
0
0
0
0
0
0
0
0
0
0
409,457
0
741,806
0
566,317
0
0
0
0
0
0
0
1000
0
0
0
0
0
297,713
0
0
0
0
0
0
129,699
0
0
0
0
0
0
55,3148
0
383,623
0
0
545,869
0
0
0
281,365
0
0
0
705,195
0
0
0
0
0
0
416,402
0
0
0
0
0
0
0
0
714,639
398,614
0
0
0
0
0
0
546,825
0
0
0
0
0
0
0
386,889
0
1000
459,466
0
0
0
0
0
0
0
0
0
0
0
0
0
0
0
0
0
0
0
0
0
0
0
0
0
773,928
0
45,8038
0
0
1000
0
0
0
0
0
0
0
0
0
0
28,219
0
0
0
0
0
0
0
0
0
0
0
0
0
0
0
0
0
0
0
0
0
0
0
316,68
0
387,325
516,17
0
0
0
0
0
0
0
0
0
0
0
758,81
764,963
0
0
0
0
0
520,467
1000
0
0
0
245,322
0
0
0
1000
0
0
792,433
0
248,798
0
1000
0
0
74,59
0
0
0
0
0
161,393
0
0
661,925
0
0
0
0
0
0
748,139
0
21,6484
0
0
0
0
0
0
0
0
0
0
0
0
0
0
0
0
0
0
0
0
0
0
0
0
0
454,044
362,453
0
0
0
426,321
0
0
0
0
95,9541
0
0
0
0
0
0
0
0
0
0
0
0
0
0
604,394
781,649
0
0
0
1000
340,625
0
0
0
0
0
0
0
0
415,425
0
0
0
792,046
0
0
607,612
0
121,473
0
0
0
0
0
0
21,863
0
0
0
0
0
0
0
0
0
399,444
0
0
0
0
482,781
1000
0
0
0
0
264,039
0
0
0
0
0
0
0
668,38
0
0
0
0
0
472,094
0
0
783,508
0
0
0
0
0
547,769
0
475,333
0
57,7144
347,528
0
0
0
0
0
0
0
696,105
0
0
0
0
0
0
0
0
0
0
248,3
0
0
0
43,3223
0
0
0
1000
0
88,5095
0
0
0
0
0
0
0
0
0
0
0
0
448,089
0
0
0
0
0
0
0
0
0
0
0
0
0
0
0
290,286
0
0
0
128,572
498,139
282,989
0
0
0
0
0
0
0
0
0
0
0
604,002
0
0
0
0
0
0
0
0
0
0
0
0
0
0
0
57,953
81,3154
486,333
0
27,2377
589,172
0
0
686,955
0
0
0
0
0
0
0
171,951
733,063
0
0
0
0
0
0
0
0
0
721,574
385,507
755,899
795,949
594,444
615,37
0
0
353,466
0
0
0
0
0
0
0
0
0
0
0
0
0
0
0
0
0
0
0
0
0
0
0
0
0
0
0
0
0
315,124
0
10,5741
0
0
0
0
0
0
0
0
0
292,829
0
188,444
0
0
0
391,446
0
0
0
0
0
0
0
0
0
815,172
0
0
0
0
0
0
0
0
0
0
0
0
274,002
0
0
588,519
0
0
0
0
0
0
0
407,18
0
0
0
407,812
0
0
0
3,33086
0
0
0
0
0
0
0
1000
0
0
0
0
402,048
693,046
0
0
0
0
0
0
87,5313
0
0
0
0
0
0
0
0
0
0
0
0
0
143,607
0
0
0
1000
0
0
0
0
0
0
0
0
0
0
0
0
0
0
0
0
0
0
0
0
0
0
0
0
0
0
0
0
0
0
0
102,26
0
0
0
0
0
0
379,245
0
0
0
1000
0
0
0
0
0
0
0
268,416
731,239
0
0
0
0
0
0
0
0
0
0
489,026
1000
333,495
0
751,159
0
0
0
0
254,659
0
0
0
0
0
0
0
0
0
0
0
0
0
743,973
0
0
0
0
0
0
1000
0
753,643
0
0
0
0
0
0
0
0
1000
0
348,337
295,245
0
0
538,256
0
0
0
0
0
0
0
0
0
0
0
0
0
0
0
0
0
0
0
0
0
0
0
705,858
0
0
0
0
0
0
0
0
0
0
0
0
0
0
0
0
46,456
267,815
245,804
0
0
0
0
0
0
0
0
0
1000
0
0
0
0
1000
578,15
0
0
0
0
0
574,436
0
0
1000
0
0
291,949
0
0
0
51,4192
0
0
0
0
0
521,915
0
0
0
0
0
0
0
0
0
0
0
0
0
115,883
0
159,765
243,471
0
0
0
183,101
0
0
198,196
0
0
0
0
0
0
0
0
456,49
107,61
38,2512
0
0
0
0
0
0
0
1000
0
0
0
0
0
0
0
0
0
0
0
0
760,36
0
0
0
0
12,2711
0
0
0
0
0
0
0
0
0
0
0
0
0
700,082
0
0
0
475,511
279,247
0
0
0
0
0
0
0
0
0
0
1000
0
1000
0
0
1000
0
0
0
0
0
0
0
0
358,994
0
0
0
1000
681,246
195,876
0
0
0
0
0
37,9169
0
561,842
0
0
0
0
0
0
0
0
0
0
0
0
261,544
0
0
0
0
0
0
0
0
0
0
0
829,481
0
0
0
0
0
0
0
0
361,675
0
0
711,187
0
0
0
0
513,381
0
0
0
0
332,579
235,745
0
0
0
782,821
0
0
0
0
0
0
0
0
0
0
0
0
0
0
795,566
0
0
0
0
0
756,161
0
0
70,9121
1000
0
0
0
0
0
0
787,59
0
0
0
0
0
0
683,275
0
0
0
0
0
1000
717,447
0
0
0
0
1000
0
0
0
0
0
0
0
0
0
0
127,53
392,704
0
1000
0
0
0
0
0
0
132,988
0
408,511
0
0
0
0
0
0
0
0
0
1000
51,0831
0
0
71,0317
0
0
0
0
0
0
0
718,393
588,249
0
0
708,442
0
179,756
0
0
480,541
0
0
667,741
0
0
0
0
441,819
0
0
0
0
0
0
0
839,827
1000
0
0
0
0
519,599
0
0
0
321,112
0
1000
1000
0
1000
0
0
0
0
0
142,551
0
0
0
0
0
0
0
0
722,922
0
0
0
1000
0
0
0
1000
0
0
0
0
669,7
0
0
292,615
0
0
0
0
0
0
0
0
0
1000
0
0
0
0
0
0
0
0
1000
0
0
0
0
0
0
1000
0
0
0
0
0
0
0
0
0
0
0
0
748,092
0
0
0
0
0
0
0
0
1000
780,592
709,784
0
1000
0
498,938
0
173,333
0
0
0
1000
0
0
0
0
0
1000
0
0
0
0
0
0
0
0
0
0
1000
0
0
0
0
0
0
0
0
498,962
0
0
1000
0
0
0
0
0
0
0
0
0
0
428,05
754,888
0
0
417,517
0
0
0
0
0
0
0
0
0
0
0
0
0
0
1000
0
0
0
0
1000
0
0
419,317
0
0
0
0
713,326
0
0
0
0
672,657
770,805
0
0
0
0
0
0
0
0
0
0
0
0
0
443,967
0
0
0
0
0
0
0
0
0
0
0
0
0
0
0
0
0
0
0
1000
0
0
0
0
0
0
0
0
0
285,921
0
0
0
0
0
1000
0
0
0
0
0
0
66,1131
0
621,546
0
0
337,66
0
0
0
753,221
0
0
290,202
0
1000
0
0
0
0
0
0
0
0
0
0
0
0
0
0
743,167
146,21
645,369
0
0
247,761
0
0
0
0
0
0
0
453,095
0
0
0
0
0
0
0
0
0
0
0
401,983
0
1000
0
0
0
0
0
820,447
0
0
0
0
0
0
0
0
0
0
70,4029
728,839
0
0
0
0
0
0
0
0
134,112
0
0
0
84,5476
0
0
678,132
0
0
778,973
0
0
0
739,245
0
0
0
0
0
0
0
0
0
0
787,747
197,001
0
0
0
0
0
520,164
774,338
0
0
0
0
0
0
0
325,517
0
113,82
144,493
0
0
0
0
0
728,808
0
0
0
0
0
0
0
0
0
198,329
0
0
0
0
0
0
0
0
0
0
0
0
0
686,476
0
523,885
0
0
0
0
0
0
0
0
0
439,923
0
14,8267
0
0
0
0
0
0
0
0
0
0
0
0
0
0
0
0
0
0
0
0
0
0
0
0
0
511,68
0
0
0
0
0
184,201
0
0
0
0
745,941
0
0
0
525,243
0
0
0
584,277
0
0
0
0
0
0
0
773,14
0
0
563,822
0
0
350,796
0
0
0
0
0
89,072
0
0
0
0
0
0
401,688
0
0
0
0
0
0
0
0
0
0
0
0
840,756
597,112
0
0
0
715,591
0
0
0
0
0
0
0
0
0
0
639,24
0
0
0
0
0
0
0
0
0
0
0
0
0
0
0
0
559,547
579,094
0
0
316,005
0
0
0
0
1000
203,781
0
194,454
0
641,121
88,2579
0
0
0
0
0
0
0
109,045
0
0
0
0
0
503,394
0
0
0
0
0
0
0
1000
0
36,0694
0
0
0
0
0
214,161
493,575
1000
0
0
0
0
793,755
0
0
0
0
0
0
0
0
0
0
0
0
0
0
0
0
0
0
454,054
0
0
0
0
0
0
0
0
0
0
0
0
1000
0
0
0
0
120,308
0
0
0
0
0
0
0
0
0
1000
0
0
0
0
0
0
115,362
0
0
144,302
0
703,858
0
0
628,942
0
0
0
84,1626
0
0
0
0
0
1000
352,57
0
0
0
670,257
0
1000
0
0
0
0
0
0
0
0
0
0
388,842
0
0
0
0
0
0
0
1000
0
0
0
0
0
1000
0
0
0
0
0
0
0
0
0
0
0
0
0
0
345,698
0
0
0
0
0
0
0
352,353
0
8,06822
0
0
0
0
236,877
0
733,052
1000
0
652,818
0
0
0
0
0
0
0
0
0
0
0
0
0
0
1000
417,2
752,57
0
0
0
0
0
0
0
0
0
0
0
0
0
628,02
0
0
0
0
0
0
0
0
0
0
0
0
0
0
0
0
0
0
0
0
29,9113
669,741
0
0
577,915
0
0
0
0
0
0
0
0
0
0
0
0
0
0
0
0
0
0
0
0
0
0
0
0
0
0
0
0
458,42
0
0
0
0
0
0
0
0
0
0
0
0
0
1000
0
0
0
0
0
0
1000
726,828
0
0
0
0
0
0
0
0
0
0
452,098
0
0
0
0
0
0
84,8424
0
0
0
0
0
0
0
0
0
0
0
0
0
0
0
0
0
0
0
0
0
0
0
0
0
305,78
0
0
514
0
0
0
0
0
0
0
0
0
1000
0
0
0
0
27,454
0
0
0
0
0
483,354
0
0
0
0
1000
766,248
0
0
0
0
0
0
0
0
495,672
0
0
0
0
0
0
0
0
0
0
0
0
757,45
0
0
0
0
0
0
0
0
0
0
0
0
1000
0
0
0
0
0
0
0
0
0
0
0
0
0
541,933
0
0
344,306
1000
402,907
0
0
0
0
294,166
0
61,9972
0
0
0
0
0
0
0
0
0
0
1000
0
0
369,617
0
0
272,212
0
586,302
0
0
0
1000
224,838
0
0
0
0
0
0
737,293
0
0
0
0
0
0
0
140,455
0
0
0
403,367
0
155,761
20,3699
0
122,41
0
0
0
0
320,564
0
0
0
0
311,087
0
182,59
0
0
0
0
0
0
0
0
0
0
0
0
0
0
0
0
0
0
0
0
578,532
0
0
0
1000
0
0
766,863
0
0
0
0
0
0
0
0
0
0
0
0
0
0
0
86,9277
0
0
0
0
0
0
0
0
0
0
0
0
163,515
0
0
0
0
575,329
0
0
0
0
267,113
0
0
0
0
0
0
0
394,82
0
388,057
0
0
0
181,544
0
0
0
0
0
68,2778
752,491
281,422
0
0
28,413
0
0
356,682
404,048
0
0
1000
0
0
0
343,276
0
0
0
0
0
155,816
0
0
0
0
1000
0
0
0
0
0
349,14
0
0
0
0
0
0
0
0
0
0
0
0
0
705,854
0
0
0
0
0
0
236,298
0
0
1000
0
0
0
0
0
1000
0
772,844
0
0
0
0
0
0
0
180,335
0
346,256
0
0
0
0
0
0
0
0
0
235,19
0
0
0
0
0
1000
0
0
0
0
0
0
0
0
365,067
794,08
0
0
0
0
330,96
0
0
0
0
0
0
0
0
0
0
0
0
0
0
0
461,126
0
782,837
0
0
0
0
0
1000
0
0
78,1635
0
0
0
0
1000
0
1000
330,886
0
0
736,079
0
0
1000
0
0
0
0
0
0
0
0
0
0
1000
0
0
756,415
0
0
0
0
0
613,801
0
0
0
0
725,378
0
0
467,645
0
0
0
0
561,644
166,337
0
459,687
0
0
0
0
0
0
511,147
0
0
0
0
0
0
0
0
0
0
1000
0
0
0
0
0
1000
1000
0
0
0
0
403,188
0
1000
184,348
0
0
1000
0
0
0
0
0
766,502
0
0
0
0
0
0
0
0
0
0
0
0
0
0
769,235
13,4108
0
0
0
0
0
619,888
206,457
0
563,958
46,3367
0
0
59,4813
0
0
0
0
0
0
0
0
0
0
0
0
0
0
0
0
0
0
701,423
0
0
0
0
1000
0
0
542,879
0
0
122,632
0
410,355
0
0
0
0
0
0
0
0
0
0
0
0
0
764,421
0
454,381
209,761
0
0
1000
0
0
1000
0
0
0
0
0
0
0
52,7925
0
262,509
0
0
0
593,796
0
251,529
0
0
0
0
0
190,086
240,033
0
0
812,257
0
0
0
0
0
0
0
0
0
0
0
0
366,783
0
0
0
0
1000
0
0
0
0
131,805
0
0
0
0
0
0
0
0
0
0
0
0
1000
0
0
0
0
225,245
0
0
0
1000
0
0
13,6923
0
0
0
0
0
0
52,4465
0
0
0
0
0
0
0
0
0
0
0
739,182
1000
0
0
0
339,215
0
0
0
0
0
0
0
0
0
0
641,2
0
0
0
0
0
0
20,0536
0
0
0
0
0
0
1000
0
0
0
1000
0
0
0
0
0
43,1993
0
0
0
1000
0
303,959
0
0
0
0
0
0
1000
0
0
0
0
325,416
0
0
0
1000
0
0
0
317,723
0
0
443,002
0
0
0
783,138
0
0
0
0
0
0
0
728,589
0
0
0
0
0
0
0
205,475
0
0
673,934
0
0
0
579,773
0
0
726,909
0
0
0
0
0
484,389
0
0
0
0
0
0
0
0
0
802,25
0
0
0
696,259
0
0
0
0
0
0
0
0
0
0
0
0
0
0
0
0
0
0
0
0
0
0
0
0
0
1000
0
0
0
0
0
0
0
0
0
0
0
0
0
0
314,127
0
0
0
0
0
0
50,3184
0
0
0
0
0
162,493
0
184,332
0
0
0
0
0
0
1000
0
0
624,671
0
0
1000
0
0
0
0
0
0
274,736
0
0
751,15
0
0
0
0
0
0
0
0
0
0
0
0
0
0
0
0
0
0
1000
387,097
0
0
0
0
14,7155
0
0
0
0
0
0
0
0
0
0
0
0
0
385,233
0
0
0
0
0
0
0
0
0
530,576
0
0
0
0
0
0
292,099
0
0
0
0
0
312,98
0
0
0
0
0
815,681
0
0
0
0
467,007
0
1000
0
0
0
0
0
0
0
0
0
0
0
0
0
0
0
1000
0
0
0
0
0
136,49
0
0
0
0
0
0
0
0
0
0
0
0
0
0
0
0
0
0
0
0
0
0
0
0
0
0
0
730,863
0
0
0
0
0
0
402,725
0
1000
0
0
0
266,592
0
0
0
0
0
0
0
0
0
0
0
0
0
0
0
0
0
0
0
656,648
0
0
370,562
0
0
0
0
0
0
0
0
0
0
0
0
44,2916
0
0
0
0
0
0
0
0
0
0
0
0
0
0
0
0
0
0
0
1000
0
0
0
0
0
0
0
0
0
0
0
0
0
0
0
1000
0
0
442,408
0
333,854
0
0
0
0
0
0
0
0
0
0
0
0
0
0
0
0
0
0
0
454,214
0
0
0
148,592
0
0
0
0
0
0
516,384
0
0
0
0
0
0
0
0
0
0
0
0
0
0
0
488,499
421,461
197,743
0
0
0
0
0
0
0
0
1000
0
0
0
0
0
0
0
0
0
0
244,624
0
0
0
0
445,782
0
0
0
1000
0
0
0
758,963
0
0
0
0
0
226,764
0
0
0
0
1000
447,892
192,756
0
0
0
397,621
0
1000
0
0
0
0
0
0
397,955
0
0
0
0
0
0
0
0
0
0
0
0
0
0
0
0
770,348
0
0
0
788,308
0
0
0
0
0
0
0
0
0
0
0
0
0
0
140,4
0
0
0
0
0
0
77,9295
0
0
0
0
0
0
0
0
0
782,742
0
0
0
0
0
0
0
0
0
0
0
0
0
545,233
0
131,78
0
0
0
0
0
0
193,452
34,4904
0
1000
0
0
0
0
339,662
0
0
0
0
0
0
0
0
0
0
0
0
0
0
0
0
0
0
196,433
0
0
0
0
0
0
0
124,859
0
0
311,524
0
380,794
0
725,67
1000
348,438
0
443,119
0
0
0
0
1000
0
0
0
0
0
483,692
270,058
0
0
0
0
0
0
0
0
0
0
0
0
166,761
0
196,784
0
0
0
0
0
763,773
325,162
0
0
0
0
0
0
0
0
0
0
0
0
0
0
24,954
0
370,517
0
719,486
0
126,706
0
0
0
0
0
0
0
1000
0
0
0
0
181,951
0
0
0
0
0
0
0
0
1000
0
0
0
0
0
0
511,116
0
0
543,323
0
0
0
0
0
0
0
0
0
0
0
803,14
0
0
0
0
0
0
0
0
0
0
1000
0
0
0
0
0
0
0
0
0
0
0
618,38
960,698
0
0
283,011
0
0
0
0
0
0
154,431
0
0
0
0
0
0
0
0
0
0
706,339
0
0
0
0
0
163,715
171,742
0
1000
0
1000
0
0
0
0
0
0
0
773,465
435,72
0
0
0
0
0
0
0
0
0
794,559
0
0
0
1000
0
0
0
0
0
0
486,324
0
0
0
0
27,8019
0
0
0
705,476
778,244
0
0
0
0
0
0
0
0
0
0
0
0
0
0
0
0
0
0
0
0
0
364,214
0
0
0
0
0
834,481
0
0
0
645,733
0
477,264
0
0
0
85,3759
0
0
0
0
0
391,038
0
0
0
0
0
0
0
0
0
181,926
0
1000
0
0
711,296
0
0
149,295
0
0
0
0
313,503
0
0
0
0
0
0
100,497
0
0
0
0
0
618,461
0
0
0
0
0
0
257,109
0
0
0
412,023
0
0
520,104
0
0
561,444
712,469
0
0
0
234,066
0
0
0
0
371,408
0
0
0
0
0
0
0
0
0
0
0
0
1000
0
0
0
0
603,108
0
0
0
0
0
0
0
0
0
0
0
743,573
0
218,95
0
0
0
0
0
0
0
0
0
0
0
0
0
0
1000
0
0
0
0
0
177,128
0
0
68,9091
0
0
0
404,88
163,574
0
0
470,125
0
232,982
0
37,4317
0
0
763,485
0
0
0
0
0
0
0
0
0
0
0
0
0
0
0
0
0
0
0
0
0
0
0
0
0
0
0
0
0
0
402,455
0
0
0
1000
0
729,352
517,949
0
0
0
0
0
1000
0
0
0
56,3545
0
0
0
0
0
0
0
0
0
0
1000
1000
536,505
0
0
0
102,955
0
0
0
0
0
0
0
0
1000
0
0
0
0
1000
0
0
0
0
0
0
0
0
0
0
0
223,162
0
0
0
477,121
0
0
0
0
0
0
0
796,443
0
0
0
0
0
0
0
0
0
0
1000
0
0
1000
0
0
0
0
0
81,6585
0
0
0
0
0
0
1000
0
0
414,664
0
0
0
0
0
0
0
0
0
0
0
0
13,3518
0
0
0
0
0
0
0
0
0
0
0
0
0
211,296
0
0
183,002
0
0
728,136
0
161,088
0
1000
0
0
0
1000
0
1000
0
0
0
0
0
0
0
0
0
0
0
0
773,839
0
0
0
0
0
0
0
0
0
0
0
785,219
0
0
0
1000
0
0
138,764
0
0
0
0
702,167
1000
0
0
0
0
0
0
0
0
0
0
0
1000
0
0
0
0
0
0
0
0
0
0
0
0
0
0
0
0
1000
0
0
542,652
0
0
0
0
0
0
0
0
376,717
0
0
0
0
0
0
0
0
387,346
0
0
0
0
1000
613,726
0
0
0
0
0
0
0
258,228
0
0
0
0
0
1000
0
0
1000
0
0
0
0
0
0
0
0
0
0
787,634
0
0
0
0
0
0
0
0
0
0
0
0
56,5825
182,117
0
0
0
133,566
886,577
0
0
1000
0
0
484,136
0
0
0
0
0
1000
1000
0
785,238
0
0
750,751
0
0
1000
0
0
0
0
0
0
0
0
424,923
307,862
0
0
253,343
0
0
0
0
0
0
790,921
0
0
0
0
261,566
0
0
0
0
0
0
0
0
0
0
0
0
0
0
0
0
0
0
0
0
0
290,587
0
0
1000
0
0
0
213,328
0
0
0
0
0
0
489,799
0
779,277
0
0
0
1000
0
0
0
0
0
16,6687
0
0
0
0
0
0
0
0
0
0
0
784,043
0
0
0
0
0
0
0
0
230,059
0
1000
0
0
0
0
0
0
0
0
0
0
0
0
0
0
0
0
0
0
0
0
0
0
0
0
0
0
0
0
0
0
66,8751
50,2472
0
229,421
154,141
0
0
0
701,72
0
794,48
0
0
0
61,3938
0
0
541,515
0
0
0
0
282,779
0
0
0
0
0
0
0
294,111
0
0
60,9695
0
0
0
0
0
0
0
0
444,928
0
0
0
0
0
0
0
0
0
0
1000
0
0
0
0
0
0
0
604,64
0
0
0
0
152,66
0
300,707
0
0
0
0
0
0
0
0
0
0
0
0
0
0
0
0
0
1000
0
0
0
0
0
0
0
0
0
0
84,6172
0
0
0
0
458,963
0
0
1000
0
0
0
0
0
0
0
0
0
0
0
0
0
0
0
0
0
0
0
0
129,369
706,618
0
0
0
0
0
0
0
702,915
0
0
0
47,0147
0
0
0
0
0
0
0
0
0
0
0
0
0
0
0
0
0
0
782,773
0
0
0
0
1000
0
0
0
0
0
552,833
0
0
0
0
0
0
0
0
0
0
0
0
0
0
0
0
0
728,552
0
778,968
0
0
0
0
1000
0
0
0
0
0
0
0
0
58,2341
0
1000
0
0
0
0
0
0
116,622
0
0
0
0
0
0
0
0
35,0549
0
0
0
0
0
0
0
0
0
0
0
0
0
0
0
559,213
779,597
0
770,291
692,297
63,1084
0
0
0
0
51,6283
0
0
0
0
614,51
0
0
0
0
0
0
0
0
0
0
606,093
0
0
0
0
0
0
0
0
419,502
0
0
0
0
0
1000
0
0
0
0
0
0
43,244
0
0
0
0
0
0
0
148,438
0
0
0
0
0
0
0
0
0
0
0
0
0
0
0
0
0
1000
0
0
0
0
0
0
0
0
0
0
0
0
1000
0
0
0
0
0
0
0
0
0
779,1
0
0
0
0
1000
101,998
0
0
0
0
0
566,819
0
460,747
0
0
0
0
732,269
0
745,468
0
0
0
0
0
0
0
0
0
0
0
543,209
773,117
0
23,51
0
0
0
0
0
0
0
0
0
0
0
0
0
0
0
0
743,023
0
0
0
706,37
0
0
0
0
1000
0
0
0
0
0
0
571,441
1000
0
0
0
601,611
53,7511
0
0
0
0
0
0
0
0
0
0
0
0
0
0
0
0
0
0
123,659
0
0
0
0
0
0
0
0
0
125,808
0
0
0
0
0
0
1000
0
0
0
1000
0
0
0
0
391,937
0
0
0
0
0
0
0
177,508
0
0
0
0
0
0
0
0
0
0
0
246,348
321,746
354,46
0
0
0
0
0
0
0
481,106
265,248
0
67,9877
0
525,178
0
0
0
0
0
0
0
0
0
1000
0
127,305
629,448
0
0
0
0
0
0
0
0
0
0
0
0
0
0
0
0
0
0
0
0
0
0
0
0
0
0
0
579,137
0
0
0
0
391,863
0
0
0
0
0
0
0
0
0
0
0
0
0
0
610,479
0
0
372,058
0
0
0
0
0
0
0
1000
0
0
51,8357
0
0
0
0
0
